2026-05-23 17:06:12 | INFO | ui_test | 日志初始化完成，运行日志: D:\Projects\workspace\test-practice-collection\03_ui_automation\framework\selenium_login_163music\reports\logs\run_20260523_170612.log
2026-05-23 17:06:12 | INFO | ui_test | 日志初始化完成，最新日志: D:\Projects\workspace\test-practice-collection\03_ui_automation\framework\selenium_login_163music\reports\logs\latest.log
2026-05-23 17:06:12 | INFO | ui_test.framework.selenium_login_163music.conftest | pytest 启动，最新日志文件: D:\Projects\workspace\test-practice-collection\03_ui_automation\framework\selenium_login_163music\reports\logs\latest.log
2026-05-23 17:06:12 | INFO | ui_test.framework.selenium_login_163music.conftest | 开始执行用例: tests/test_163.py::test_login_failure[case0]
2026-05-23 17:06:12 | INFO | ui_test.framework.selenium_login_163music.conftest | 准备启动 EdgeDriver: D:\Projects\workspace\test-practice-collection\03_ui_automation\framework\selenium_login_163music\utils\edgedriver_win64\msedgedriver.exe
2026-05-23 17:06:12 | INFO | ui_test.framework.selenium_login_163music.conftest | 创建独立浏览器环境: D:\Projects\workspace\test-practice-collection\03_ui_automation\framework\selenium_login_163music\.runtime_profiles\profile_1779527172858
2026-05-23 17:06:13 | INFO | ui_test.framework.selenium_login_163music.conftest | Edge 会话已创建: ea97c4ebe3b339457d232fd8f412ab2b
2026-05-23 17:06:17 | INFO | ui_test.pages.login_page | 准备点击步骤: click_login_link, locator=('css selector', '.m-tophead.f-pr.j-tflag a')
2026-05-23 17:06:17 | INFO | ui_test.pages.login_page | 【1】success click_login_link
2026-05-23 17:06:17 | INFO | ui_test.pages.login_page | 等待页面稳定: 2 秒
2026-05-23 17:06:19 | INFO | ui_test.pages.login_page | 开始记录调试信息: after_click_login_link
2026-05-23 17:06:30 | INFO | ui_test.pages.login_page | 页面调试信息[after_click_login_link]: {"agreementLink": null, "bodyHints": {"hasAccountErrorText": false, "hasAgreementText": false, "hasOtherLoginText": true, "hasPasswordLoginText": false, "hasPasswordRequiredText": false, "hasPhoneRegisterText": false, "hasPhoneRequiredText": false, "hasSliderText": false}, "errorTip": null, "loginLink": {"className": "link s-fc3", "display": "block", "height": 17, "id": "", "opacity": "1", "tag": "A", "text": "登录", "visibility": "visible", "width": 28, "x": 1257, "y": 26}, "modalPreview": {"className": "mrc-modal-wrapper mrc-modal-wrapper-center mrc-modal-center", "display": "flex", "height": 732, "id": "", "opacity": "1", "tag": "DIV", "text": "登录 扫码登录 使用 网易云音乐APP 扫码登录 选择其他登录模式 下载客户端，VIP歌曲免费听", "visibility": "visible", "width": 1528, "x": 0, "y": 0}, "otherLink": {"className": "_3xIXD0Q6", "display": "block", "height": 30, "id": "", "opacity": "1", "tag": "A", "text": "选择其他登录模式", "visibility": "visible", "width": 120, "x": 704, "y": 463}, "passwordLink": null, "phoneLink": null, "readyState": "complete", "title": "网易云音乐", "url": "https://music.163.com/"}
2026-05-23 17:06:30 | INFO | ui_test.pages.login_page | 准备点击步骤: click_other_link, locator=('xpath', '//a[contains(text(), "选择其他登录模式")]')
2026-05-23 17:07:00 | INFO | ui_test.pages.login_page | 开始记录调试信息: click_other_link_find_failed
2026-05-23 17:07:30 | ERROR | ui_test.pages.login_page | 记录页面调试信息失败: click_other_link_find_failed
Traceback (most recent call last):
  File "D:\Projects\miniconda3\envs\ui_test\lib\site-packages\urllib3\connectionpool.py", line 534, in _make_request
    response = conn.getresponse()
  File "D:\Projects\miniconda3\envs\ui_test\lib\site-packages\urllib3\connection.py", line 571, in getresponse
    httplib_response = super().getresponse()
  File "D:\Projects\miniconda3\envs\ui_test\lib\http\client.py", line 1395, in getresponse
    response.begin()
  File "D:\Projects\miniconda3\envs\ui_test\lib\http\client.py", line 323, in begin
    version, status, reason = self._read_status()
  File "D:\Projects\miniconda3\envs\ui_test\lib\http\client.py", line 284, in _read_status
    line = str(self.fp.readline(_MAXLINE + 1), "iso-8859-1")
  File "D:\Projects\miniconda3\envs\ui_test\lib\socket.py", line 717, in readinto
    return self._sock.recv_into(b)
TimeoutError: timed out

The above exception was the direct cause of the following exception:

Traceback (most recent call last):
  File "D:\Projects\workspace\test-practice-collection\03_ui_automation\framework\selenium_login_163music\pages\login_page.py", line 154, in safe_click_raw
    element = self.find_element(locator, timeout=timeout)
  File "D:\Projects\workspace\test-practice-collection\03_ui_automation\framework\selenium_login_163music\pages\base_page.py", line 26, in find_element
    return self._build_wait(timeout).until(EC.visibility_of_element_located(locator))
  File "D:\Projects\miniconda3\envs\ui_test\lib\site-packages\selenium\webdriver\support\wait.py", line 112, in until
    value = method(self._driver)
  File "D:\Projects\miniconda3\envs\ui_test\lib\site-packages\selenium\webdriver\support\expected_conditions.py", line 184, in _predicate
    return _element_if_visible(driver.find_element(*locator))
  File "D:\Projects\miniconda3\envs\ui_test\lib\site-packages\selenium\webdriver\remote\webdriver.py", line 823, in find_element
    return self.execute(Command.FIND_ELEMENT, {"using": by, "value": value})["value"]
  File "D:\Projects\miniconda3\envs\ui_test\lib\site-packages\selenium\webdriver\remote\webdriver.py", line 447, in execute
    response = cast(RemoteConnection, self.command_executor).execute(driver_command, params)
  File "D:\Projects\miniconda3\envs\ui_test\lib\site-packages\selenium\webdriver\remote\remote_connection.py", line 407, in execute
    return self._request(command_info[0], url, body=data)
  File "D:\Projects\miniconda3\envs\ui_test\lib\site-packages\selenium\webdriver\remote\remote_connection.py", line 431, in _request
    response = self._conn.request(method, url, body=body, headers=headers, timeout=self._client_config.timeout)
  File "D:\Projects\miniconda3\envs\ui_test\lib\site-packages\urllib3\_request_methods.py", line 143, in request
    return self.request_encode_body(
  File "D:\Projects\miniconda3\envs\ui_test\lib\site-packages\urllib3\_request_methods.py", line 278, in request_encode_body
    return self.urlopen(method, url, **extra_kw)
  File "D:\Projects\miniconda3\envs\ui_test\lib\site-packages\urllib3\poolmanager.py", line 457, in urlopen
    response = conn.urlopen(method, u.request_uri, **kw)
  File "D:\Projects\miniconda3\envs\ui_test\lib\site-packages\urllib3\connectionpool.py", line 841, in urlopen
    retries = retries.increment(
  File "D:\Projects\miniconda3\envs\ui_test\lib\site-packages\urllib3\util\retry.py", line 490, in increment
    raise reraise(type(error), error, _stacktrace)
  File "D:\Projects\miniconda3\envs\ui_test\lib\site-packages\urllib3\util\util.py", line 39, in reraise
    raise value
  File "D:\Projects\miniconda3\envs\ui_test\lib\site-packages\urllib3\connectionpool.py", line 787, in urlopen
    response = self._make_request(
  File "D:\Projects\miniconda3\envs\ui_test\lib\site-packages\urllib3\connectionpool.py", line 536, in _make_request
    self._raise_timeout(err=e, url=url, timeout_value=read_timeout)
  File "D:\Projects\miniconda3\envs\ui_test\lib\site-packages\urllib3\connectionpool.py", line 367, in _raise_timeout
    raise ReadTimeoutError(
urllib3.exceptions.ReadTimeoutError: HTTPConnectionPool(host='localhost', port=63694): Read timed out. (read timeout=30)

During handling of the above exception, another exception occurred:

Traceback (most recent call last):
  File "D:\Projects\miniconda3\envs\ui_test\lib\site-packages\urllib3\connectionpool.py", line 534, in _make_request
    response = conn.getresponse()
  File "D:\Projects\miniconda3\envs\ui_test\lib\site-packages\urllib3\connection.py", line 571, in getresponse
    httplib_response = super().getresponse()
  File "D:\Projects\miniconda3\envs\ui_test\lib\http\client.py", line 1395, in getresponse
    response.begin()
  File "D:\Projects\miniconda3\envs\ui_test\lib\http\client.py", line 323, in begin
    version, status, reason = self._read_status()
  File "D:\Projects\miniconda3\envs\ui_test\lib\http\client.py", line 284, in _read_status
    line = str(self.fp.readline(_MAXLINE + 1), "iso-8859-1")
  File "D:\Projects\miniconda3\envs\ui_test\lib\socket.py", line 717, in readinto
    return self._sock.recv_into(b)
TimeoutError: timed out

The above exception was the direct cause of the following exception:

Traceback (most recent call last):
  File "D:\Projects\workspace\test-practice-collection\03_ui_automation\framework\selenium_login_163music\pages\login_page.py", line 54, in debug_page_state
    state = self.driver.execute_script(
  File "D:\Projects\miniconda3\envs\ui_test\lib\site-packages\selenium\webdriver\remote\webdriver.py", line 536, in execute_script
    return self.execute(command, {"script": script, "args": converted_args})["value"]
  File "D:\Projects\miniconda3\envs\ui_test\lib\site-packages\selenium\webdriver\remote\webdriver.py", line 447, in execute
    response = cast(RemoteConnection, self.command_executor).execute(driver_command, params)
  File "D:\Projects\miniconda3\envs\ui_test\lib\site-packages\selenium\webdriver\remote\remote_connection.py", line 407, in execute
    return self._request(command_info[0], url, body=data)
  File "D:\Projects\miniconda3\envs\ui_test\lib\site-packages\selenium\webdriver\remote\remote_connection.py", line 431, in _request
    response = self._conn.request(method, url, body=body, headers=headers, timeout=self._client_config.timeout)
  File "D:\Projects\miniconda3\envs\ui_test\lib\site-packages\urllib3\_request_methods.py", line 143, in request
    return self.request_encode_body(
  File "D:\Projects\miniconda3\envs\ui_test\lib\site-packages\urllib3\_request_methods.py", line 278, in request_encode_body
    return self.urlopen(method, url, **extra_kw)
  File "D:\Projects\miniconda3\envs\ui_test\lib\site-packages\urllib3\poolmanager.py", line 457, in urlopen
    response = conn.urlopen(method, u.request_uri, **kw)
  File "D:\Projects\miniconda3\envs\ui_test\lib\site-packages\urllib3\connectionpool.py", line 841, in urlopen
    retries = retries.increment(
  File "D:\Projects\miniconda3\envs\ui_test\lib\site-packages\urllib3\util\retry.py", line 490, in increment
    raise reraise(type(error), error, _stacktrace)
  File "D:\Projects\miniconda3\envs\ui_test\lib\site-packages\urllib3\util\util.py", line 39, in reraise
    raise value
  File "D:\Projects\miniconda3\envs\ui_test\lib\site-packages\urllib3\connectionpool.py", line 787, in urlopen
    response = self._make_request(
  File "D:\Projects\miniconda3\envs\ui_test\lib\site-packages\urllib3\connectionpool.py", line 536, in _make_request
    self._raise_timeout(err=e, url=url, timeout_value=read_timeout)
  File "D:\Projects\miniconda3\envs\ui_test\lib\site-packages\urllib3\connectionpool.py", line 367, in _raise_timeout
    raise ReadTimeoutError(
urllib3.exceptions.ReadTimeoutError: HTTPConnectionPool(host='localhost', port=63694): Read timed out. (read timeout=30)
2026-05-23 17:09:30 | ERROR | ui_test.pages.login_page | 保存调试截图失败: click_other_link_find_failed
Traceback (most recent call last):
  File "D:\Projects\miniconda3\envs\ui_test\lib\site-packages\urllib3\connectionpool.py", line 534, in _make_request
    response = conn.getresponse()
  File "D:\Projects\miniconda3\envs\ui_test\lib\site-packages\urllib3\connection.py", line 571, in getresponse
    httplib_response = super().getresponse()
  File "D:\Projects\miniconda3\envs\ui_test\lib\http\client.py", line 1395, in getresponse
    response.begin()
  File "D:\Projects\miniconda3\envs\ui_test\lib\http\client.py", line 323, in begin
    version, status, reason = self._read_status()
  File "D:\Projects\miniconda3\envs\ui_test\lib\http\client.py", line 284, in _read_status
    line = str(self.fp.readline(_MAXLINE + 1), "iso-8859-1")
  File "D:\Projects\miniconda3\envs\ui_test\lib\socket.py", line 717, in readinto
    return self._sock.recv_into(b)
TimeoutError: timed out

The above exception was the direct cause of the following exception:

Traceback (most recent call last):
  File "D:\Projects\workspace\test-practice-collection\03_ui_automation\framework\selenium_login_163music\pages\login_page.py", line 154, in safe_click_raw
    element = self.find_element(locator, timeout=timeout)
  File "D:\Projects\workspace\test-practice-collection\03_ui_automation\framework\selenium_login_163music\pages\base_page.py", line 26, in find_element
    return self._build_wait(timeout).until(EC.visibility_of_element_located(locator))
  File "D:\Projects\miniconda3\envs\ui_test\lib\site-packages\selenium\webdriver\support\wait.py", line 112, in until
    value = method(self._driver)
  File "D:\Projects\miniconda3\envs\ui_test\lib\site-packages\selenium\webdriver\support\expected_conditions.py", line 184, in _predicate
    return _element_if_visible(driver.find_element(*locator))
  File "D:\Projects\miniconda3\envs\ui_test\lib\site-packages\selenium\webdriver\remote\webdriver.py", line 823, in find_element
    return self.execute(Command.FIND_ELEMENT, {"using": by, "value": value})["value"]
  File "D:\Projects\miniconda3\envs\ui_test\lib\site-packages\selenium\webdriver\remote\webdriver.py", line 447, in execute
    response = cast(RemoteConnection, self.command_executor).execute(driver_command, params)
  File "D:\Projects\miniconda3\envs\ui_test\lib\site-packages\selenium\webdriver\remote\remote_connection.py", line 407, in execute
    return self._request(command_info[0], url, body=data)
  File "D:\Projects\miniconda3\envs\ui_test\lib\site-packages\selenium\webdriver\remote\remote_connection.py", line 431, in _request
    response = self._conn.request(method, url, body=body, headers=headers, timeout=self._client_config.timeout)
  File "D:\Projects\miniconda3\envs\ui_test\lib\site-packages\urllib3\_request_methods.py", line 143, in request
    return self.request_encode_body(
  File "D:\Projects\miniconda3\envs\ui_test\lib\site-packages\urllib3\_request_methods.py", line 278, in request_encode_body
    return self.urlopen(method, url, **extra_kw)
  File "D:\Projects\miniconda3\envs\ui_test\lib\site-packages\urllib3\poolmanager.py", line 457, in urlopen
    response = conn.urlopen(method, u.request_uri, **kw)
  File "D:\Projects\miniconda3\envs\ui_test\lib\site-packages\urllib3\connectionpool.py", line 841, in urlopen
    retries = retries.increment(
  File "D:\Projects\miniconda3\envs\ui_test\lib\site-packages\urllib3\util\retry.py", line 490, in increment
    raise reraise(type(error), error, _stacktrace)
  File "D:\Projects\miniconda3\envs\ui_test\lib\site-packages\urllib3\util\util.py", line 39, in reraise
    raise value
  File "D:\Projects\miniconda3\envs\ui_test\lib\site-packages\urllib3\connectionpool.py", line 787, in urlopen
    response = self._make_request(
  File "D:\Projects\miniconda3\envs\ui_test\lib\site-packages\urllib3\connectionpool.py", line 536, in _make_request
    self._raise_timeout(err=e, url=url, timeout_value=read_timeout)
  File "D:\Projects\miniconda3\envs\ui_test\lib\site-packages\urllib3\connectionpool.py", line 367, in _raise_timeout
    raise ReadTimeoutError(
urllib3.exceptions.ReadTimeoutError: HTTPConnectionPool(host='localhost', port=63694): Read timed out. (read timeout=30)

During handling of the above exception, another exception occurred:

Traceback (most recent call last):
  File "D:\Projects\miniconda3\envs\ui_test\lib\site-packages\urllib3\connectionpool.py", line 534, in _make_request
    response = conn.getresponse()
  File "D:\Projects\miniconda3\envs\ui_test\lib\site-packages\urllib3\connection.py", line 571, in getresponse
    httplib_response = super().getresponse()
  File "D:\Projects\miniconda3\envs\ui_test\lib\http\client.py", line 1395, in getresponse
    response.begin()
  File "D:\Projects\miniconda3\envs\ui_test\lib\http\client.py", line 323, in begin
    version, status, reason = self._read_status()
  File "D:\Projects\miniconda3\envs\ui_test\lib\http\client.py", line 284, in _read_status
    line = str(self.fp.readline(_MAXLINE + 1), "iso-8859-1")
  File "D:\Projects\miniconda3\envs\ui_test\lib\socket.py", line 717, in readinto
    return self._sock.recv_into(b)
TimeoutError: timed out

The above exception was the direct cause of the following exception:

Traceback (most recent call last):
  File "D:\Projects\miniconda3\envs\ui_test\lib\site-packages\urllib3\connectionpool.py", line 787, in urlopen
    response = self._make_request(
  File "D:\Projects\miniconda3\envs\ui_test\lib\site-packages\urllib3\connectionpool.py", line 536, in _make_request
    self._raise_timeout(err=e, url=url, timeout_value=read_timeout)
  File "D:\Projects\miniconda3\envs\ui_test\lib\site-packages\urllib3\connectionpool.py", line 367, in _raise_timeout
    raise ReadTimeoutError(
urllib3.exceptions.ReadTimeoutError: HTTPConnectionPool(host='localhost', port=63694): Read timed out. (read timeout=30)

The above exception was the direct cause of the following exception:

Traceback (most recent call last):
  File "D:\Projects\workspace\test-practice-collection\03_ui_automation\framework\selenium_login_163music\pages\login_page.py", line 134, in debug_page_state
    screenshot_path = self.take_screenshot(f"debug_{tag}")
  File "D:\Projects\workspace\test-practice-collection\03_ui_automation\framework\selenium_login_163music\pages\base_page.py", line 66, in take_screenshot
    screenshot_path = save_driver_screenshot(self.driver, name)
  File "D:\Projects\workspace\test-practice-collection\03_ui_automation\framework\selenium_login_163music\utils\log_helper.py", line 68, in save_driver_screenshot
    if driver.save_screenshot(str(screenshot_path)):
  File "D:\Projects\miniconda3\envs\ui_test\lib\site-packages\selenium\webdriver\remote\webdriver.py", line 903, in save_screenshot
    return self.get_screenshot_as_file(filename)
  File "D:\Projects\miniconda3\envs\ui_test\lib\site-packages\selenium\webdriver\remote\webdriver.py", line 880, in get_screenshot_as_file
    png = self.get_screenshot_as_png()
  File "D:\Projects\miniconda3\envs\ui_test\lib\site-packages\selenium\webdriver\remote\webdriver.py", line 911, in get_screenshot_as_png
    return b64decode(self.get_screenshot_as_base64().encode("ascii"))
  File "D:\Projects\miniconda3\envs\ui_test\lib\site-packages\selenium\webdriver\remote\webdriver.py", line 921, in get_screenshot_as_base64
    return self.execute(Command.SCREENSHOT)["value"]
  File "D:\Projects\miniconda3\envs\ui_test\lib\site-packages\selenium\webdriver\remote\webdriver.py", line 447, in execute
    response = cast(RemoteConnection, self.command_executor).execute(driver_command, params)
  File "D:\Projects\miniconda3\envs\ui_test\lib\site-packages\selenium\webdriver\remote\remote_connection.py", line 407, in execute
    return self._request(command_info[0], url, body=data)
  File "D:\Projects\miniconda3\envs\ui_test\lib\site-packages\selenium\webdriver\remote\remote_connection.py", line 431, in _request
    response = self._conn.request(method, url, body=body, headers=headers, timeout=self._client_config.timeout)
  File "D:\Projects\miniconda3\envs\ui_test\lib\site-packages\urllib3\_request_methods.py", line 135, in request
    return self.request_encode_url(
  File "D:\Projects\miniconda3\envs\ui_test\lib\site-packages\urllib3\_request_methods.py", line 182, in request_encode_url
    return self.urlopen(method, url, **extra_kw)
  File "D:\Projects\miniconda3\envs\ui_test\lib\site-packages\urllib3\poolmanager.py", line 457, in urlopen
    response = conn.urlopen(method, u.request_uri, **kw)
  File "D:\Projects\miniconda3\envs\ui_test\lib\site-packages\urllib3\connectionpool.py", line 871, in urlopen
    return self.urlopen(
  File "D:\Projects\miniconda3\envs\ui_test\lib\site-packages\urllib3\connectionpool.py", line 871, in urlopen
    return self.urlopen(
  File "D:\Projects\miniconda3\envs\ui_test\lib\site-packages\urllib3\connectionpool.py", line 871, in urlopen
    return self.urlopen(
  File "D:\Projects\miniconda3\envs\ui_test\lib\site-packages\urllib3\connectionpool.py", line 841, in urlopen
    retries = retries.increment(
  File "D:\Projects\miniconda3\envs\ui_test\lib\site-packages\urllib3\util\retry.py", line 535, in increment
    raise MaxRetryError(_pool, url, reason) from reason  # type: ignore[arg-type]
urllib3.exceptions.MaxRetryError: HTTPConnectionPool(host='localhost', port=63694): Max retries exceeded with url: /session/ea97c4ebe3b339457d232fd8f412ab2b/screenshot (Caused by ReadTimeoutError("HTTPConnectionPool(host='localhost', port=63694): Read timed out. (read timeout=30)"))
2026-05-23 17:09:30 | ERROR | ui_test.pages.login_page | 登录流程执行失败，失败步骤: click_other_link
Traceback (most recent call last):
  File "D:\Projects\miniconda3\envs\ui_test\lib\site-packages\urllib3\connectionpool.py", line 534, in _make_request
    response = conn.getresponse()
  File "D:\Projects\miniconda3\envs\ui_test\lib\site-packages\urllib3\connection.py", line 571, in getresponse
    httplib_response = super().getresponse()
  File "D:\Projects\miniconda3\envs\ui_test\lib\http\client.py", line 1395, in getresponse
    response.begin()
  File "D:\Projects\miniconda3\envs\ui_test\lib\http\client.py", line 323, in begin
    version, status, reason = self._read_status()
  File "D:\Projects\miniconda3\envs\ui_test\lib\http\client.py", line 284, in _read_status
    line = str(self.fp.readline(_MAXLINE + 1), "iso-8859-1")
  File "D:\Projects\miniconda3\envs\ui_test\lib\socket.py", line 717, in readinto
    return self._sock.recv_into(b)
TimeoutError: timed out

The above exception was the direct cause of the following exception:

Traceback (most recent call last):
  File "D:\Projects\workspace\test-practice-collection\03_ui_automation\framework\selenium_login_163music\pages\login_page.py", line 239, in login
    self.click_other_link()
  File "D:\Projects\workspace\test-practice-collection\03_ui_automation\framework\selenium_login_163music\pages\login_page.py", line 193, in click_other_link
    self.safe_click_raw(self.OTHER_LINK, step_name="click_other_link")
  File "D:\Projects\workspace\test-practice-collection\03_ui_automation\framework\selenium_login_163music\pages\login_page.py", line 154, in safe_click_raw
    element = self.find_element(locator, timeout=timeout)
  File "D:\Projects\workspace\test-practice-collection\03_ui_automation\framework\selenium_login_163music\pages\base_page.py", line 26, in find_element
    return self._build_wait(timeout).until(EC.visibility_of_element_located(locator))
  File "D:\Projects\miniconda3\envs\ui_test\lib\site-packages\selenium\webdriver\support\wait.py", line 112, in until
    value = method(self._driver)
  File "D:\Projects\miniconda3\envs\ui_test\lib\site-packages\selenium\webdriver\support\expected_conditions.py", line 184, in _predicate
    return _element_if_visible(driver.find_element(*locator))
  File "D:\Projects\miniconda3\envs\ui_test\lib\site-packages\selenium\webdriver\remote\webdriver.py", line 823, in find_element
    return self.execute(Command.FIND_ELEMENT, {"using": by, "value": value})["value"]
  File "D:\Projects\miniconda3\envs\ui_test\lib\site-packages\selenium\webdriver\remote\webdriver.py", line 447, in execute
    response = cast(RemoteConnection, self.command_executor).execute(driver_command, params)
  File "D:\Projects\miniconda3\envs\ui_test\lib\site-packages\selenium\webdriver\remote\remote_connection.py", line 407, in execute
    return self._request(command_info[0], url, body=data)
  File "D:\Projects\miniconda3\envs\ui_test\lib\site-packages\selenium\webdriver\remote\remote_connection.py", line 431, in _request
    response = self._conn.request(method, url, body=body, headers=headers, timeout=self._client_config.timeout)
  File "D:\Projects\miniconda3\envs\ui_test\lib\site-packages\urllib3\_request_methods.py", line 143, in request
    return self.request_encode_body(
  File "D:\Projects\miniconda3\envs\ui_test\lib\site-packages\urllib3\_request_methods.py", line 278, in request_encode_body
    return self.urlopen(method, url, **extra_kw)
  File "D:\Projects\miniconda3\envs\ui_test\lib\site-packages\urllib3\poolmanager.py", line 457, in urlopen
    response = conn.urlopen(method, u.request_uri, **kw)
  File "D:\Projects\miniconda3\envs\ui_test\lib\site-packages\urllib3\connectionpool.py", line 841, in urlopen
    retries = retries.increment(
  File "D:\Projects\miniconda3\envs\ui_test\lib\site-packages\urllib3\util\retry.py", line 490, in increment
    raise reraise(type(error), error, _stacktrace)
  File "D:\Projects\miniconda3\envs\ui_test\lib\site-packages\urllib3\util\util.py", line 39, in reraise
    raise value
  File "D:\Projects\miniconda3\envs\ui_test\lib\site-packages\urllib3\connectionpool.py", line 787, in urlopen
    response = self._make_request(
  File "D:\Projects\miniconda3\envs\ui_test\lib\site-packages\urllib3\connectionpool.py", line 536, in _make_request
    self._raise_timeout(err=e, url=url, timeout_value=read_timeout)
  File "D:\Projects\miniconda3\envs\ui_test\lib\site-packages\urllib3\connectionpool.py", line 367, in _raise_timeout
    raise ReadTimeoutError(
urllib3.exceptions.ReadTimeoutError: HTTPConnectionPool(host='localhost', port=63694): Read timed out. (read timeout=30)
2026-05-23 17:09:30 | INFO | ui_test.pages.login_page | 开始记录调试信息: login_exception_click_other_link
2026-05-23 17:10:00 | ERROR | ui_test.pages.login_page | 记录页面调试信息失败: login_exception_click_other_link
Traceback (most recent call last):
  File "D:\Projects\miniconda3\envs\ui_test\lib\site-packages\urllib3\connectionpool.py", line 534, in _make_request
    response = conn.getresponse()
  File "D:\Projects\miniconda3\envs\ui_test\lib\site-packages\urllib3\connection.py", line 571, in getresponse
    httplib_response = super().getresponse()
  File "D:\Projects\miniconda3\envs\ui_test\lib\http\client.py", line 1395, in getresponse
    response.begin()
  File "D:\Projects\miniconda3\envs\ui_test\lib\http\client.py", line 323, in begin
    version, status, reason = self._read_status()
  File "D:\Projects\miniconda3\envs\ui_test\lib\http\client.py", line 284, in _read_status
    line = str(self.fp.readline(_MAXLINE + 1), "iso-8859-1")
  File "D:\Projects\miniconda3\envs\ui_test\lib\socket.py", line 717, in readinto
    return self._sock.recv_into(b)
TimeoutError: timed out

The above exception was the direct cause of the following exception:

Traceback (most recent call last):
  File "D:\Projects\workspace\test-practice-collection\03_ui_automation\framework\selenium_login_163music\pages\login_page.py", line 239, in login
    self.click_other_link()
  File "D:\Projects\workspace\test-practice-collection\03_ui_automation\framework\selenium_login_163music\pages\login_page.py", line 193, in click_other_link
    self.safe_click_raw(self.OTHER_LINK, step_name="click_other_link")
  File "D:\Projects\workspace\test-practice-collection\03_ui_automation\framework\selenium_login_163music\pages\login_page.py", line 154, in safe_click_raw
    element = self.find_element(locator, timeout=timeout)
  File "D:\Projects\workspace\test-practice-collection\03_ui_automation\framework\selenium_login_163music\pages\base_page.py", line 26, in find_element
    return self._build_wait(timeout).until(EC.visibility_of_element_located(locator))
  File "D:\Projects\miniconda3\envs\ui_test\lib\site-packages\selenium\webdriver\support\wait.py", line 112, in until
    value = method(self._driver)
  File "D:\Projects\miniconda3\envs\ui_test\lib\site-packages\selenium\webdriver\support\expected_conditions.py", line 184, in _predicate
    return _element_if_visible(driver.find_element(*locator))
  File "D:\Projects\miniconda3\envs\ui_test\lib\site-packages\selenium\webdriver\remote\webdriver.py", line 823, in find_element
    return self.execute(Command.FIND_ELEMENT, {"using": by, "value": value})["value"]
  File "D:\Projects\miniconda3\envs\ui_test\lib\site-packages\selenium\webdriver\remote\webdriver.py", line 447, in execute
    response = cast(RemoteConnection, self.command_executor).execute(driver_command, params)
  File "D:\Projects\miniconda3\envs\ui_test\lib\site-packages\selenium\webdriver\remote\remote_connection.py", line 407, in execute
    return self._request(command_info[0], url, body=data)
  File "D:\Projects\miniconda3\envs\ui_test\lib\site-packages\selenium\webdriver\remote\remote_connection.py", line 431, in _request
    response = self._conn.request(method, url, body=body, headers=headers, timeout=self._client_config.timeout)
  File "D:\Projects\miniconda3\envs\ui_test\lib\site-packages\urllib3\_request_methods.py", line 143, in request
    return self.request_encode_body(
  File "D:\Projects\miniconda3\envs\ui_test\lib\site-packages\urllib3\_request_methods.py", line 278, in request_encode_body
    return self.urlopen(method, url, **extra_kw)
  File "D:\Projects\miniconda3\envs\ui_test\lib\site-packages\urllib3\poolmanager.py", line 457, in urlopen
    response = conn.urlopen(method, u.request_uri, **kw)
  File "D:\Projects\miniconda3\envs\ui_test\lib\site-packages\urllib3\connectionpool.py", line 841, in urlopen
    retries = retries.increment(
  File "D:\Projects\miniconda3\envs\ui_test\lib\site-packages\urllib3\util\retry.py", line 490, in increment
    raise reraise(type(error), error, _stacktrace)
  File "D:\Projects\miniconda3\envs\ui_test\lib\site-packages\urllib3\util\util.py", line 39, in reraise
    raise value
  File "D:\Projects\miniconda3\envs\ui_test\lib\site-packages\urllib3\connectionpool.py", line 787, in urlopen
    response = self._make_request(
  File "D:\Projects\miniconda3\envs\ui_test\lib\site-packages\urllib3\connectionpool.py", line 536, in _make_request
    self._raise_timeout(err=e, url=url, timeout_value=read_timeout)
  File "D:\Projects\miniconda3\envs\ui_test\lib\site-packages\urllib3\connectionpool.py", line 367, in _raise_timeout
    raise ReadTimeoutError(
urllib3.exceptions.ReadTimeoutError: HTTPConnectionPool(host='localhost', port=63694): Read timed out. (read timeout=30)

During handling of the above exception, another exception occurred:

Traceback (most recent call last):
  File "D:\Projects\miniconda3\envs\ui_test\lib\site-packages\urllib3\connectionpool.py", line 534, in _make_request
    response = conn.getresponse()
  File "D:\Projects\miniconda3\envs\ui_test\lib\site-packages\urllib3\connection.py", line 571, in getresponse
    httplib_response = super().getresponse()
  File "D:\Projects\miniconda3\envs\ui_test\lib\http\client.py", line 1395, in getresponse
    response.begin()
  File "D:\Projects\miniconda3\envs\ui_test\lib\http\client.py", line 323, in begin
    version, status, reason = self._read_status()
  File "D:\Projects\miniconda3\envs\ui_test\lib\http\client.py", line 284, in _read_status
    line = str(self.fp.readline(_MAXLINE + 1), "iso-8859-1")
  File "D:\Projects\miniconda3\envs\ui_test\lib\socket.py", line 717, in readinto
    return self._sock.recv_into(b)
TimeoutError: timed out

The above exception was the direct cause of the following exception:

Traceback (most recent call last):
  File "D:\Projects\workspace\test-practice-collection\03_ui_automation\framework\selenium_login_163music\pages\login_page.py", line 54, in debug_page_state
    state = self.driver.execute_script(
  File "D:\Projects\miniconda3\envs\ui_test\lib\site-packages\selenium\webdriver\remote\webdriver.py", line 536, in execute_script
    return self.execute(command, {"script": script, "args": converted_args})["value"]
  File "D:\Projects\miniconda3\envs\ui_test\lib\site-packages\selenium\webdriver\remote\webdriver.py", line 447, in execute
    response = cast(RemoteConnection, self.command_executor).execute(driver_command, params)
  File "D:\Projects\miniconda3\envs\ui_test\lib\site-packages\selenium\webdriver\remote\remote_connection.py", line 407, in execute
    return self._request(command_info[0], url, body=data)
  File "D:\Projects\miniconda3\envs\ui_test\lib\site-packages\selenium\webdriver\remote\remote_connection.py", line 431, in _request
    response = self._conn.request(method, url, body=body, headers=headers, timeout=self._client_config.timeout)
  File "D:\Projects\miniconda3\envs\ui_test\lib\site-packages\urllib3\_request_methods.py", line 143, in request
    return self.request_encode_body(
  File "D:\Projects\miniconda3\envs\ui_test\lib\site-packages\urllib3\_request_methods.py", line 278, in request_encode_body
    return self.urlopen(method, url, **extra_kw)
  File "D:\Projects\miniconda3\envs\ui_test\lib\site-packages\urllib3\poolmanager.py", line 457, in urlopen
    response = conn.urlopen(method, u.request_uri, **kw)
  File "D:\Projects\miniconda3\envs\ui_test\lib\site-packages\urllib3\connectionpool.py", line 841, in urlopen
    retries = retries.increment(
  File "D:\Projects\miniconda3\envs\ui_test\lib\site-packages\urllib3\util\retry.py", line 490, in increment
    raise reraise(type(error), error, _stacktrace)
  File "D:\Projects\miniconda3\envs\ui_test\lib\site-packages\urllib3\util\util.py", line 39, in reraise
    raise value
  File "D:\Projects\miniconda3\envs\ui_test\lib\site-packages\urllib3\connectionpool.py", line 787, in urlopen
    response = self._make_request(
  File "D:\Projects\miniconda3\envs\ui_test\lib\site-packages\urllib3\connectionpool.py", line 536, in _make_request
    self._raise_timeout(err=e, url=url, timeout_value=read_timeout)
  File "D:\Projects\miniconda3\envs\ui_test\lib\site-packages\urllib3\connectionpool.py", line 367, in _raise_timeout
    raise ReadTimeoutError(
urllib3.exceptions.ReadTimeoutError: HTTPConnectionPool(host='localhost', port=63694): Read timed out. (read timeout=30)
2026-05-23 17:12:00 | ERROR | ui_test.pages.login_page | 保存调试截图失败: login_exception_click_other_link
Traceback (most recent call last):
  File "D:\Projects\miniconda3\envs\ui_test\lib\site-packages\urllib3\connectionpool.py", line 534, in _make_request
    response = conn.getresponse()
  File "D:\Projects\miniconda3\envs\ui_test\lib\site-packages\urllib3\connection.py", line 571, in getresponse
    httplib_response = super().getresponse()
  File "D:\Projects\miniconda3\envs\ui_test\lib\http\client.py", line 1395, in getresponse
    response.begin()
  File "D:\Projects\miniconda3\envs\ui_test\lib\http\client.py", line 323, in begin
    version, status, reason = self._read_status()
  File "D:\Projects\miniconda3\envs\ui_test\lib\http\client.py", line 284, in _read_status
    line = str(self.fp.readline(_MAXLINE + 1), "iso-8859-1")
  File "D:\Projects\miniconda3\envs\ui_test\lib\socket.py", line 717, in readinto
    return self._sock.recv_into(b)
TimeoutError: timed out

The above exception was the direct cause of the following exception:

Traceback (most recent call last):
  File "D:\Projects\workspace\test-practice-collection\03_ui_automation\framework\selenium_login_163music\pages\login_page.py", line 239, in login
    self.click_other_link()
  File "D:\Projects\workspace\test-practice-collection\03_ui_automation\framework\selenium_login_163music\pages\login_page.py", line 193, in click_other_link
    self.safe_click_raw(self.OTHER_LINK, step_name="click_other_link")
  File "D:\Projects\workspace\test-practice-collection\03_ui_automation\framework\selenium_login_163music\pages\login_page.py", line 154, in safe_click_raw
    element = self.find_element(locator, timeout=timeout)
  File "D:\Projects\workspace\test-practice-collection\03_ui_automation\framework\selenium_login_163music\pages\base_page.py", line 26, in find_element
    return self._build_wait(timeout).until(EC.visibility_of_element_located(locator))
  File "D:\Projects\miniconda3\envs\ui_test\lib\site-packages\selenium\webdriver\support\wait.py", line 112, in until
    value = method(self._driver)
  File "D:\Projects\miniconda3\envs\ui_test\lib\site-packages\selenium\webdriver\support\expected_conditions.py", line 184, in _predicate
    return _element_if_visible(driver.find_element(*locator))
  File "D:\Projects\miniconda3\envs\ui_test\lib\site-packages\selenium\webdriver\remote\webdriver.py", line 823, in find_element
    return self.execute(Command.FIND_ELEMENT, {"using": by, "value": value})["value"]
  File "D:\Projects\miniconda3\envs\ui_test\lib\site-packages\selenium\webdriver\remote\webdriver.py", line 447, in execute
    response = cast(RemoteConnection, self.command_executor).execute(driver_command, params)
  File "D:\Projects\miniconda3\envs\ui_test\lib\site-packages\selenium\webdriver\remote\remote_connection.py", line 407, in execute
    return self._request(command_info[0], url, body=data)
  File "D:\Projects\miniconda3\envs\ui_test\lib\site-packages\selenium\webdriver\remote\remote_connection.py", line 431, in _request
    response = self._conn.request(method, url, body=body, headers=headers, timeout=self._client_config.timeout)
  File "D:\Projects\miniconda3\envs\ui_test\lib\site-packages\urllib3\_request_methods.py", line 143, in request
    return self.request_encode_body(
  File "D:\Projects\miniconda3\envs\ui_test\lib\site-packages\urllib3\_request_methods.py", line 278, in request_encode_body
    return self.urlopen(method, url, **extra_kw)
  File "D:\Projects\miniconda3\envs\ui_test\lib\site-packages\urllib3\poolmanager.py", line 457, in urlopen
    response = conn.urlopen(method, u.request_uri, **kw)
  File "D:\Projects\miniconda3\envs\ui_test\lib\site-packages\urllib3\connectionpool.py", line 841, in urlopen
    retries = retries.increment(
  File "D:\Projects\miniconda3\envs\ui_test\lib\site-packages\urllib3\util\retry.py", line 490, in increment
    raise reraise(type(error), error, _stacktrace)
  File "D:\Projects\miniconda3\envs\ui_test\lib\site-packages\urllib3\util\util.py", line 39, in reraise
    raise value
  File "D:\Projects\miniconda3\envs\ui_test\lib\site-packages\urllib3\connectionpool.py", line 787, in urlopen
    response = self._make_request(
  File "D:\Projects\miniconda3\envs\ui_test\lib\site-packages\urllib3\connectionpool.py", line 536, in _make_request
    self._raise_timeout(err=e, url=url, timeout_value=read_timeout)
  File "D:\Projects\miniconda3\envs\ui_test\lib\site-packages\urllib3\connectionpool.py", line 367, in _raise_timeout
    raise ReadTimeoutError(
urllib3.exceptions.ReadTimeoutError: HTTPConnectionPool(host='localhost', port=63694): Read timed out. (read timeout=30)

During handling of the above exception, another exception occurred:

Traceback (most recent call last):
  File "D:\Projects\miniconda3\envs\ui_test\lib\site-packages\urllib3\connectionpool.py", line 534, in _make_request
    response = conn.getresponse()
  File "D:\Projects\miniconda3\envs\ui_test\lib\site-packages\urllib3\connection.py", line 571, in getresponse
    httplib_response = super().getresponse()
  File "D:\Projects\miniconda3\envs\ui_test\lib\http\client.py", line 1395, in getresponse
    response.begin()
  File "D:\Projects\miniconda3\envs\ui_test\lib\http\client.py", line 323, in begin
    version, status, reason = self._read_status()
  File "D:\Projects\miniconda3\envs\ui_test\lib\http\client.py", line 284, in _read_status
    line = str(self.fp.readline(_MAXLINE + 1), "iso-8859-1")
  File "D:\Projects\miniconda3\envs\ui_test\lib\socket.py", line 717, in readinto
    return self._sock.recv_into(b)
TimeoutError: timed out

The above exception was the direct cause of the following exception:

Traceback (most recent call last):
  File "D:\Projects\miniconda3\envs\ui_test\lib\site-packages\urllib3\connectionpool.py", line 787, in urlopen
    response = self._make_request(
  File "D:\Projects\miniconda3\envs\ui_test\lib\site-packages\urllib3\connectionpool.py", line 536, in _make_request
    self._raise_timeout(err=e, url=url, timeout_value=read_timeout)
  File "D:\Projects\miniconda3\envs\ui_test\lib\site-packages\urllib3\connectionpool.py", line 367, in _raise_timeout
    raise ReadTimeoutError(
urllib3.exceptions.ReadTimeoutError: HTTPConnectionPool(host='localhost', port=63694): Read timed out. (read timeout=30)

The above exception was the direct cause of the following exception:

Traceback (most recent call last):
  File "D:\Projects\workspace\test-practice-collection\03_ui_automation\framework\selenium_login_163music\pages\login_page.py", line 134, in debug_page_state
    screenshot_path = self.take_screenshot(f"debug_{tag}")
  File "D:\Projects\workspace\test-practice-collection\03_ui_automation\framework\selenium_login_163music\pages\base_page.py", line 66, in take_screenshot
    screenshot_path = save_driver_screenshot(self.driver, name)
  File "D:\Projects\workspace\test-practice-collection\03_ui_automation\framework\selenium_login_163music\utils\log_helper.py", line 68, in save_driver_screenshot
    if driver.save_screenshot(str(screenshot_path)):
  File "D:\Projects\miniconda3\envs\ui_test\lib\site-packages\selenium\webdriver\remote\webdriver.py", line 903, in save_screenshot
    return self.get_screenshot_as_file(filename)
  File "D:\Projects\miniconda3\envs\ui_test\lib\site-packages\selenium\webdriver\remote\webdriver.py", line 880, in get_screenshot_as_file
    png = self.get_screenshot_as_png()
  File "D:\Projects\miniconda3\envs\ui_test\lib\site-packages\selenium\webdriver\remote\webdriver.py", line 911, in get_screenshot_as_png
    return b64decode(self.get_screenshot_as_base64().encode("ascii"))
  File "D:\Projects\miniconda3\envs\ui_test\lib\site-packages\selenium\webdriver\remote\webdriver.py", line 921, in get_screenshot_as_base64
    return self.execute(Command.SCREENSHOT)["value"]
  File "D:\Projects\miniconda3\envs\ui_test\lib\site-packages\selenium\webdriver\remote\webdriver.py", line 447, in execute
    response = cast(RemoteConnection, self.command_executor).execute(driver_command, params)
  File "D:\Projects\miniconda3\envs\ui_test\lib\site-packages\selenium\webdriver\remote\remote_connection.py", line 407, in execute
    return self._request(command_info[0], url, body=data)
  File "D:\Projects\miniconda3\envs\ui_test\lib\site-packages\selenium\webdriver\remote\remote_connection.py", line 431, in _request
    response = self._conn.request(method, url, body=body, headers=headers, timeout=self._client_config.timeout)
  File "D:\Projects\miniconda3\envs\ui_test\lib\site-packages\urllib3\_request_methods.py", line 135, in request
    return self.request_encode_url(
  File "D:\Projects\miniconda3\envs\ui_test\lib\site-packages\urllib3\_request_methods.py", line 182, in request_encode_url
    return self.urlopen(method, url, **extra_kw)
  File "D:\Projects\miniconda3\envs\ui_test\lib\site-packages\urllib3\poolmanager.py", line 457, in urlopen
    response = conn.urlopen(method, u.request_uri, **kw)
  File "D:\Projects\miniconda3\envs\ui_test\lib\site-packages\urllib3\connectionpool.py", line 871, in urlopen
    return self.urlopen(
  File "D:\Projects\miniconda3\envs\ui_test\lib\site-packages\urllib3\connectionpool.py", line 871, in urlopen
    return self.urlopen(
  File "D:\Projects\miniconda3\envs\ui_test\lib\site-packages\urllib3\connectionpool.py", line 871, in urlopen
    return self.urlopen(
  File "D:\Projects\miniconda3\envs\ui_test\lib\site-packages\urllib3\connectionpool.py", line 841, in urlopen
    retries = retries.increment(
  File "D:\Projects\miniconda3\envs\ui_test\lib\site-packages\urllib3\util\retry.py", line 535, in increment
    raise MaxRetryError(_pool, url, reason) from reason  # type: ignore[arg-type]
urllib3.exceptions.MaxRetryError: HTTPConnectionPool(host='localhost', port=63694): Max retries exceeded with url: /session/ea97c4ebe3b339457d232fd8f412ab2b/screenshot (Caused by ReadTimeoutError("HTTPConnectionPool(host='localhost', port=63694): Read timed out. (read timeout=30)"))
2026-05-23 17:12:00 | INFO | ui_test.pages.login_page | 【ERROR】卡在步骤 click_other_link，具体错误: HTTPConnectionPool(host='localhost', port=63694): Read timed out. (read timeout=30)
2026-05-23 17:12:01 | INFO | ui_test.framework.selenium_login_163music.conftest | 用例执行结果: tests/test_163.py::test_login_failure[case0] -> failed
2026-05-23 17:12:01 | ERROR | ui_test.framework.selenium_login_163music.conftest | 用例失败阶段: call -> tests/test_163.py::test_login_failure[case0]
2026-05-23 17:12:01 | ERROR | ui_test.framework.selenium_login_163music.conftest | 失败堆栈:
D:\Projects\miniconda3\envs\ui_test\lib\site-packages\urllib3\connectionpool.py:534: in _make_request
    response = conn.getresponse()
D:\Projects\miniconda3\envs\ui_test\lib\site-packages\urllib3\connection.py:571: in getresponse
    httplib_response = super().getresponse()
D:\Projects\miniconda3\envs\ui_test\lib\http\client.py:1395: in getresponse
    response.begin()
D:\Projects\miniconda3\envs\ui_test\lib\http\client.py:323: in begin
    version, status, reason = self._read_status()
D:\Projects\miniconda3\envs\ui_test\lib\http\client.py:284: in _read_status
    line = str(self.fp.readline(_MAXLINE + 1), "iso-8859-1")
D:\Projects\miniconda3\envs\ui_test\lib\socket.py:717: in readinto
    return self._sock.recv_into(b)
E   TimeoutError: timed out

The above exception was the direct cause of the following exception:
tests\test_163.py:14: in test_login_failure
    login_page.login(case["phone"], case["password"])
pages\login_page.py:239: in login
    self.click_other_link()
pages\login_page.py:193: in click_other_link
    self.safe_click_raw(self.OTHER_LINK, step_name="click_other_link")
pages\login_page.py:154: in safe_click_raw
    element = self.find_element(locator, timeout=timeout)
pages\base_page.py:26: in find_element
    return self._build_wait(timeout).until(EC.visibility_of_element_located(locator))
D:\Projects\miniconda3\envs\ui_test\lib\site-packages\selenium\webdriver\support\wait.py:112: in until
    value = method(self._driver)
D:\Projects\miniconda3\envs\ui_test\lib\site-packages\selenium\webdriver\support\expected_conditions.py:184: in _predicate
    return _element_if_visible(driver.find_element(*locator))
D:\Projects\miniconda3\envs\ui_test\lib\site-packages\selenium\webdriver\remote\webdriver.py:823: in find_element
    return self.execute(Command.FIND_ELEMENT, {"using": by, "value": value})["value"]
D:\Projects\miniconda3\envs\ui_test\lib\site-packages\selenium\webdriver\remote\webdriver.py:447: in execute
    response = cast(RemoteConnection, self.command_executor).execute(driver_command, params)
D:\Projects\miniconda3\envs\ui_test\lib\site-packages\selenium\webdriver\remote\remote_connection.py:407: in execute
    return self._request(command_info[0], url, body=data)
D:\Projects\miniconda3\envs\ui_test\lib\site-packages\selenium\webdriver\remote\remote_connection.py:431: in _request
    response = self._conn.request(method, url, body=body, headers=headers, timeout=self._client_config.timeout)
D:\Projects\miniconda3\envs\ui_test\lib\site-packages\urllib3\_request_methods.py:143: in request
    return self.request_encode_body(
D:\Projects\miniconda3\envs\ui_test\lib\site-packages\urllib3\_request_methods.py:278: in request_encode_body
    return self.urlopen(method, url, **extra_kw)
D:\Projects\miniconda3\envs\ui_test\lib\site-packages\urllib3\poolmanager.py:457: in urlopen
    response = conn.urlopen(method, u.request_uri, **kw)
D:\Projects\miniconda3\envs\ui_test\lib\site-packages\urllib3\connectionpool.py:841: in urlopen
    retries = retries.increment(
D:\Projects\miniconda3\envs\ui_test\lib\site-packages\urllib3\util\retry.py:490: in increment
    raise reraise(type(error), error, _stacktrace)
D:\Projects\miniconda3\envs\ui_test\lib\site-packages\urllib3\util\util.py:39: in reraise
    raise value
D:\Projects\miniconda3\envs\ui_test\lib\site-packages\urllib3\connectionpool.py:787: in urlopen
    response = self._make_request(
D:\Projects\miniconda3\envs\ui_test\lib\site-packages\urllib3\connectionpool.py:536: in _make_request
    self._raise_timeout(err=e, url=url, timeout_value=read_timeout)
D:\Projects\miniconda3\envs\ui_test\lib\site-packages\urllib3\connectionpool.py:367: in _raise_timeout
    raise ReadTimeoutError(
E   urllib3.exceptions.ReadTimeoutError: HTTPConnectionPool(host='localhost', port=63694): Read timed out. (read timeout=30)
2026-05-23 17:12:01 | WARNING | ui_test.framework.selenium_login_163music.conftest | 检测到 driver 已失联，本次失败跳过截图
2026-05-23 17:12:01 | WARNING | ui_test.framework.selenium_login_163music.conftest | 本次跳过 driver.quit()，直接清理 EdgeDriver 进程
2026-05-23 17:12:04 | INFO | ui_test.framework.selenium_login_163music.conftest | EdgeDriver 进程已结束: 34712
2026-05-23 17:12:04 | INFO | ui_test.framework.selenium_login_163music.conftest | 已清理独立浏览器环境: D:\Projects\workspace\test-practice-collection\03_ui_automation\framework\selenium_login_163music\.runtime_profiles\profile_1779527172858
2026-05-23 17:12:04 | INFO | ui_test.framework.selenium_login_163music.conftest | 冷却 5 秒后进入下一个 case
2026-05-23 17:12:09 | INFO | ui_test.framework.selenium_login_163music.conftest | 开始执行用例: tests/test_163.py::test_login_failure[case1]
2026-05-23 17:12:09 | INFO | ui_test.framework.selenium_login_163music.conftest | 准备启动 EdgeDriver: D:\Projects\workspace\test-practice-collection\03_ui_automation\framework\selenium_login_163music\utils\edgedriver_win64\msedgedriver.exe
2026-05-23 17:12:09 | INFO | ui_test.framework.selenium_login_163music.conftest | 创建独立浏览器环境: D:\Projects\workspace\test-practice-collection\03_ui_automation\framework\selenium_login_163music\.runtime_profiles\profile_1779527529821
2026-05-23 17:12:11 | INFO | ui_test.framework.selenium_login_163music.conftest | Edge 会话已创建: d91f2d00b59775f713ebd4ed79d17ea7
2026-05-23 17:12:15 | INFO | ui_test.pages.login_page | 准备点击步骤: click_login_link, locator=('css selector', '.m-tophead.f-pr.j-tflag a')
2026-05-23 17:12:15 | INFO | ui_test.pages.login_page | 【1】success click_login_link
2026-05-23 17:12:15 | INFO | ui_test.pages.login_page | 等待页面稳定: 2 秒
2026-05-23 17:12:17 | INFO | ui_test.pages.login_page | 开始记录调试信息: after_click_login_link
2026-05-23 17:12:27 | INFO | ui_test.pages.login_page | 页面调试信息[after_click_login_link]: {"agreementLink": null, "bodyHints": {"hasAccountErrorText": false, "hasAgreementText": false, "hasOtherLoginText": true, "hasPasswordLoginText": false, "hasPasswordRequiredText": false, "hasPhoneRegisterText": false, "hasPhoneRequiredText": false, "hasSliderText": false}, "errorTip": null, "loginLink": {"className": "link s-fc3", "display": "block", "height": 17, "id": "", "opacity": "1", "tag": "A", "text": "登录", "visibility": "visible", "width": 28, "x": 1257, "y": 26}, "modalPreview": {"className": "mrc-modal-wrapper mrc-modal-wrapper-center mrc-modal-center", "display": "flex", "height": 732, "id": "", "opacity": "1", "tag": "DIV", "text": "登录 扫码登录 使用 网易云音乐APP 扫码登录 选择其他登录模式 下载客户端，VIP歌曲免费听", "visibility": "visible", "width": 1528, "x": 0, "y": 0}, "otherLink": {"className": "_3xIXD0Q6", "display": "block", "height": 30, "id": "", "opacity": "1", "tag": "A", "text": "选择其他登录模式", "visibility": "visible", "width": 120, "x": 704, "y": 463}, "passwordLink": null, "phoneLink": null, "readyState": "complete", "title": "网易云音乐", "url": "https://music.163.com/"}
2026-05-23 17:12:27 | INFO | ui_test.pages.login_page | 准备点击步骤: click_other_link, locator=('xpath', '//a[contains(text(), "选择其他登录模式")]')
2026-05-23 17:12:57 | INFO | ui_test.pages.login_page | 开始记录调试信息: click_other_link_find_failed
2026-05-23 17:13:27 | ERROR | ui_test.pages.login_page | 记录页面调试信息失败: click_other_link_find_failed
Traceback (most recent call last):
  File "D:\Projects\miniconda3\envs\ui_test\lib\site-packages\urllib3\connectionpool.py", line 534, in _make_request
    response = conn.getresponse()
  File "D:\Projects\miniconda3\envs\ui_test\lib\site-packages\urllib3\connection.py", line 571, in getresponse
    httplib_response = super().getresponse()
  File "D:\Projects\miniconda3\envs\ui_test\lib\http\client.py", line 1395, in getresponse
    response.begin()
  File "D:\Projects\miniconda3\envs\ui_test\lib\http\client.py", line 323, in begin
    version, status, reason = self._read_status()
  File "D:\Projects\miniconda3\envs\ui_test\lib\http\client.py", line 284, in _read_status
    line = str(self.fp.readline(_MAXLINE + 1), "iso-8859-1")
  File "D:\Projects\miniconda3\envs\ui_test\lib\socket.py", line 717, in readinto
    return self._sock.recv_into(b)
TimeoutError: timed out

The above exception was the direct cause of the following exception:

Traceback (most recent call last):
  File "D:\Projects\workspace\test-practice-collection\03_ui_automation\framework\selenium_login_163music\pages\login_page.py", line 154, in safe_click_raw
    element = self.find_element(locator, timeout=timeout)
  File "D:\Projects\workspace\test-practice-collection\03_ui_automation\framework\selenium_login_163music\pages\base_page.py", line 26, in find_element
    return self._build_wait(timeout).until(EC.visibility_of_element_located(locator))
  File "D:\Projects\miniconda3\envs\ui_test\lib\site-packages\selenium\webdriver\support\wait.py", line 112, in until
    value = method(self._driver)
  File "D:\Projects\miniconda3\envs\ui_test\lib\site-packages\selenium\webdriver\support\expected_conditions.py", line 184, in _predicate
    return _element_if_visible(driver.find_element(*locator))
  File "D:\Projects\miniconda3\envs\ui_test\lib\site-packages\selenium\webdriver\remote\webdriver.py", line 823, in find_element
    return self.execute(Command.FIND_ELEMENT, {"using": by, "value": value})["value"]
  File "D:\Projects\miniconda3\envs\ui_test\lib\site-packages\selenium\webdriver\remote\webdriver.py", line 447, in execute
    response = cast(RemoteConnection, self.command_executor).execute(driver_command, params)
  File "D:\Projects\miniconda3\envs\ui_test\lib\site-packages\selenium\webdriver\remote\remote_connection.py", line 407, in execute
    return self._request(command_info[0], url, body=data)
  File "D:\Projects\miniconda3\envs\ui_test\lib\site-packages\selenium\webdriver\remote\remote_connection.py", line 431, in _request
    response = self._conn.request(method, url, body=body, headers=headers, timeout=self._client_config.timeout)
  File "D:\Projects\miniconda3\envs\ui_test\lib\site-packages\urllib3\_request_methods.py", line 143, in request
    return self.request_encode_body(
  File "D:\Projects\miniconda3\envs\ui_test\lib\site-packages\urllib3\_request_methods.py", line 278, in request_encode_body
    return self.urlopen(method, url, **extra_kw)
  File "D:\Projects\miniconda3\envs\ui_test\lib\site-packages\urllib3\poolmanager.py", line 457, in urlopen
    response = conn.urlopen(method, u.request_uri, **kw)
  File "D:\Projects\miniconda3\envs\ui_test\lib\site-packages\urllib3\connectionpool.py", line 841, in urlopen
    retries = retries.increment(
  File "D:\Projects\miniconda3\envs\ui_test\lib\site-packages\urllib3\util\retry.py", line 490, in increment
    raise reraise(type(error), error, _stacktrace)
  File "D:\Projects\miniconda3\envs\ui_test\lib\site-packages\urllib3\util\util.py", line 39, in reraise
    raise value
  File "D:\Projects\miniconda3\envs\ui_test\lib\site-packages\urllib3\connectionpool.py", line 787, in urlopen
    response = self._make_request(
  File "D:\Projects\miniconda3\envs\ui_test\lib\site-packages\urllib3\connectionpool.py", line 536, in _make_request
    self._raise_timeout(err=e, url=url, timeout_value=read_timeout)
  File "D:\Projects\miniconda3\envs\ui_test\lib\site-packages\urllib3\connectionpool.py", line 367, in _raise_timeout
    raise ReadTimeoutError(
urllib3.exceptions.ReadTimeoutError: HTTPConnectionPool(host='localhost', port=58435): Read timed out. (read timeout=30)

During handling of the above exception, another exception occurred:

Traceback (most recent call last):
  File "D:\Projects\miniconda3\envs\ui_test\lib\site-packages\urllib3\connectionpool.py", line 534, in _make_request
    response = conn.getresponse()
  File "D:\Projects\miniconda3\envs\ui_test\lib\site-packages\urllib3\connection.py", line 571, in getresponse
    httplib_response = super().getresponse()
  File "D:\Projects\miniconda3\envs\ui_test\lib\http\client.py", line 1395, in getresponse
    response.begin()
  File "D:\Projects\miniconda3\envs\ui_test\lib\http\client.py", line 323, in begin
    version, status, reason = self._read_status()
  File "D:\Projects\miniconda3\envs\ui_test\lib\http\client.py", line 284, in _read_status
    line = str(self.fp.readline(_MAXLINE + 1), "iso-8859-1")
  File "D:\Projects\miniconda3\envs\ui_test\lib\socket.py", line 717, in readinto
    return self._sock.recv_into(b)
TimeoutError: timed out

The above exception was the direct cause of the following exception:

Traceback (most recent call last):
  File "D:\Projects\workspace\test-practice-collection\03_ui_automation\framework\selenium_login_163music\pages\login_page.py", line 54, in debug_page_state
    state = self.driver.execute_script(
  File "D:\Projects\miniconda3\envs\ui_test\lib\site-packages\selenium\webdriver\remote\webdriver.py", line 536, in execute_script
    return self.execute(command, {"script": script, "args": converted_args})["value"]
  File "D:\Projects\miniconda3\envs\ui_test\lib\site-packages\selenium\webdriver\remote\webdriver.py", line 447, in execute
    response = cast(RemoteConnection, self.command_executor).execute(driver_command, params)
  File "D:\Projects\miniconda3\envs\ui_test\lib\site-packages\selenium\webdriver\remote\remote_connection.py", line 407, in execute
    return self._request(command_info[0], url, body=data)
  File "D:\Projects\miniconda3\envs\ui_test\lib\site-packages\selenium\webdriver\remote\remote_connection.py", line 431, in _request
    response = self._conn.request(method, url, body=body, headers=headers, timeout=self._client_config.timeout)
  File "D:\Projects\miniconda3\envs\ui_test\lib\site-packages\urllib3\_request_methods.py", line 143, in request
    return self.request_encode_body(
  File "D:\Projects\miniconda3\envs\ui_test\lib\site-packages\urllib3\_request_methods.py", line 278, in request_encode_body
    return self.urlopen(method, url, **extra_kw)
  File "D:\Projects\miniconda3\envs\ui_test\lib\site-packages\urllib3\poolmanager.py", line 457, in urlopen
    response = conn.urlopen(method, u.request_uri, **kw)
  File "D:\Projects\miniconda3\envs\ui_test\lib\site-packages\urllib3\connectionpool.py", line 841, in urlopen
    retries = retries.increment(
  File "D:\Projects\miniconda3\envs\ui_test\lib\site-packages\urllib3\util\retry.py", line 490, in increment
    raise reraise(type(error), error, _stacktrace)
  File "D:\Projects\miniconda3\envs\ui_test\lib\site-packages\urllib3\util\util.py", line 39, in reraise
    raise value
  File "D:\Projects\miniconda3\envs\ui_test\lib\site-packages\urllib3\connectionpool.py", line 787, in urlopen
    response = self._make_request(
  File "D:\Projects\miniconda3\envs\ui_test\lib\site-packages\urllib3\connectionpool.py", line 536, in _make_request
    self._raise_timeout(err=e, url=url, timeout_value=read_timeout)
  File "D:\Projects\miniconda3\envs\ui_test\lib\site-packages\urllib3\connectionpool.py", line 367, in _raise_timeout
    raise ReadTimeoutError(
urllib3.exceptions.ReadTimeoutError: HTTPConnectionPool(host='localhost', port=58435): Read timed out. (read timeout=30)
2026-05-23 17:15:27 | ERROR | ui_test.pages.login_page | 保存调试截图失败: click_other_link_find_failed
Traceback (most recent call last):
  File "D:\Projects\miniconda3\envs\ui_test\lib\site-packages\urllib3\connectionpool.py", line 534, in _make_request
    response = conn.getresponse()
  File "D:\Projects\miniconda3\envs\ui_test\lib\site-packages\urllib3\connection.py", line 571, in getresponse
    httplib_response = super().getresponse()
  File "D:\Projects\miniconda3\envs\ui_test\lib\http\client.py", line 1395, in getresponse
    response.begin()
  File "D:\Projects\miniconda3\envs\ui_test\lib\http\client.py", line 323, in begin
    version, status, reason = self._read_status()
  File "D:\Projects\miniconda3\envs\ui_test\lib\http\client.py", line 284, in _read_status
    line = str(self.fp.readline(_MAXLINE + 1), "iso-8859-1")
  File "D:\Projects\miniconda3\envs\ui_test\lib\socket.py", line 717, in readinto
    return self._sock.recv_into(b)
TimeoutError: timed out

The above exception was the direct cause of the following exception:

Traceback (most recent call last):
  File "D:\Projects\workspace\test-practice-collection\03_ui_automation\framework\selenium_login_163music\pages\login_page.py", line 154, in safe_click_raw
    element = self.find_element(locator, timeout=timeout)
  File "D:\Projects\workspace\test-practice-collection\03_ui_automation\framework\selenium_login_163music\pages\base_page.py", line 26, in find_element
    return self._build_wait(timeout).until(EC.visibility_of_element_located(locator))
  File "D:\Projects\miniconda3\envs\ui_test\lib\site-packages\selenium\webdriver\support\wait.py", line 112, in until
    value = method(self._driver)
  File "D:\Projects\miniconda3\envs\ui_test\lib\site-packages\selenium\webdriver\support\expected_conditions.py", line 184, in _predicate
    return _element_if_visible(driver.find_element(*locator))
  File "D:\Projects\miniconda3\envs\ui_test\lib\site-packages\selenium\webdriver\remote\webdriver.py", line 823, in find_element
    return self.execute(Command.FIND_ELEMENT, {"using": by, "value": value})["value"]
  File "D:\Projects\miniconda3\envs\ui_test\lib\site-packages\selenium\webdriver\remote\webdriver.py", line 447, in execute
    response = cast(RemoteConnection, self.command_executor).execute(driver_command, params)
  File "D:\Projects\miniconda3\envs\ui_test\lib\site-packages\selenium\webdriver\remote\remote_connection.py", line 407, in execute
    return self._request(command_info[0], url, body=data)
  File "D:\Projects\miniconda3\envs\ui_test\lib\site-packages\selenium\webdriver\remote\remote_connection.py", line 431, in _request
    response = self._conn.request(method, url, body=body, headers=headers, timeout=self._client_config.timeout)
  File "D:\Projects\miniconda3\envs\ui_test\lib\site-packages\urllib3\_request_methods.py", line 143, in request
    return self.request_encode_body(
  File "D:\Projects\miniconda3\envs\ui_test\lib\site-packages\urllib3\_request_methods.py", line 278, in request_encode_body
    return self.urlopen(method, url, **extra_kw)
  File "D:\Projects\miniconda3\envs\ui_test\lib\site-packages\urllib3\poolmanager.py", line 457, in urlopen
    response = conn.urlopen(method, u.request_uri, **kw)
  File "D:\Projects\miniconda3\envs\ui_test\lib\site-packages\urllib3\connectionpool.py", line 841, in urlopen
    retries = retries.increment(
  File "D:\Projects\miniconda3\envs\ui_test\lib\site-packages\urllib3\util\retry.py", line 490, in increment
    raise reraise(type(error), error, _stacktrace)
  File "D:\Projects\miniconda3\envs\ui_test\lib\site-packages\urllib3\util\util.py", line 39, in reraise
    raise value
  File "D:\Projects\miniconda3\envs\ui_test\lib\site-packages\urllib3\connectionpool.py", line 787, in urlopen
    response = self._make_request(
  File "D:\Projects\miniconda3\envs\ui_test\lib\site-packages\urllib3\connectionpool.py", line 536, in _make_request
    self._raise_timeout(err=e, url=url, timeout_value=read_timeout)
  File "D:\Projects\miniconda3\envs\ui_test\lib\site-packages\urllib3\connectionpool.py", line 367, in _raise_timeout
    raise ReadTimeoutError(
urllib3.exceptions.ReadTimeoutError: HTTPConnectionPool(host='localhost', port=58435): Read timed out. (read timeout=30)

During handling of the above exception, another exception occurred:

Traceback (most recent call last):
  File "D:\Projects\miniconda3\envs\ui_test\lib\site-packages\urllib3\connectionpool.py", line 534, in _make_request
    response = conn.getresponse()
  File "D:\Projects\miniconda3\envs\ui_test\lib\site-packages\urllib3\connection.py", line 571, in getresponse
    httplib_response = super().getresponse()
  File "D:\Projects\miniconda3\envs\ui_test\lib\http\client.py", line 1395, in getresponse
    response.begin()
  File "D:\Projects\miniconda3\envs\ui_test\lib\http\client.py", line 323, in begin
    version, status, reason = self._read_status()
  File "D:\Projects\miniconda3\envs\ui_test\lib\http\client.py", line 284, in _read_status
    line = str(self.fp.readline(_MAXLINE + 1), "iso-8859-1")
  File "D:\Projects\miniconda3\envs\ui_test\lib\socket.py", line 717, in readinto
    return self._sock.recv_into(b)
TimeoutError: timed out

The above exception was the direct cause of the following exception:

Traceback (most recent call last):
  File "D:\Projects\miniconda3\envs\ui_test\lib\site-packages\urllib3\connectionpool.py", line 787, in urlopen
    response = self._make_request(
  File "D:\Projects\miniconda3\envs\ui_test\lib\site-packages\urllib3\connectionpool.py", line 536, in _make_request
    self._raise_timeout(err=e, url=url, timeout_value=read_timeout)
  File "D:\Projects\miniconda3\envs\ui_test\lib\site-packages\urllib3\connectionpool.py", line 367, in _raise_timeout
    raise ReadTimeoutError(
urllib3.exceptions.ReadTimeoutError: HTTPConnectionPool(host='localhost', port=58435): Read timed out. (read timeout=30)

The above exception was the direct cause of the following exception:

Traceback (most recent call last):
  File "D:\Projects\workspace\test-practice-collection\03_ui_automation\framework\selenium_login_163music\pages\login_page.py", line 134, in debug_page_state
    screenshot_path = self.take_screenshot(f"debug_{tag}")
  File "D:\Projects\workspace\test-practice-collection\03_ui_automation\framework\selenium_login_163music\pages\base_page.py", line 66, in take_screenshot
    screenshot_path = save_driver_screenshot(self.driver, name)
  File "D:\Projects\workspace\test-practice-collection\03_ui_automation\framework\selenium_login_163music\utils\log_helper.py", line 68, in save_driver_screenshot
    if driver.save_screenshot(str(screenshot_path)):
  File "D:\Projects\miniconda3\envs\ui_test\lib\site-packages\selenium\webdriver\remote\webdriver.py", line 903, in save_screenshot
    return self.get_screenshot_as_file(filename)
  File "D:\Projects\miniconda3\envs\ui_test\lib\site-packages\selenium\webdriver\remote\webdriver.py", line 880, in get_screenshot_as_file
    png = self.get_screenshot_as_png()
  File "D:\Projects\miniconda3\envs\ui_test\lib\site-packages\selenium\webdriver\remote\webdriver.py", line 911, in get_screenshot_as_png
    return b64decode(self.get_screenshot_as_base64().encode("ascii"))
  File "D:\Projects\miniconda3\envs\ui_test\lib\site-packages\selenium\webdriver\remote\webdriver.py", line 921, in get_screenshot_as_base64
    return self.execute(Command.SCREENSHOT)["value"]
  File "D:\Projects\miniconda3\envs\ui_test\lib\site-packages\selenium\webdriver\remote\webdriver.py", line 447, in execute
    response = cast(RemoteConnection, self.command_executor).execute(driver_command, params)
  File "D:\Projects\miniconda3\envs\ui_test\lib\site-packages\selenium\webdriver\remote\remote_connection.py", line 407, in execute
    return self._request(command_info[0], url, body=data)
  File "D:\Projects\miniconda3\envs\ui_test\lib\site-packages\selenium\webdriver\remote\remote_connection.py", line 431, in _request
    response = self._conn.request(method, url, body=body, headers=headers, timeout=self._client_config.timeout)
  File "D:\Projects\miniconda3\envs\ui_test\lib\site-packages\urllib3\_request_methods.py", line 135, in request
    return self.request_encode_url(
  File "D:\Projects\miniconda3\envs\ui_test\lib\site-packages\urllib3\_request_methods.py", line 182, in request_encode_url
    return self.urlopen(method, url, **extra_kw)
  File "D:\Projects\miniconda3\envs\ui_test\lib\site-packages\urllib3\poolmanager.py", line 457, in urlopen
    response = conn.urlopen(method, u.request_uri, **kw)
  File "D:\Projects\miniconda3\envs\ui_test\lib\site-packages\urllib3\connectionpool.py", line 871, in urlopen
    return self.urlopen(
  File "D:\Projects\miniconda3\envs\ui_test\lib\site-packages\urllib3\connectionpool.py", line 871, in urlopen
    return self.urlopen(
  File "D:\Projects\miniconda3\envs\ui_test\lib\site-packages\urllib3\connectionpool.py", line 871, in urlopen
    return self.urlopen(
  File "D:\Projects\miniconda3\envs\ui_test\lib\site-packages\urllib3\connectionpool.py", line 841, in urlopen
    retries = retries.increment(
  File "D:\Projects\miniconda3\envs\ui_test\lib\site-packages\urllib3\util\retry.py", line 535, in increment
    raise MaxRetryError(_pool, url, reason) from reason  # type: ignore[arg-type]
urllib3.exceptions.MaxRetryError: HTTPConnectionPool(host='localhost', port=58435): Max retries exceeded with url: /session/d91f2d00b59775f713ebd4ed79d17ea7/screenshot (Caused by ReadTimeoutError("HTTPConnectionPool(host='localhost', port=58435): Read timed out. (read timeout=30)"))
2026-05-23 17:15:27 | ERROR | ui_test.pages.login_page | 登录流程执行失败，失败步骤: click_other_link
Traceback (most recent call last):
  File "D:\Projects\miniconda3\envs\ui_test\lib\site-packages\urllib3\connectionpool.py", line 534, in _make_request
    response = conn.getresponse()
  File "D:\Projects\miniconda3\envs\ui_test\lib\site-packages\urllib3\connection.py", line 571, in getresponse
    httplib_response = super().getresponse()
  File "D:\Projects\miniconda3\envs\ui_test\lib\http\client.py", line 1395, in getresponse
    response.begin()
  File "D:\Projects\miniconda3\envs\ui_test\lib\http\client.py", line 323, in begin
    version, status, reason = self._read_status()
  File "D:\Projects\miniconda3\envs\ui_test\lib\http\client.py", line 284, in _read_status
    line = str(self.fp.readline(_MAXLINE + 1), "iso-8859-1")
  File "D:\Projects\miniconda3\envs\ui_test\lib\socket.py", line 717, in readinto
    return self._sock.recv_into(b)
TimeoutError: timed out

The above exception was the direct cause of the following exception:

Traceback (most recent call last):
  File "D:\Projects\workspace\test-practice-collection\03_ui_automation\framework\selenium_login_163music\pages\login_page.py", line 239, in login
    self.click_other_link()
  File "D:\Projects\workspace\test-practice-collection\03_ui_automation\framework\selenium_login_163music\pages\login_page.py", line 193, in click_other_link
    self.safe_click_raw(self.OTHER_LINK, step_name="click_other_link")
  File "D:\Projects\workspace\test-practice-collection\03_ui_automation\framework\selenium_login_163music\pages\login_page.py", line 154, in safe_click_raw
    element = self.find_element(locator, timeout=timeout)
  File "D:\Projects\workspace\test-practice-collection\03_ui_automation\framework\selenium_login_163music\pages\base_page.py", line 26, in find_element
    return self._build_wait(timeout).until(EC.visibility_of_element_located(locator))
  File "D:\Projects\miniconda3\envs\ui_test\lib\site-packages\selenium\webdriver\support\wait.py", line 112, in until
    value = method(self._driver)
  File "D:\Projects\miniconda3\envs\ui_test\lib\site-packages\selenium\webdriver\support\expected_conditions.py", line 184, in _predicate
    return _element_if_visible(driver.find_element(*locator))
  File "D:\Projects\miniconda3\envs\ui_test\lib\site-packages\selenium\webdriver\remote\webdriver.py", line 823, in find_element
    return self.execute(Command.FIND_ELEMENT, {"using": by, "value": value})["value"]
  File "D:\Projects\miniconda3\envs\ui_test\lib\site-packages\selenium\webdriver\remote\webdriver.py", line 447, in execute
    response = cast(RemoteConnection, self.command_executor).execute(driver_command, params)
  File "D:\Projects\miniconda3\envs\ui_test\lib\site-packages\selenium\webdriver\remote\remote_connection.py", line 407, in execute
    return self._request(command_info[0], url, body=data)
  File "D:\Projects\miniconda3\envs\ui_test\lib\site-packages\selenium\webdriver\remote\remote_connection.py", line 431, in _request
    response = self._conn.request(method, url, body=body, headers=headers, timeout=self._client_config.timeout)
  File "D:\Projects\miniconda3\envs\ui_test\lib\site-packages\urllib3\_request_methods.py", line 143, in request
    return self.request_encode_body(
  File "D:\Projects\miniconda3\envs\ui_test\lib\site-packages\urllib3\_request_methods.py", line 278, in request_encode_body
    return self.urlopen(method, url, **extra_kw)
  File "D:\Projects\miniconda3\envs\ui_test\lib\site-packages\urllib3\poolmanager.py", line 457, in urlopen
    response = conn.urlopen(method, u.request_uri, **kw)
  File "D:\Projects\miniconda3\envs\ui_test\lib\site-packages\urllib3\connectionpool.py", line 841, in urlopen
    retries = retries.increment(
  File "D:\Projects\miniconda3\envs\ui_test\lib\site-packages\urllib3\util\retry.py", line 490, in increment
    raise reraise(type(error), error, _stacktrace)
  File "D:\Projects\miniconda3\envs\ui_test\lib\site-packages\urllib3\util\util.py", line 39, in reraise
    raise value
  File "D:\Projects\miniconda3\envs\ui_test\lib\site-packages\urllib3\connectionpool.py", line 787, in urlopen
    response = self._make_request(
  File "D:\Projects\miniconda3\envs\ui_test\lib\site-packages\urllib3\connectionpool.py", line 536, in _make_request
    self._raise_timeout(err=e, url=url, timeout_value=read_timeout)
  File "D:\Projects\miniconda3\envs\ui_test\lib\site-packages\urllib3\connectionpool.py", line 367, in _raise_timeout
    raise ReadTimeoutError(
urllib3.exceptions.ReadTimeoutError: HTTPConnectionPool(host='localhost', port=58435): Read timed out. (read timeout=30)
2026-05-23 17:15:27 | INFO | ui_test.pages.login_page | 开始记录调试信息: login_exception_click_other_link
2026-05-23 17:15:57 | ERROR | ui_test.pages.login_page | 记录页面调试信息失败: login_exception_click_other_link
Traceback (most recent call last):
  File "D:\Projects\miniconda3\envs\ui_test\lib\site-packages\urllib3\connectionpool.py", line 534, in _make_request
    response = conn.getresponse()
  File "D:\Projects\miniconda3\envs\ui_test\lib\site-packages\urllib3\connection.py", line 571, in getresponse
    httplib_response = super().getresponse()
  File "D:\Projects\miniconda3\envs\ui_test\lib\http\client.py", line 1395, in getresponse
    response.begin()
  File "D:\Projects\miniconda3\envs\ui_test\lib\http\client.py", line 323, in begin
    version, status, reason = self._read_status()
  File "D:\Projects\miniconda3\envs\ui_test\lib\http\client.py", line 284, in _read_status
    line = str(self.fp.readline(_MAXLINE + 1), "iso-8859-1")
  File "D:\Projects\miniconda3\envs\ui_test\lib\socket.py", line 717, in readinto
    return self._sock.recv_into(b)
TimeoutError: timed out

The above exception was the direct cause of the following exception:

Traceback (most recent call last):
  File "D:\Projects\workspace\test-practice-collection\03_ui_automation\framework\selenium_login_163music\pages\login_page.py", line 239, in login
    self.click_other_link()
  File "D:\Projects\workspace\test-practice-collection\03_ui_automation\framework\selenium_login_163music\pages\login_page.py", line 193, in click_other_link
    self.safe_click_raw(self.OTHER_LINK, step_name="click_other_link")
  File "D:\Projects\workspace\test-practice-collection\03_ui_automation\framework\selenium_login_163music\pages\login_page.py", line 154, in safe_click_raw
    element = self.find_element(locator, timeout=timeout)
  File "D:\Projects\workspace\test-practice-collection\03_ui_automation\framework\selenium_login_163music\pages\base_page.py", line 26, in find_element
    return self._build_wait(timeout).until(EC.visibility_of_element_located(locator))
  File "D:\Projects\miniconda3\envs\ui_test\lib\site-packages\selenium\webdriver\support\wait.py", line 112, in until
    value = method(self._driver)
  File "D:\Projects\miniconda3\envs\ui_test\lib\site-packages\selenium\webdriver\support\expected_conditions.py", line 184, in _predicate
    return _element_if_visible(driver.find_element(*locator))
  File "D:\Projects\miniconda3\envs\ui_test\lib\site-packages\selenium\webdriver\remote\webdriver.py", line 823, in find_element
    return self.execute(Command.FIND_ELEMENT, {"using": by, "value": value})["value"]
  File "D:\Projects\miniconda3\envs\ui_test\lib\site-packages\selenium\webdriver\remote\webdriver.py", line 447, in execute
    response = cast(RemoteConnection, self.command_executor).execute(driver_command, params)
  File "D:\Projects\miniconda3\envs\ui_test\lib\site-packages\selenium\webdriver\remote\remote_connection.py", line 407, in execute
    return self._request(command_info[0], url, body=data)
  File "D:\Projects\miniconda3\envs\ui_test\lib\site-packages\selenium\webdriver\remote\remote_connection.py", line 431, in _request
    response = self._conn.request(method, url, body=body, headers=headers, timeout=self._client_config.timeout)
  File "D:\Projects\miniconda3\envs\ui_test\lib\site-packages\urllib3\_request_methods.py", line 143, in request
    return self.request_encode_body(
  File "D:\Projects\miniconda3\envs\ui_test\lib\site-packages\urllib3\_request_methods.py", line 278, in request_encode_body
    return self.urlopen(method, url, **extra_kw)
  File "D:\Projects\miniconda3\envs\ui_test\lib\site-packages\urllib3\poolmanager.py", line 457, in urlopen
    response = conn.urlopen(method, u.request_uri, **kw)
  File "D:\Projects\miniconda3\envs\ui_test\lib\site-packages\urllib3\connectionpool.py", line 841, in urlopen
    retries = retries.increment(
  File "D:\Projects\miniconda3\envs\ui_test\lib\site-packages\urllib3\util\retry.py", line 490, in increment
    raise reraise(type(error), error, _stacktrace)
  File "D:\Projects\miniconda3\envs\ui_test\lib\site-packages\urllib3\util\util.py", line 39, in reraise
    raise value
  File "D:\Projects\miniconda3\envs\ui_test\lib\site-packages\urllib3\connectionpool.py", line 787, in urlopen
    response = self._make_request(
  File "D:\Projects\miniconda3\envs\ui_test\lib\site-packages\urllib3\connectionpool.py", line 536, in _make_request
    self._raise_timeout(err=e, url=url, timeout_value=read_timeout)
  File "D:\Projects\miniconda3\envs\ui_test\lib\site-packages\urllib3\connectionpool.py", line 367, in _raise_timeout
    raise ReadTimeoutError(
urllib3.exceptions.ReadTimeoutError: HTTPConnectionPool(host='localhost', port=58435): Read timed out. (read timeout=30)

During handling of the above exception, another exception occurred:

Traceback (most recent call last):
  File "D:\Projects\miniconda3\envs\ui_test\lib\site-packages\urllib3\connectionpool.py", line 534, in _make_request
    response = conn.getresponse()
  File "D:\Projects\miniconda3\envs\ui_test\lib\site-packages\urllib3\connection.py", line 571, in getresponse
    httplib_response = super().getresponse()
  File "D:\Projects\miniconda3\envs\ui_test\lib\http\client.py", line 1395, in getresponse
    response.begin()
  File "D:\Projects\miniconda3\envs\ui_test\lib\http\client.py", line 323, in begin
    version, status, reason = self._read_status()
  File "D:\Projects\miniconda3\envs\ui_test\lib\http\client.py", line 284, in _read_status
    line = str(self.fp.readline(_MAXLINE + 1), "iso-8859-1")
  File "D:\Projects\miniconda3\envs\ui_test\lib\socket.py", line 717, in readinto
    return self._sock.recv_into(b)
TimeoutError: timed out

The above exception was the direct cause of the following exception:

Traceback (most recent call last):
  File "D:\Projects\workspace\test-practice-collection\03_ui_automation\framework\selenium_login_163music\pages\login_page.py", line 54, in debug_page_state
    state = self.driver.execute_script(
  File "D:\Projects\miniconda3\envs\ui_test\lib\site-packages\selenium\webdriver\remote\webdriver.py", line 536, in execute_script
    return self.execute(command, {"script": script, "args": converted_args})["value"]
  File "D:\Projects\miniconda3\envs\ui_test\lib\site-packages\selenium\webdriver\remote\webdriver.py", line 447, in execute
    response = cast(RemoteConnection, self.command_executor).execute(driver_command, params)
  File "D:\Projects\miniconda3\envs\ui_test\lib\site-packages\selenium\webdriver\remote\remote_connection.py", line 407, in execute
    return self._request(command_info[0], url, body=data)
  File "D:\Projects\miniconda3\envs\ui_test\lib\site-packages\selenium\webdriver\remote\remote_connection.py", line 431, in _request
    response = self._conn.request(method, url, body=body, headers=headers, timeout=self._client_config.timeout)
  File "D:\Projects\miniconda3\envs\ui_test\lib\site-packages\urllib3\_request_methods.py", line 143, in request
    return self.request_encode_body(
  File "D:\Projects\miniconda3\envs\ui_test\lib\site-packages\urllib3\_request_methods.py", line 278, in request_encode_body
    return self.urlopen(method, url, **extra_kw)
  File "D:\Projects\miniconda3\envs\ui_test\lib\site-packages\urllib3\poolmanager.py", line 457, in urlopen
    response = conn.urlopen(method, u.request_uri, **kw)
  File "D:\Projects\miniconda3\envs\ui_test\lib\site-packages\urllib3\connectionpool.py", line 841, in urlopen
    retries = retries.increment(
  File "D:\Projects\miniconda3\envs\ui_test\lib\site-packages\urllib3\util\retry.py", line 490, in increment
    raise reraise(type(error), error, _stacktrace)
  File "D:\Projects\miniconda3\envs\ui_test\lib\site-packages\urllib3\util\util.py", line 39, in reraise
    raise value
  File "D:\Projects\miniconda3\envs\ui_test\lib\site-packages\urllib3\connectionpool.py", line 787, in urlopen
    response = self._make_request(
  File "D:\Projects\miniconda3\envs\ui_test\lib\site-packages\urllib3\connectionpool.py", line 536, in _make_request
    self._raise_timeout(err=e, url=url, timeout_value=read_timeout)
  File "D:\Projects\miniconda3\envs\ui_test\lib\site-packages\urllib3\connectionpool.py", line 367, in _raise_timeout
    raise ReadTimeoutError(
urllib3.exceptions.ReadTimeoutError: HTTPConnectionPool(host='localhost', port=58435): Read timed out. (read timeout=30)
2026-05-23 17:17:57 | ERROR | ui_test.pages.login_page | 保存调试截图失败: login_exception_click_other_link
Traceback (most recent call last):
  File "D:\Projects\miniconda3\envs\ui_test\lib\site-packages\urllib3\connectionpool.py", line 534, in _make_request
    response = conn.getresponse()
  File "D:\Projects\miniconda3\envs\ui_test\lib\site-packages\urllib3\connection.py", line 571, in getresponse
    httplib_response = super().getresponse()
  File "D:\Projects\miniconda3\envs\ui_test\lib\http\client.py", line 1395, in getresponse
    response.begin()
  File "D:\Projects\miniconda3\envs\ui_test\lib\http\client.py", line 323, in begin
    version, status, reason = self._read_status()
  File "D:\Projects\miniconda3\envs\ui_test\lib\http\client.py", line 284, in _read_status
    line = str(self.fp.readline(_MAXLINE + 1), "iso-8859-1")
  File "D:\Projects\miniconda3\envs\ui_test\lib\socket.py", line 717, in readinto
    return self._sock.recv_into(b)
TimeoutError: timed out

The above exception was the direct cause of the following exception:

Traceback (most recent call last):
  File "D:\Projects\workspace\test-practice-collection\03_ui_automation\framework\selenium_login_163music\pages\login_page.py", line 239, in login
    self.click_other_link()
  File "D:\Projects\workspace\test-practice-collection\03_ui_automation\framework\selenium_login_163music\pages\login_page.py", line 193, in click_other_link
    self.safe_click_raw(self.OTHER_LINK, step_name="click_other_link")
  File "D:\Projects\workspace\test-practice-collection\03_ui_automation\framework\selenium_login_163music\pages\login_page.py", line 154, in safe_click_raw
    element = self.find_element(locator, timeout=timeout)
  File "D:\Projects\workspace\test-practice-collection\03_ui_automation\framework\selenium_login_163music\pages\base_page.py", line 26, in find_element
    return self._build_wait(timeout).until(EC.visibility_of_element_located(locator))
  File "D:\Projects\miniconda3\envs\ui_test\lib\site-packages\selenium\webdriver\support\wait.py", line 112, in until
    value = method(self._driver)
  File "D:\Projects\miniconda3\envs\ui_test\lib\site-packages\selenium\webdriver\support\expected_conditions.py", line 184, in _predicate
    return _element_if_visible(driver.find_element(*locator))
  File "D:\Projects\miniconda3\envs\ui_test\lib\site-packages\selenium\webdriver\remote\webdriver.py", line 823, in find_element
    return self.execute(Command.FIND_ELEMENT, {"using": by, "value": value})["value"]
  File "D:\Projects\miniconda3\envs\ui_test\lib\site-packages\selenium\webdriver\remote\webdriver.py", line 447, in execute
    response = cast(RemoteConnection, self.command_executor).execute(driver_command, params)
  File "D:\Projects\miniconda3\envs\ui_test\lib\site-packages\selenium\webdriver\remote\remote_connection.py", line 407, in execute
    return self._request(command_info[0], url, body=data)
  File "D:\Projects\miniconda3\envs\ui_test\lib\site-packages\selenium\webdriver\remote\remote_connection.py", line 431, in _request
    response = self._conn.request(method, url, body=body, headers=headers, timeout=self._client_config.timeout)
  File "D:\Projects\miniconda3\envs\ui_test\lib\site-packages\urllib3\_request_methods.py", line 143, in request
    return self.request_encode_body(
  File "D:\Projects\miniconda3\envs\ui_test\lib\site-packages\urllib3\_request_methods.py", line 278, in request_encode_body
    return self.urlopen(method, url, **extra_kw)
  File "D:\Projects\miniconda3\envs\ui_test\lib\site-packages\urllib3\poolmanager.py", line 457, in urlopen
    response = conn.urlopen(method, u.request_uri, **kw)
  File "D:\Projects\miniconda3\envs\ui_test\lib\site-packages\urllib3\connectionpool.py", line 841, in urlopen
    retries = retries.increment(
  File "D:\Projects\miniconda3\envs\ui_test\lib\site-packages\urllib3\util\retry.py", line 490, in increment
    raise reraise(type(error), error, _stacktrace)
  File "D:\Projects\miniconda3\envs\ui_test\lib\site-packages\urllib3\util\util.py", line 39, in reraise
    raise value
  File "D:\Projects\miniconda3\envs\ui_test\lib\site-packages\urllib3\connectionpool.py", line 787, in urlopen
    response = self._make_request(
  File "D:\Projects\miniconda3\envs\ui_test\lib\site-packages\urllib3\connectionpool.py", line 536, in _make_request
    self._raise_timeout(err=e, url=url, timeout_value=read_timeout)
  File "D:\Projects\miniconda3\envs\ui_test\lib\site-packages\urllib3\connectionpool.py", line 367, in _raise_timeout
    raise ReadTimeoutError(
urllib3.exceptions.ReadTimeoutError: HTTPConnectionPool(host='localhost', port=58435): Read timed out. (read timeout=30)

During handling of the above exception, another exception occurred:

Traceback (most recent call last):
  File "D:\Projects\miniconda3\envs\ui_test\lib\site-packages\urllib3\connectionpool.py", line 534, in _make_request
    response = conn.getresponse()
  File "D:\Projects\miniconda3\envs\ui_test\lib\site-packages\urllib3\connection.py", line 571, in getresponse
    httplib_response = super().getresponse()
  File "D:\Projects\miniconda3\envs\ui_test\lib\http\client.py", line 1395, in getresponse
    response.begin()
  File "D:\Projects\miniconda3\envs\ui_test\lib\http\client.py", line 323, in begin
    version, status, reason = self._read_status()
  File "D:\Projects\miniconda3\envs\ui_test\lib\http\client.py", line 284, in _read_status
    line = str(self.fp.readline(_MAXLINE + 1), "iso-8859-1")
  File "D:\Projects\miniconda3\envs\ui_test\lib\socket.py", line 717, in readinto
    return self._sock.recv_into(b)
TimeoutError: timed out

The above exception was the direct cause of the following exception:

Traceback (most recent call last):
  File "D:\Projects\miniconda3\envs\ui_test\lib\site-packages\urllib3\connectionpool.py", line 787, in urlopen
    response = self._make_request(
  File "D:\Projects\miniconda3\envs\ui_test\lib\site-packages\urllib3\connectionpool.py", line 536, in _make_request
    self._raise_timeout(err=e, url=url, timeout_value=read_timeout)
  File "D:\Projects\miniconda3\envs\ui_test\lib\site-packages\urllib3\connectionpool.py", line 367, in _raise_timeout
    raise ReadTimeoutError(
urllib3.exceptions.ReadTimeoutError: HTTPConnectionPool(host='localhost', port=58435): Read timed out. (read timeout=30)

The above exception was the direct cause of the following exception:

Traceback (most recent call last):
  File "D:\Projects\workspace\test-practice-collection\03_ui_automation\framework\selenium_login_163music\pages\login_page.py", line 134, in debug_page_state
    screenshot_path = self.take_screenshot(f"debug_{tag}")
  File "D:\Projects\workspace\test-practice-collection\03_ui_automation\framework\selenium_login_163music\pages\base_page.py", line 66, in take_screenshot
    screenshot_path = save_driver_screenshot(self.driver, name)
  File "D:\Projects\workspace\test-practice-collection\03_ui_automation\framework\selenium_login_163music\utils\log_helper.py", line 68, in save_driver_screenshot
    if driver.save_screenshot(str(screenshot_path)):
  File "D:\Projects\miniconda3\envs\ui_test\lib\site-packages\selenium\webdriver\remote\webdriver.py", line 903, in save_screenshot
    return self.get_screenshot_as_file(filename)
  File "D:\Projects\miniconda3\envs\ui_test\lib\site-packages\selenium\webdriver\remote\webdriver.py", line 880, in get_screenshot_as_file
    png = self.get_screenshot_as_png()
  File "D:\Projects\miniconda3\envs\ui_test\lib\site-packages\selenium\webdriver\remote\webdriver.py", line 911, in get_screenshot_as_png
    return b64decode(self.get_screenshot_as_base64().encode("ascii"))
  File "D:\Projects\miniconda3\envs\ui_test\lib\site-packages\selenium\webdriver\remote\webdriver.py", line 921, in get_screenshot_as_base64
    return self.execute(Command.SCREENSHOT)["value"]
  File "D:\Projects\miniconda3\envs\ui_test\lib\site-packages\selenium\webdriver\remote\webdriver.py", line 447, in execute
    response = cast(RemoteConnection, self.command_executor).execute(driver_command, params)
  File "D:\Projects\miniconda3\envs\ui_test\lib\site-packages\selenium\webdriver\remote\remote_connection.py", line 407, in execute
    return self._request(command_info[0], url, body=data)
  File "D:\Projects\miniconda3\envs\ui_test\lib\site-packages\selenium\webdriver\remote\remote_connection.py", line 431, in _request
    response = self._conn.request(method, url, body=body, headers=headers, timeout=self._client_config.timeout)
  File "D:\Projects\miniconda3\envs\ui_test\lib\site-packages\urllib3\_request_methods.py", line 135, in request
    return self.request_encode_url(
  File "D:\Projects\miniconda3\envs\ui_test\lib\site-packages\urllib3\_request_methods.py", line 182, in request_encode_url
    return self.urlopen(method, url, **extra_kw)
  File "D:\Projects\miniconda3\envs\ui_test\lib\site-packages\urllib3\poolmanager.py", line 457, in urlopen
    response = conn.urlopen(method, u.request_uri, **kw)
  File "D:\Projects\miniconda3\envs\ui_test\lib\site-packages\urllib3\connectionpool.py", line 871, in urlopen
    return self.urlopen(
  File "D:\Projects\miniconda3\envs\ui_test\lib\site-packages\urllib3\connectionpool.py", line 871, in urlopen
    return self.urlopen(
  File "D:\Projects\miniconda3\envs\ui_test\lib\site-packages\urllib3\connectionpool.py", line 871, in urlopen
    return self.urlopen(
  File "D:\Projects\miniconda3\envs\ui_test\lib\site-packages\urllib3\connectionpool.py", line 841, in urlopen
    retries = retries.increment(
  File "D:\Projects\miniconda3\envs\ui_test\lib\site-packages\urllib3\util\retry.py", line 535, in increment
    raise MaxRetryError(_pool, url, reason) from reason  # type: ignore[arg-type]
urllib3.exceptions.MaxRetryError: HTTPConnectionPool(host='localhost', port=58435): Max retries exceeded with url: /session/d91f2d00b59775f713ebd4ed79d17ea7/screenshot (Caused by ReadTimeoutError("HTTPConnectionPool(host='localhost', port=58435): Read timed out. (read timeout=30)"))
2026-05-23 17:17:57 | INFO | ui_test.pages.login_page | 【ERROR】卡在步骤 click_other_link，具体错误: HTTPConnectionPool(host='localhost', port=58435): Read timed out. (read timeout=30)
2026-05-23 17:17:58 | INFO | ui_test.framework.selenium_login_163music.conftest | 用例执行结果: tests/test_163.py::test_login_failure[case1] -> failed
2026-05-23 17:17:58 | ERROR | ui_test.framework.selenium_login_163music.conftest | 用例失败阶段: call -> tests/test_163.py::test_login_failure[case1]
2026-05-23 17:17:58 | ERROR | ui_test.framework.selenium_login_163music.conftest | 失败堆栈:
D:\Projects\miniconda3\envs\ui_test\lib\site-packages\urllib3\connectionpool.py:534: in _make_request
    response = conn.getresponse()
D:\Projects\miniconda3\envs\ui_test\lib\site-packages\urllib3\connection.py:571: in getresponse
    httplib_response = super().getresponse()
D:\Projects\miniconda3\envs\ui_test\lib\http\client.py:1395: in getresponse
    response.begin()
D:\Projects\miniconda3\envs\ui_test\lib\http\client.py:323: in begin
    version, status, reason = self._read_status()
D:\Projects\miniconda3\envs\ui_test\lib\http\client.py:284: in _read_status
    line = str(self.fp.readline(_MAXLINE + 1), "iso-8859-1")
D:\Projects\miniconda3\envs\ui_test\lib\socket.py:717: in readinto
    return self._sock.recv_into(b)
E   TimeoutError: timed out

The above exception was the direct cause of the following exception:
tests\test_163.py:14: in test_login_failure
    login_page.login(case["phone"], case["password"])
pages\login_page.py:239: in login
    self.click_other_link()
pages\login_page.py:193: in click_other_link
    self.safe_click_raw(self.OTHER_LINK, step_name="click_other_link")
pages\login_page.py:154: in safe_click_raw
    element = self.find_element(locator, timeout=timeout)
pages\base_page.py:26: in find_element
    return self._build_wait(timeout).until(EC.visibility_of_element_located(locator))
D:\Projects\miniconda3\envs\ui_test\lib\site-packages\selenium\webdriver\support\wait.py:112: in until
    value = method(self._driver)
D:\Projects\miniconda3\envs\ui_test\lib\site-packages\selenium\webdriver\support\expected_conditions.py:184: in _predicate
    return _element_if_visible(driver.find_element(*locator))
D:\Projects\miniconda3\envs\ui_test\lib\site-packages\selenium\webdriver\remote\webdriver.py:823: in find_element
    return self.execute(Command.FIND_ELEMENT, {"using": by, "value": value})["value"]
D:\Projects\miniconda3\envs\ui_test\lib\site-packages\selenium\webdriver\remote\webdriver.py:447: in execute
    response = cast(RemoteConnection, self.command_executor).execute(driver_command, params)
D:\Projects\miniconda3\envs\ui_test\lib\site-packages\selenium\webdriver\remote\remote_connection.py:407: in execute
    return self._request(command_info[0], url, body=data)
D:\Projects\miniconda3\envs\ui_test\lib\site-packages\selenium\webdriver\remote\remote_connection.py:431: in _request
    response = self._conn.request(method, url, body=body, headers=headers, timeout=self._client_config.timeout)
D:\Projects\miniconda3\envs\ui_test\lib\site-packages\urllib3\_request_methods.py:143: in request
    return self.request_encode_body(
D:\Projects\miniconda3\envs\ui_test\lib\site-packages\urllib3\_request_methods.py:278: in request_encode_body
    return self.urlopen(method, url, **extra_kw)
D:\Projects\miniconda3\envs\ui_test\lib\site-packages\urllib3\poolmanager.py:457: in urlopen
    response = conn.urlopen(method, u.request_uri, **kw)
D:\Projects\miniconda3\envs\ui_test\lib\site-packages\urllib3\connectionpool.py:841: in urlopen
    retries = retries.increment(
D:\Projects\miniconda3\envs\ui_test\lib\site-packages\urllib3\util\retry.py:490: in increment
    raise reraise(type(error), error, _stacktrace)
D:\Projects\miniconda3\envs\ui_test\lib\site-packages\urllib3\util\util.py:39: in reraise
    raise value
D:\Projects\miniconda3\envs\ui_test\lib\site-packages\urllib3\connectionpool.py:787: in urlopen
    response = self._make_request(
D:\Projects\miniconda3\envs\ui_test\lib\site-packages\urllib3\connectionpool.py:536: in _make_request
    self._raise_timeout(err=e, url=url, timeout_value=read_timeout)
D:\Projects\miniconda3\envs\ui_test\lib\site-packages\urllib3\connectionpool.py:367: in _raise_timeout
    raise ReadTimeoutError(
E   urllib3.exceptions.ReadTimeoutError: HTTPConnectionPool(host='localhost', port=58435): Read timed out. (read timeout=30)
2026-05-23 17:17:58 | WARNING | ui_test.framework.selenium_login_163music.conftest | 检测到 driver 已失联，本次失败跳过截图
2026-05-23 17:17:58 | WARNING | ui_test.framework.selenium_login_163music.conftest | 本次跳过 driver.quit()，直接清理 EdgeDriver 进程
2026-05-23 17:18:01 | INFO | ui_test.framework.selenium_login_163music.conftest | EdgeDriver 进程已结束: 24196
2026-05-23 17:18:01 | INFO | ui_test.framework.selenium_login_163music.conftest | 已清理独立浏览器环境: D:\Projects\workspace\test-practice-collection\03_ui_automation\framework\selenium_login_163music\.runtime_profiles\profile_1779527529821
2026-05-23 17:18:01 | INFO | ui_test.framework.selenium_login_163music.conftest | 冷却 5 秒后进入下一个 case
2026-05-23 17:18:06 | INFO | ui_test.framework.selenium_login_163music.conftest | 开始执行用例: tests/test_163.py::test_login_failure[case2]
2026-05-23 17:18:06 | INFO | ui_test.framework.selenium_login_163music.conftest | 准备启动 EdgeDriver: D:\Projects\workspace\test-practice-collection\03_ui_automation\framework\selenium_login_163music\utils\edgedriver_win64\msedgedriver.exe
2026-05-23 17:18:06 | INFO | ui_test.framework.selenium_login_163music.conftest | 创建独立浏览器环境: D:\Projects\workspace\test-practice-collection\03_ui_automation\framework\selenium_login_163music\.runtime_profiles\profile_1779527886239
2026-05-23 17:18:07 | INFO | ui_test.framework.selenium_login_163music.conftest | Edge 会话已创建: 9fec7337d20d916339425c934471cb4a
2026-05-23 17:18:11 | INFO | ui_test.pages.login_page | 准备点击步骤: click_login_link, locator=('css selector', '.m-tophead.f-pr.j-tflag a')
2026-05-23 17:18:11 | INFO | ui_test.pages.login_page | 【1】success click_login_link
2026-05-23 17:18:11 | INFO | ui_test.pages.login_page | 等待页面稳定: 2 秒
2026-05-23 17:18:13 | INFO | ui_test.pages.login_page | 开始记录调试信息: after_click_login_link
2026-05-23 17:18:23 | INFO | ui_test.pages.login_page | 页面调试信息[after_click_login_link]: {"agreementLink": null, "bodyHints": {"hasAccountErrorText": false, "hasAgreementText": false, "hasOtherLoginText": true, "hasPasswordLoginText": false, "hasPasswordRequiredText": false, "hasPhoneRegisterText": false, "hasPhoneRequiredText": false, "hasSliderText": false}, "errorTip": null, "loginLink": {"className": "link s-fc3", "display": "block", "height": 17, "id": "", "opacity": "1", "tag": "A", "text": "登录", "visibility": "visible", "width": 28, "x": 1257, "y": 26}, "modalPreview": {"className": "mrc-modal-wrapper mrc-modal-wrapper-center mrc-modal-center", "display": "flex", "height": 732, "id": "", "opacity": "1", "tag": "DIV", "text": "登录 扫码登录 使用 网易云音乐APP 扫码登录 选择其他登录模式 下载客户端，VIP歌曲免费听", "visibility": "visible", "width": 1528, "x": 0, "y": 0}, "otherLink": {"className": "_3xIXD0Q6", "display": "block", "height": 30, "id": "", "opacity": "1", "tag": "A", "text": "选择其他登录模式", "visibility": "visible", "width": 120, "x": 704, "y": 463}, "passwordLink": null, "phoneLink": null, "readyState": "complete", "title": "网易云音乐", "url": "https://music.163.com/"}
2026-05-23 17:18:23 | INFO | ui_test.pages.login_page | 准备点击步骤: click_other_link, locator=('xpath', '//a[contains(text(), "选择其他登录模式")]')
2026-05-23 17:18:53 | INFO | ui_test.pages.login_page | 开始记录调试信息: click_other_link_find_failed
2026-05-23 17:19:23 | ERROR | ui_test.pages.login_page | 记录页面调试信息失败: click_other_link_find_failed
Traceback (most recent call last):
  File "D:\Projects\miniconda3\envs\ui_test\lib\site-packages\urllib3\connectionpool.py", line 534, in _make_request
    response = conn.getresponse()
  File "D:\Projects\miniconda3\envs\ui_test\lib\site-packages\urllib3\connection.py", line 571, in getresponse
    httplib_response = super().getresponse()
  File "D:\Projects\miniconda3\envs\ui_test\lib\http\client.py", line 1395, in getresponse
    response.begin()
  File "D:\Projects\miniconda3\envs\ui_test\lib\http\client.py", line 323, in begin
    version, status, reason = self._read_status()
  File "D:\Projects\miniconda3\envs\ui_test\lib\http\client.py", line 284, in _read_status
    line = str(self.fp.readline(_MAXLINE + 1), "iso-8859-1")
  File "D:\Projects\miniconda3\envs\ui_test\lib\socket.py", line 717, in readinto
    return self._sock.recv_into(b)
TimeoutError: timed out

The above exception was the direct cause of the following exception:

Traceback (most recent call last):
  File "D:\Projects\workspace\test-practice-collection\03_ui_automation\framework\selenium_login_163music\pages\login_page.py", line 154, in safe_click_raw
    element = self.find_element(locator, timeout=timeout)
  File "D:\Projects\workspace\test-practice-collection\03_ui_automation\framework\selenium_login_163music\pages\base_page.py", line 26, in find_element
    return self._build_wait(timeout).until(EC.visibility_of_element_located(locator))
  File "D:\Projects\miniconda3\envs\ui_test\lib\site-packages\selenium\webdriver\support\wait.py", line 112, in until
    value = method(self._driver)
  File "D:\Projects\miniconda3\envs\ui_test\lib\site-packages\selenium\webdriver\support\expected_conditions.py", line 184, in _predicate
    return _element_if_visible(driver.find_element(*locator))
  File "D:\Projects\miniconda3\envs\ui_test\lib\site-packages\selenium\webdriver\remote\webdriver.py", line 823, in find_element
    return self.execute(Command.FIND_ELEMENT, {"using": by, "value": value})["value"]
  File "D:\Projects\miniconda3\envs\ui_test\lib\site-packages\selenium\webdriver\remote\webdriver.py", line 447, in execute
    response = cast(RemoteConnection, self.command_executor).execute(driver_command, params)
  File "D:\Projects\miniconda3\envs\ui_test\lib\site-packages\selenium\webdriver\remote\remote_connection.py", line 407, in execute
    return self._request(command_info[0], url, body=data)
  File "D:\Projects\miniconda3\envs\ui_test\lib\site-packages\selenium\webdriver\remote\remote_connection.py", line 431, in _request
    response = self._conn.request(method, url, body=body, headers=headers, timeout=self._client_config.timeout)
  File "D:\Projects\miniconda3\envs\ui_test\lib\site-packages\urllib3\_request_methods.py", line 143, in request
    return self.request_encode_body(
  File "D:\Projects\miniconda3\envs\ui_test\lib\site-packages\urllib3\_request_methods.py", line 278, in request_encode_body
    return self.urlopen(method, url, **extra_kw)
  File "D:\Projects\miniconda3\envs\ui_test\lib\site-packages\urllib3\poolmanager.py", line 457, in urlopen
    response = conn.urlopen(method, u.request_uri, **kw)
  File "D:\Projects\miniconda3\envs\ui_test\lib\site-packages\urllib3\connectionpool.py", line 841, in urlopen
    retries = retries.increment(
  File "D:\Projects\miniconda3\envs\ui_test\lib\site-packages\urllib3\util\retry.py", line 490, in increment
    raise reraise(type(error), error, _stacktrace)
  File "D:\Projects\miniconda3\envs\ui_test\lib\site-packages\urllib3\util\util.py", line 39, in reraise
    raise value
  File "D:\Projects\miniconda3\envs\ui_test\lib\site-packages\urllib3\connectionpool.py", line 787, in urlopen
    response = self._make_request(
  File "D:\Projects\miniconda3\envs\ui_test\lib\site-packages\urllib3\connectionpool.py", line 536, in _make_request
    self._raise_timeout(err=e, url=url, timeout_value=read_timeout)
  File "D:\Projects\miniconda3\envs\ui_test\lib\site-packages\urllib3\connectionpool.py", line 367, in _raise_timeout
    raise ReadTimeoutError(
urllib3.exceptions.ReadTimeoutError: HTTPConnectionPool(host='localhost', port=60157): Read timed out. (read timeout=30)

During handling of the above exception, another exception occurred:

Traceback (most recent call last):
  File "D:\Projects\miniconda3\envs\ui_test\lib\site-packages\urllib3\connectionpool.py", line 534, in _make_request
    response = conn.getresponse()
  File "D:\Projects\miniconda3\envs\ui_test\lib\site-packages\urllib3\connection.py", line 571, in getresponse
    httplib_response = super().getresponse()
  File "D:\Projects\miniconda3\envs\ui_test\lib\http\client.py", line 1395, in getresponse
    response.begin()
  File "D:\Projects\miniconda3\envs\ui_test\lib\http\client.py", line 323, in begin
    version, status, reason = self._read_status()
  File "D:\Projects\miniconda3\envs\ui_test\lib\http\client.py", line 284, in _read_status
    line = str(self.fp.readline(_MAXLINE + 1), "iso-8859-1")
  File "D:\Projects\miniconda3\envs\ui_test\lib\socket.py", line 717, in readinto
    return self._sock.recv_into(b)
TimeoutError: timed out

The above exception was the direct cause of the following exception:

Traceback (most recent call last):
  File "D:\Projects\workspace\test-practice-collection\03_ui_automation\framework\selenium_login_163music\pages\login_page.py", line 54, in debug_page_state
    state = self.driver.execute_script(
  File "D:\Projects\miniconda3\envs\ui_test\lib\site-packages\selenium\webdriver\remote\webdriver.py", line 536, in execute_script
    return self.execute(command, {"script": script, "args": converted_args})["value"]
  File "D:\Projects\miniconda3\envs\ui_test\lib\site-packages\selenium\webdriver\remote\webdriver.py", line 447, in execute
    response = cast(RemoteConnection, self.command_executor).execute(driver_command, params)
  File "D:\Projects\miniconda3\envs\ui_test\lib\site-packages\selenium\webdriver\remote\remote_connection.py", line 407, in execute
    return self._request(command_info[0], url, body=data)
  File "D:\Projects\miniconda3\envs\ui_test\lib\site-packages\selenium\webdriver\remote\remote_connection.py", line 431, in _request
    response = self._conn.request(method, url, body=body, headers=headers, timeout=self._client_config.timeout)
  File "D:\Projects\miniconda3\envs\ui_test\lib\site-packages\urllib3\_request_methods.py", line 143, in request
    return self.request_encode_body(
  File "D:\Projects\miniconda3\envs\ui_test\lib\site-packages\urllib3\_request_methods.py", line 278, in request_encode_body
    return self.urlopen(method, url, **extra_kw)
  File "D:\Projects\miniconda3\envs\ui_test\lib\site-packages\urllib3\poolmanager.py", line 457, in urlopen
    response = conn.urlopen(method, u.request_uri, **kw)
  File "D:\Projects\miniconda3\envs\ui_test\lib\site-packages\urllib3\connectionpool.py", line 841, in urlopen
    retries = retries.increment(
  File "D:\Projects\miniconda3\envs\ui_test\lib\site-packages\urllib3\util\retry.py", line 490, in increment
    raise reraise(type(error), error, _stacktrace)
  File "D:\Projects\miniconda3\envs\ui_test\lib\site-packages\urllib3\util\util.py", line 39, in reraise
    raise value
  File "D:\Projects\miniconda3\envs\ui_test\lib\site-packages\urllib3\connectionpool.py", line 787, in urlopen
    response = self._make_request(
  File "D:\Projects\miniconda3\envs\ui_test\lib\site-packages\urllib3\connectionpool.py", line 536, in _make_request
    self._raise_timeout(err=e, url=url, timeout_value=read_timeout)
  File "D:\Projects\miniconda3\envs\ui_test\lib\site-packages\urllib3\connectionpool.py", line 367, in _raise_timeout
    raise ReadTimeoutError(
urllib3.exceptions.ReadTimeoutError: HTTPConnectionPool(host='localhost', port=60157): Read timed out. (read timeout=30)
2026-05-23 17:21:23 | ERROR | ui_test.pages.login_page | 保存调试截图失败: click_other_link_find_failed
Traceback (most recent call last):
  File "D:\Projects\miniconda3\envs\ui_test\lib\site-packages\urllib3\connectionpool.py", line 534, in _make_request
    response = conn.getresponse()
  File "D:\Projects\miniconda3\envs\ui_test\lib\site-packages\urllib3\connection.py", line 571, in getresponse
    httplib_response = super().getresponse()
  File "D:\Projects\miniconda3\envs\ui_test\lib\http\client.py", line 1395, in getresponse
    response.begin()
  File "D:\Projects\miniconda3\envs\ui_test\lib\http\client.py", line 323, in begin
    version, status, reason = self._read_status()
  File "D:\Projects\miniconda3\envs\ui_test\lib\http\client.py", line 284, in _read_status
    line = str(self.fp.readline(_MAXLINE + 1), "iso-8859-1")
  File "D:\Projects\miniconda3\envs\ui_test\lib\socket.py", line 717, in readinto
    return self._sock.recv_into(b)
TimeoutError: timed out

The above exception was the direct cause of the following exception:

Traceback (most recent call last):
  File "D:\Projects\workspace\test-practice-collection\03_ui_automation\framework\selenium_login_163music\pages\login_page.py", line 154, in safe_click_raw
    element = self.find_element(locator, timeout=timeout)
  File "D:\Projects\workspace\test-practice-collection\03_ui_automation\framework\selenium_login_163music\pages\base_page.py", line 26, in find_element
    return self._build_wait(timeout).until(EC.visibility_of_element_located(locator))
  File "D:\Projects\miniconda3\envs\ui_test\lib\site-packages\selenium\webdriver\support\wait.py", line 112, in until
    value = method(self._driver)
  File "D:\Projects\miniconda3\envs\ui_test\lib\site-packages\selenium\webdriver\support\expected_conditions.py", line 184, in _predicate
    return _element_if_visible(driver.find_element(*locator))
  File "D:\Projects\miniconda3\envs\ui_test\lib\site-packages\selenium\webdriver\remote\webdriver.py", line 823, in find_element
    return self.execute(Command.FIND_ELEMENT, {"using": by, "value": value})["value"]
  File "D:\Projects\miniconda3\envs\ui_test\lib\site-packages\selenium\webdriver\remote\webdriver.py", line 447, in execute
    response = cast(RemoteConnection, self.command_executor).execute(driver_command, params)
  File "D:\Projects\miniconda3\envs\ui_test\lib\site-packages\selenium\webdriver\remote\remote_connection.py", line 407, in execute
    return self._request(command_info[0], url, body=data)
  File "D:\Projects\miniconda3\envs\ui_test\lib\site-packages\selenium\webdriver\remote\remote_connection.py", line 431, in _request
    response = self._conn.request(method, url, body=body, headers=headers, timeout=self._client_config.timeout)
  File "D:\Projects\miniconda3\envs\ui_test\lib\site-packages\urllib3\_request_methods.py", line 143, in request
    return self.request_encode_body(
  File "D:\Projects\miniconda3\envs\ui_test\lib\site-packages\urllib3\_request_methods.py", line 278, in request_encode_body
    return self.urlopen(method, url, **extra_kw)
  File "D:\Projects\miniconda3\envs\ui_test\lib\site-packages\urllib3\poolmanager.py", line 457, in urlopen
    response = conn.urlopen(method, u.request_uri, **kw)
  File "D:\Projects\miniconda3\envs\ui_test\lib\site-packages\urllib3\connectionpool.py", line 841, in urlopen
    retries = retries.increment(
  File "D:\Projects\miniconda3\envs\ui_test\lib\site-packages\urllib3\util\retry.py", line 490, in increment
    raise reraise(type(error), error, _stacktrace)
  File "D:\Projects\miniconda3\envs\ui_test\lib\site-packages\urllib3\util\util.py", line 39, in reraise
    raise value
  File "D:\Projects\miniconda3\envs\ui_test\lib\site-packages\urllib3\connectionpool.py", line 787, in urlopen
    response = self._make_request(
  File "D:\Projects\miniconda3\envs\ui_test\lib\site-packages\urllib3\connectionpool.py", line 536, in _make_request
    self._raise_timeout(err=e, url=url, timeout_value=read_timeout)
  File "D:\Projects\miniconda3\envs\ui_test\lib\site-packages\urllib3\connectionpool.py", line 367, in _raise_timeout
    raise ReadTimeoutError(
urllib3.exceptions.ReadTimeoutError: HTTPConnectionPool(host='localhost', port=60157): Read timed out. (read timeout=30)

During handling of the above exception, another exception occurred:

Traceback (most recent call last):
  File "D:\Projects\miniconda3\envs\ui_test\lib\site-packages\urllib3\connectionpool.py", line 534, in _make_request
    response = conn.getresponse()
  File "D:\Projects\miniconda3\envs\ui_test\lib\site-packages\urllib3\connection.py", line 571, in getresponse
    httplib_response = super().getresponse()
  File "D:\Projects\miniconda3\envs\ui_test\lib\http\client.py", line 1395, in getresponse
    response.begin()
  File "D:\Projects\miniconda3\envs\ui_test\lib\http\client.py", line 323, in begin
    version, status, reason = self._read_status()
  File "D:\Projects\miniconda3\envs\ui_test\lib\http\client.py", line 284, in _read_status
    line = str(self.fp.readline(_MAXLINE + 1), "iso-8859-1")
  File "D:\Projects\miniconda3\envs\ui_test\lib\socket.py", line 717, in readinto
    return self._sock.recv_into(b)
TimeoutError: timed out

The above exception was the direct cause of the following exception:

Traceback (most recent call last):
  File "D:\Projects\miniconda3\envs\ui_test\lib\site-packages\urllib3\connectionpool.py", line 787, in urlopen
    response = self._make_request(
  File "D:\Projects\miniconda3\envs\ui_test\lib\site-packages\urllib3\connectionpool.py", line 536, in _make_request
    self._raise_timeout(err=e, url=url, timeout_value=read_timeout)
  File "D:\Projects\miniconda3\envs\ui_test\lib\site-packages\urllib3\connectionpool.py", line 367, in _raise_timeout
    raise ReadTimeoutError(
urllib3.exceptions.ReadTimeoutError: HTTPConnectionPool(host='localhost', port=60157): Read timed out. (read timeout=30)

The above exception was the direct cause of the following exception:

Traceback (most recent call last):
  File "D:\Projects\workspace\test-practice-collection\03_ui_automation\framework\selenium_login_163music\pages\login_page.py", line 134, in debug_page_state
    screenshot_path = self.take_screenshot(f"debug_{tag}")
  File "D:\Projects\workspace\test-practice-collection\03_ui_automation\framework\selenium_login_163music\pages\base_page.py", line 66, in take_screenshot
    screenshot_path = save_driver_screenshot(self.driver, name)
  File "D:\Projects\workspace\test-practice-collection\03_ui_automation\framework\selenium_login_163music\utils\log_helper.py", line 68, in save_driver_screenshot
    if driver.save_screenshot(str(screenshot_path)):
  File "D:\Projects\miniconda3\envs\ui_test\lib\site-packages\selenium\webdriver\remote\webdriver.py", line 903, in save_screenshot
    return self.get_screenshot_as_file(filename)
  File "D:\Projects\miniconda3\envs\ui_test\lib\site-packages\selenium\webdriver\remote\webdriver.py", line 880, in get_screenshot_as_file
    png = self.get_screenshot_as_png()
  File "D:\Projects\miniconda3\envs\ui_test\lib\site-packages\selenium\webdriver\remote\webdriver.py", line 911, in get_screenshot_as_png
    return b64decode(self.get_screenshot_as_base64().encode("ascii"))
  File "D:\Projects\miniconda3\envs\ui_test\lib\site-packages\selenium\webdriver\remote\webdriver.py", line 921, in get_screenshot_as_base64
    return self.execute(Command.SCREENSHOT)["value"]
  File "D:\Projects\miniconda3\envs\ui_test\lib\site-packages\selenium\webdriver\remote\webdriver.py", line 447, in execute
    response = cast(RemoteConnection, self.command_executor).execute(driver_command, params)
  File "D:\Projects\miniconda3\envs\ui_test\lib\site-packages\selenium\webdriver\remote\remote_connection.py", line 407, in execute
    return self._request(command_info[0], url, body=data)
  File "D:\Projects\miniconda3\envs\ui_test\lib\site-packages\selenium\webdriver\remote\remote_connection.py", line 431, in _request
    response = self._conn.request(method, url, body=body, headers=headers, timeout=self._client_config.timeout)
  File "D:\Projects\miniconda3\envs\ui_test\lib\site-packages\urllib3\_request_methods.py", line 135, in request
    return self.request_encode_url(
  File "D:\Projects\miniconda3\envs\ui_test\lib\site-packages\urllib3\_request_methods.py", line 182, in request_encode_url
    return self.urlopen(method, url, **extra_kw)
  File "D:\Projects\miniconda3\envs\ui_test\lib\site-packages\urllib3\poolmanager.py", line 457, in urlopen
    response = conn.urlopen(method, u.request_uri, **kw)
  File "D:\Projects\miniconda3\envs\ui_test\lib\site-packages\urllib3\connectionpool.py", line 871, in urlopen
    return self.urlopen(
  File "D:\Projects\miniconda3\envs\ui_test\lib\site-packages\urllib3\connectionpool.py", line 871, in urlopen
    return self.urlopen(
  File "D:\Projects\miniconda3\envs\ui_test\lib\site-packages\urllib3\connectionpool.py", line 871, in urlopen
    return self.urlopen(
  File "D:\Projects\miniconda3\envs\ui_test\lib\site-packages\urllib3\connectionpool.py", line 841, in urlopen
    retries = retries.increment(
  File "D:\Projects\miniconda3\envs\ui_test\lib\site-packages\urllib3\util\retry.py", line 535, in increment
    raise MaxRetryError(_pool, url, reason) from reason  # type: ignore[arg-type]
urllib3.exceptions.MaxRetryError: HTTPConnectionPool(host='localhost', port=60157): Max retries exceeded with url: /session/9fec7337d20d916339425c934471cb4a/screenshot (Caused by ReadTimeoutError("HTTPConnectionPool(host='localhost', port=60157): Read timed out. (read timeout=30)"))
2026-05-23 17:21:23 | ERROR | ui_test.pages.login_page | 登录流程执行失败，失败步骤: click_other_link
Traceback (most recent call last):
  File "D:\Projects\miniconda3\envs\ui_test\lib\site-packages\urllib3\connectionpool.py", line 534, in _make_request
    response = conn.getresponse()
  File "D:\Projects\miniconda3\envs\ui_test\lib\site-packages\urllib3\connection.py", line 571, in getresponse
    httplib_response = super().getresponse()
  File "D:\Projects\miniconda3\envs\ui_test\lib\http\client.py", line 1395, in getresponse
    response.begin()
  File "D:\Projects\miniconda3\envs\ui_test\lib\http\client.py", line 323, in begin
    version, status, reason = self._read_status()
  File "D:\Projects\miniconda3\envs\ui_test\lib\http\client.py", line 284, in _read_status
    line = str(self.fp.readline(_MAXLINE + 1), "iso-8859-1")
  File "D:\Projects\miniconda3\envs\ui_test\lib\socket.py", line 717, in readinto
    return self._sock.recv_into(b)
TimeoutError: timed out

The above exception was the direct cause of the following exception:

Traceback (most recent call last):
  File "D:\Projects\workspace\test-practice-collection\03_ui_automation\framework\selenium_login_163music\pages\login_page.py", line 239, in login
    self.click_other_link()
  File "D:\Projects\workspace\test-practice-collection\03_ui_automation\framework\selenium_login_163music\pages\login_page.py", line 193, in click_other_link
    self.safe_click_raw(self.OTHER_LINK, step_name="click_other_link")
  File "D:\Projects\workspace\test-practice-collection\03_ui_automation\framework\selenium_login_163music\pages\login_page.py", line 154, in safe_click_raw
    element = self.find_element(locator, timeout=timeout)
  File "D:\Projects\workspace\test-practice-collection\03_ui_automation\framework\selenium_login_163music\pages\base_page.py", line 26, in find_element
    return self._build_wait(timeout).until(EC.visibility_of_element_located(locator))
  File "D:\Projects\miniconda3\envs\ui_test\lib\site-packages\selenium\webdriver\support\wait.py", line 112, in until
    value = method(self._driver)
  File "D:\Projects\miniconda3\envs\ui_test\lib\site-packages\selenium\webdriver\support\expected_conditions.py", line 184, in _predicate
    return _element_if_visible(driver.find_element(*locator))
  File "D:\Projects\miniconda3\envs\ui_test\lib\site-packages\selenium\webdriver\remote\webdriver.py", line 823, in find_element
    return self.execute(Command.FIND_ELEMENT, {"using": by, "value": value})["value"]
  File "D:\Projects\miniconda3\envs\ui_test\lib\site-packages\selenium\webdriver\remote\webdriver.py", line 447, in execute
    response = cast(RemoteConnection, self.command_executor).execute(driver_command, params)
  File "D:\Projects\miniconda3\envs\ui_test\lib\site-packages\selenium\webdriver\remote\remote_connection.py", line 407, in execute
    return self._request(command_info[0], url, body=data)
  File "D:\Projects\miniconda3\envs\ui_test\lib\site-packages\selenium\webdriver\remote\remote_connection.py", line 431, in _request
    response = self._conn.request(method, url, body=body, headers=headers, timeout=self._client_config.timeout)
  File "D:\Projects\miniconda3\envs\ui_test\lib\site-packages\urllib3\_request_methods.py", line 143, in request
    return self.request_encode_body(
  File "D:\Projects\miniconda3\envs\ui_test\lib\site-packages\urllib3\_request_methods.py", line 278, in request_encode_body
    return self.urlopen(method, url, **extra_kw)
  File "D:\Projects\miniconda3\envs\ui_test\lib\site-packages\urllib3\poolmanager.py", line 457, in urlopen
    response = conn.urlopen(method, u.request_uri, **kw)
  File "D:\Projects\miniconda3\envs\ui_test\lib\site-packages\urllib3\connectionpool.py", line 841, in urlopen
    retries = retries.increment(
  File "D:\Projects\miniconda3\envs\ui_test\lib\site-packages\urllib3\util\retry.py", line 490, in increment
    raise reraise(type(error), error, _stacktrace)
  File "D:\Projects\miniconda3\envs\ui_test\lib\site-packages\urllib3\util\util.py", line 39, in reraise
    raise value
  File "D:\Projects\miniconda3\envs\ui_test\lib\site-packages\urllib3\connectionpool.py", line 787, in urlopen
    response = self._make_request(
  File "D:\Projects\miniconda3\envs\ui_test\lib\site-packages\urllib3\connectionpool.py", line 536, in _make_request
    self._raise_timeout(err=e, url=url, timeout_value=read_timeout)
  File "D:\Projects\miniconda3\envs\ui_test\lib\site-packages\urllib3\connectionpool.py", line 367, in _raise_timeout
    raise ReadTimeoutError(
urllib3.exceptions.ReadTimeoutError: HTTPConnectionPool(host='localhost', port=60157): Read timed out. (read timeout=30)
2026-05-23 17:21:23 | INFO | ui_test.pages.login_page | 开始记录调试信息: login_exception_click_other_link
2026-05-23 17:21:53 | ERROR | ui_test.pages.login_page | 记录页面调试信息失败: login_exception_click_other_link
Traceback (most recent call last):
  File "D:\Projects\miniconda3\envs\ui_test\lib\site-packages\urllib3\connectionpool.py", line 534, in _make_request
    response = conn.getresponse()
  File "D:\Projects\miniconda3\envs\ui_test\lib\site-packages\urllib3\connection.py", line 571, in getresponse
    httplib_response = super().getresponse()
  File "D:\Projects\miniconda3\envs\ui_test\lib\http\client.py", line 1395, in getresponse
    response.begin()
  File "D:\Projects\miniconda3\envs\ui_test\lib\http\client.py", line 323, in begin
    version, status, reason = self._read_status()
  File "D:\Projects\miniconda3\envs\ui_test\lib\http\client.py", line 284, in _read_status
    line = str(self.fp.readline(_MAXLINE + 1), "iso-8859-1")
  File "D:\Projects\miniconda3\envs\ui_test\lib\socket.py", line 717, in readinto
    return self._sock.recv_into(b)
TimeoutError: timed out

The above exception was the direct cause of the following exception:

Traceback (most recent call last):
  File "D:\Projects\workspace\test-practice-collection\03_ui_automation\framework\selenium_login_163music\pages\login_page.py", line 239, in login
    self.click_other_link()
  File "D:\Projects\workspace\test-practice-collection\03_ui_automation\framework\selenium_login_163music\pages\login_page.py", line 193, in click_other_link
    self.safe_click_raw(self.OTHER_LINK, step_name="click_other_link")
  File "D:\Projects\workspace\test-practice-collection\03_ui_automation\framework\selenium_login_163music\pages\login_page.py", line 154, in safe_click_raw
    element = self.find_element(locator, timeout=timeout)
  File "D:\Projects\workspace\test-practice-collection\03_ui_automation\framework\selenium_login_163music\pages\base_page.py", line 26, in find_element
    return self._build_wait(timeout).until(EC.visibility_of_element_located(locator))
  File "D:\Projects\miniconda3\envs\ui_test\lib\site-packages\selenium\webdriver\support\wait.py", line 112, in until
    value = method(self._driver)
  File "D:\Projects\miniconda3\envs\ui_test\lib\site-packages\selenium\webdriver\support\expected_conditions.py", line 184, in _predicate
    return _element_if_visible(driver.find_element(*locator))
  File "D:\Projects\miniconda3\envs\ui_test\lib\site-packages\selenium\webdriver\remote\webdriver.py", line 823, in find_element
    return self.execute(Command.FIND_ELEMENT, {"using": by, "value": value})["value"]
  File "D:\Projects\miniconda3\envs\ui_test\lib\site-packages\selenium\webdriver\remote\webdriver.py", line 447, in execute
    response = cast(RemoteConnection, self.command_executor).execute(driver_command, params)
  File "D:\Projects\miniconda3\envs\ui_test\lib\site-packages\selenium\webdriver\remote\remote_connection.py", line 407, in execute
    return self._request(command_info[0], url, body=data)
  File "D:\Projects\miniconda3\envs\ui_test\lib\site-packages\selenium\webdriver\remote\remote_connection.py", line 431, in _request
    response = self._conn.request(method, url, body=body, headers=headers, timeout=self._client_config.timeout)
  File "D:\Projects\miniconda3\envs\ui_test\lib\site-packages\urllib3\_request_methods.py", line 143, in request
    return self.request_encode_body(
  File "D:\Projects\miniconda3\envs\ui_test\lib\site-packages\urllib3\_request_methods.py", line 278, in request_encode_body
    return self.urlopen(method, url, **extra_kw)
  File "D:\Projects\miniconda3\envs\ui_test\lib\site-packages\urllib3\poolmanager.py", line 457, in urlopen
    response = conn.urlopen(method, u.request_uri, **kw)
  File "D:\Projects\miniconda3\envs\ui_test\lib\site-packages\urllib3\connectionpool.py", line 841, in urlopen
    retries = retries.increment(
  File "D:\Projects\miniconda3\envs\ui_test\lib\site-packages\urllib3\util\retry.py", line 490, in increment
    raise reraise(type(error), error, _stacktrace)
  File "D:\Projects\miniconda3\envs\ui_test\lib\site-packages\urllib3\util\util.py", line 39, in reraise
    raise value
  File "D:\Projects\miniconda3\envs\ui_test\lib\site-packages\urllib3\connectionpool.py", line 787, in urlopen
    response = self._make_request(
  File "D:\Projects\miniconda3\envs\ui_test\lib\site-packages\urllib3\connectionpool.py", line 536, in _make_request
    self._raise_timeout(err=e, url=url, timeout_value=read_timeout)
  File "D:\Projects\miniconda3\envs\ui_test\lib\site-packages\urllib3\connectionpool.py", line 367, in _raise_timeout
    raise ReadTimeoutError(
urllib3.exceptions.ReadTimeoutError: HTTPConnectionPool(host='localhost', port=60157): Read timed out. (read timeout=30)

During handling of the above exception, another exception occurred:

Traceback (most recent call last):
  File "D:\Projects\miniconda3\envs\ui_test\lib\site-packages\urllib3\connectionpool.py", line 534, in _make_request
    response = conn.getresponse()
  File "D:\Projects\miniconda3\envs\ui_test\lib\site-packages\urllib3\connection.py", line 571, in getresponse
    httplib_response = super().getresponse()
  File "D:\Projects\miniconda3\envs\ui_test\lib\http\client.py", line 1395, in getresponse
    response.begin()
  File "D:\Projects\miniconda3\envs\ui_test\lib\http\client.py", line 323, in begin
    version, status, reason = self._read_status()
  File "D:\Projects\miniconda3\envs\ui_test\lib\http\client.py", line 284, in _read_status
    line = str(self.fp.readline(_MAXLINE + 1), "iso-8859-1")
  File "D:\Projects\miniconda3\envs\ui_test\lib\socket.py", line 717, in readinto
    return self._sock.recv_into(b)
TimeoutError: timed out

The above exception was the direct cause of the following exception:

Traceback (most recent call last):
  File "D:\Projects\workspace\test-practice-collection\03_ui_automation\framework\selenium_login_163music\pages\login_page.py", line 54, in debug_page_state
    state = self.driver.execute_script(
  File "D:\Projects\miniconda3\envs\ui_test\lib\site-packages\selenium\webdriver\remote\webdriver.py", line 536, in execute_script
    return self.execute(command, {"script": script, "args": converted_args})["value"]
  File "D:\Projects\miniconda3\envs\ui_test\lib\site-packages\selenium\webdriver\remote\webdriver.py", line 447, in execute
    response = cast(RemoteConnection, self.command_executor).execute(driver_command, params)
  File "D:\Projects\miniconda3\envs\ui_test\lib\site-packages\selenium\webdriver\remote\remote_connection.py", line 407, in execute
    return self._request(command_info[0], url, body=data)
  File "D:\Projects\miniconda3\envs\ui_test\lib\site-packages\selenium\webdriver\remote\remote_connection.py", line 431, in _request
    response = self._conn.request(method, url, body=body, headers=headers, timeout=self._client_config.timeout)
  File "D:\Projects\miniconda3\envs\ui_test\lib\site-packages\urllib3\_request_methods.py", line 143, in request
    return self.request_encode_body(
  File "D:\Projects\miniconda3\envs\ui_test\lib\site-packages\urllib3\_request_methods.py", line 278, in request_encode_body
    return self.urlopen(method, url, **extra_kw)
  File "D:\Projects\miniconda3\envs\ui_test\lib\site-packages\urllib3\poolmanager.py", line 457, in urlopen
    response = conn.urlopen(method, u.request_uri, **kw)
  File "D:\Projects\miniconda3\envs\ui_test\lib\site-packages\urllib3\connectionpool.py", line 841, in urlopen
    retries = retries.increment(
  File "D:\Projects\miniconda3\envs\ui_test\lib\site-packages\urllib3\util\retry.py", line 490, in increment
    raise reraise(type(error), error, _stacktrace)
  File "D:\Projects\miniconda3\envs\ui_test\lib\site-packages\urllib3\util\util.py", line 39, in reraise
    raise value
  File "D:\Projects\miniconda3\envs\ui_test\lib\site-packages\urllib3\connectionpool.py", line 787, in urlopen
    response = self._make_request(
  File "D:\Projects\miniconda3\envs\ui_test\lib\site-packages\urllib3\connectionpool.py", line 536, in _make_request
    self._raise_timeout(err=e, url=url, timeout_value=read_timeout)
  File "D:\Projects\miniconda3\envs\ui_test\lib\site-packages\urllib3\connectionpool.py", line 367, in _raise_timeout
    raise ReadTimeoutError(
urllib3.exceptions.ReadTimeoutError: HTTPConnectionPool(host='localhost', port=60157): Read timed out. (read timeout=30)
2026-05-23 17:23:53 | ERROR | ui_test.pages.login_page | 保存调试截图失败: login_exception_click_other_link
Traceback (most recent call last):
  File "D:\Projects\miniconda3\envs\ui_test\lib\site-packages\urllib3\connectionpool.py", line 534, in _make_request
    response = conn.getresponse()
  File "D:\Projects\miniconda3\envs\ui_test\lib\site-packages\urllib3\connection.py", line 571, in getresponse
    httplib_response = super().getresponse()
  File "D:\Projects\miniconda3\envs\ui_test\lib\http\client.py", line 1395, in getresponse
    response.begin()
  File "D:\Projects\miniconda3\envs\ui_test\lib\http\client.py", line 323, in begin
    version, status, reason = self._read_status()
  File "D:\Projects\miniconda3\envs\ui_test\lib\http\client.py", line 284, in _read_status
    line = str(self.fp.readline(_MAXLINE + 1), "iso-8859-1")
  File "D:\Projects\miniconda3\envs\ui_test\lib\socket.py", line 717, in readinto
    return self._sock.recv_into(b)
TimeoutError: timed out

The above exception was the direct cause of the following exception:

Traceback (most recent call last):
  File "D:\Projects\workspace\test-practice-collection\03_ui_automation\framework\selenium_login_163music\pages\login_page.py", line 239, in login
    self.click_other_link()
  File "D:\Projects\workspace\test-practice-collection\03_ui_automation\framework\selenium_login_163music\pages\login_page.py", line 193, in click_other_link
    self.safe_click_raw(self.OTHER_LINK, step_name="click_other_link")
  File "D:\Projects\workspace\test-practice-collection\03_ui_automation\framework\selenium_login_163music\pages\login_page.py", line 154, in safe_click_raw
    element = self.find_element(locator, timeout=timeout)
  File "D:\Projects\workspace\test-practice-collection\03_ui_automation\framework\selenium_login_163music\pages\base_page.py", line 26, in find_element
    return self._build_wait(timeout).until(EC.visibility_of_element_located(locator))
  File "D:\Projects\miniconda3\envs\ui_test\lib\site-packages\selenium\webdriver\support\wait.py", line 112, in until
    value = method(self._driver)
  File "D:\Projects\miniconda3\envs\ui_test\lib\site-packages\selenium\webdriver\support\expected_conditions.py", line 184, in _predicate
    return _element_if_visible(driver.find_element(*locator))
  File "D:\Projects\miniconda3\envs\ui_test\lib\site-packages\selenium\webdriver\remote\webdriver.py", line 823, in find_element
    return self.execute(Command.FIND_ELEMENT, {"using": by, "value": value})["value"]
  File "D:\Projects\miniconda3\envs\ui_test\lib\site-packages\selenium\webdriver\remote\webdriver.py", line 447, in execute
    response = cast(RemoteConnection, self.command_executor).execute(driver_command, params)
  File "D:\Projects\miniconda3\envs\ui_test\lib\site-packages\selenium\webdriver\remote\remote_connection.py", line 407, in execute
    return self._request(command_info[0], url, body=data)
  File "D:\Projects\miniconda3\envs\ui_test\lib\site-packages\selenium\webdriver\remote\remote_connection.py", line 431, in _request
    response = self._conn.request(method, url, body=body, headers=headers, timeout=self._client_config.timeout)
  File "D:\Projects\miniconda3\envs\ui_test\lib\site-packages\urllib3\_request_methods.py", line 143, in request
    return self.request_encode_body(
  File "D:\Projects\miniconda3\envs\ui_test\lib\site-packages\urllib3\_request_methods.py", line 278, in request_encode_body
    return self.urlopen(method, url, **extra_kw)
  File "D:\Projects\miniconda3\envs\ui_test\lib\site-packages\urllib3\poolmanager.py", line 457, in urlopen
    response = conn.urlopen(method, u.request_uri, **kw)
  File "D:\Projects\miniconda3\envs\ui_test\lib\site-packages\urllib3\connectionpool.py", line 841, in urlopen
    retries = retries.increment(
  File "D:\Projects\miniconda3\envs\ui_test\lib\site-packages\urllib3\util\retry.py", line 490, in increment
    raise reraise(type(error), error, _stacktrace)
  File "D:\Projects\miniconda3\envs\ui_test\lib\site-packages\urllib3\util\util.py", line 39, in reraise
    raise value
  File "D:\Projects\miniconda3\envs\ui_test\lib\site-packages\urllib3\connectionpool.py", line 787, in urlopen
    response = self._make_request(
  File "D:\Projects\miniconda3\envs\ui_test\lib\site-packages\urllib3\connectionpool.py", line 536, in _make_request
    self._raise_timeout(err=e, url=url, timeout_value=read_timeout)
  File "D:\Projects\miniconda3\envs\ui_test\lib\site-packages\urllib3\connectionpool.py", line 367, in _raise_timeout
    raise ReadTimeoutError(
urllib3.exceptions.ReadTimeoutError: HTTPConnectionPool(host='localhost', port=60157): Read timed out. (read timeout=30)

During handling of the above exception, another exception occurred:

Traceback (most recent call last):
  File "D:\Projects\miniconda3\envs\ui_test\lib\site-packages\urllib3\connectionpool.py", line 534, in _make_request
    response = conn.getresponse()
  File "D:\Projects\miniconda3\envs\ui_test\lib\site-packages\urllib3\connection.py", line 571, in getresponse
    httplib_response = super().getresponse()
  File "D:\Projects\miniconda3\envs\ui_test\lib\http\client.py", line 1395, in getresponse
    response.begin()
  File "D:\Projects\miniconda3\envs\ui_test\lib\http\client.py", line 323, in begin
    version, status, reason = self._read_status()
  File "D:\Projects\miniconda3\envs\ui_test\lib\http\client.py", line 284, in _read_status
    line = str(self.fp.readline(_MAXLINE + 1), "iso-8859-1")
  File "D:\Projects\miniconda3\envs\ui_test\lib\socket.py", line 717, in readinto
    return self._sock.recv_into(b)
TimeoutError: timed out

The above exception was the direct cause of the following exception:

Traceback (most recent call last):
  File "D:\Projects\miniconda3\envs\ui_test\lib\site-packages\urllib3\connectionpool.py", line 787, in urlopen
    response = self._make_request(
  File "D:\Projects\miniconda3\envs\ui_test\lib\site-packages\urllib3\connectionpool.py", line 536, in _make_request
    self._raise_timeout(err=e, url=url, timeout_value=read_timeout)
  File "D:\Projects\miniconda3\envs\ui_test\lib\site-packages\urllib3\connectionpool.py", line 367, in _raise_timeout
    raise ReadTimeoutError(
urllib3.exceptions.ReadTimeoutError: HTTPConnectionPool(host='localhost', port=60157): Read timed out. (read timeout=30)

The above exception was the direct cause of the following exception:

Traceback (most recent call last):
  File "D:\Projects\workspace\test-practice-collection\03_ui_automation\framework\selenium_login_163music\pages\login_page.py", line 134, in debug_page_state
    screenshot_path = self.take_screenshot(f"debug_{tag}")
  File "D:\Projects\workspace\test-practice-collection\03_ui_automation\framework\selenium_login_163music\pages\base_page.py", line 66, in take_screenshot
    screenshot_path = save_driver_screenshot(self.driver, name)
  File "D:\Projects\workspace\test-practice-collection\03_ui_automation\framework\selenium_login_163music\utils\log_helper.py", line 68, in save_driver_screenshot
    if driver.save_screenshot(str(screenshot_path)):
  File "D:\Projects\miniconda3\envs\ui_test\lib\site-packages\selenium\webdriver\remote\webdriver.py", line 903, in save_screenshot
    return self.get_screenshot_as_file(filename)
  File "D:\Projects\miniconda3\envs\ui_test\lib\site-packages\selenium\webdriver\remote\webdriver.py", line 880, in get_screenshot_as_file
    png = self.get_screenshot_as_png()
  File "D:\Projects\miniconda3\envs\ui_test\lib\site-packages\selenium\webdriver\remote\webdriver.py", line 911, in get_screenshot_as_png
    return b64decode(self.get_screenshot_as_base64().encode("ascii"))
  File "D:\Projects\miniconda3\envs\ui_test\lib\site-packages\selenium\webdriver\remote\webdriver.py", line 921, in get_screenshot_as_base64
    return self.execute(Command.SCREENSHOT)["value"]
  File "D:\Projects\miniconda3\envs\ui_test\lib\site-packages\selenium\webdriver\remote\webdriver.py", line 447, in execute
    response = cast(RemoteConnection, self.command_executor).execute(driver_command, params)
  File "D:\Projects\miniconda3\envs\ui_test\lib\site-packages\selenium\webdriver\remote\remote_connection.py", line 407, in execute
    return self._request(command_info[0], url, body=data)
  File "D:\Projects\miniconda3\envs\ui_test\lib\site-packages\selenium\webdriver\remote\remote_connection.py", line 431, in _request
    response = self._conn.request(method, url, body=body, headers=headers, timeout=self._client_config.timeout)
  File "D:\Projects\miniconda3\envs\ui_test\lib\site-packages\urllib3\_request_methods.py", line 135, in request
    return self.request_encode_url(
  File "D:\Projects\miniconda3\envs\ui_test\lib\site-packages\urllib3\_request_methods.py", line 182, in request_encode_url
    return self.urlopen(method, url, **extra_kw)
  File "D:\Projects\miniconda3\envs\ui_test\lib\site-packages\urllib3\poolmanager.py", line 457, in urlopen
    response = conn.urlopen(method, u.request_uri, **kw)
  File "D:\Projects\miniconda3\envs\ui_test\lib\site-packages\urllib3\connectionpool.py", line 871, in urlopen
    return self.urlopen(
  File "D:\Projects\miniconda3\envs\ui_test\lib\site-packages\urllib3\connectionpool.py", line 871, in urlopen
    return self.urlopen(
  File "D:\Projects\miniconda3\envs\ui_test\lib\site-packages\urllib3\connectionpool.py", line 871, in urlopen
    return self.urlopen(
  File "D:\Projects\miniconda3\envs\ui_test\lib\site-packages\urllib3\connectionpool.py", line 841, in urlopen
    retries = retries.increment(
  File "D:\Projects\miniconda3\envs\ui_test\lib\site-packages\urllib3\util\retry.py", line 535, in increment
    raise MaxRetryError(_pool, url, reason) from reason  # type: ignore[arg-type]
urllib3.exceptions.MaxRetryError: HTTPConnectionPool(host='localhost', port=60157): Max retries exceeded with url: /session/9fec7337d20d916339425c934471cb4a/screenshot (Caused by ReadTimeoutError("HTTPConnectionPool(host='localhost', port=60157): Read timed out. (read timeout=30)"))
2026-05-23 17:23:54 | INFO | ui_test.pages.login_page | 【ERROR】卡在步骤 click_other_link，具体错误: HTTPConnectionPool(host='localhost', port=60157): Read timed out. (read timeout=30)
2026-05-23 17:23:54 | INFO | ui_test.framework.selenium_login_163music.conftest | 用例执行结果: tests/test_163.py::test_login_failure[case2] -> failed
2026-05-23 17:23:54 | ERROR | ui_test.framework.selenium_login_163music.conftest | 用例失败阶段: call -> tests/test_163.py::test_login_failure[case2]
2026-05-23 17:23:54 | ERROR | ui_test.framework.selenium_login_163music.conftest | 失败堆栈:
D:\Projects\miniconda3\envs\ui_test\lib\site-packages\urllib3\connectionpool.py:534: in _make_request
    response = conn.getresponse()
D:\Projects\miniconda3\envs\ui_test\lib\site-packages\urllib3\connection.py:571: in getresponse
    httplib_response = super().getresponse()
D:\Projects\miniconda3\envs\ui_test\lib\http\client.py:1395: in getresponse
    response.begin()
D:\Projects\miniconda3\envs\ui_test\lib\http\client.py:323: in begin
    version, status, reason = self._read_status()
D:\Projects\miniconda3\envs\ui_test\lib\http\client.py:284: in _read_status
    line = str(self.fp.readline(_MAXLINE + 1), "iso-8859-1")
D:\Projects\miniconda3\envs\ui_test\lib\socket.py:717: in readinto
    return self._sock.recv_into(b)
E   TimeoutError: timed out

The above exception was the direct cause of the following exception:
tests\test_163.py:14: in test_login_failure
    login_page.login(case["phone"], case["password"])
pages\login_page.py:239: in login
    self.click_other_link()
pages\login_page.py:193: in click_other_link
    self.safe_click_raw(self.OTHER_LINK, step_name="click_other_link")
pages\login_page.py:154: in safe_click_raw
    element = self.find_element(locator, timeout=timeout)
pages\base_page.py:26: in find_element
    return self._build_wait(timeout).until(EC.visibility_of_element_located(locator))
D:\Projects\miniconda3\envs\ui_test\lib\site-packages\selenium\webdriver\support\wait.py:112: in until
    value = method(self._driver)
D:\Projects\miniconda3\envs\ui_test\lib\site-packages\selenium\webdriver\support\expected_conditions.py:184: in _predicate
    return _element_if_visible(driver.find_element(*locator))
D:\Projects\miniconda3\envs\ui_test\lib\site-packages\selenium\webdriver\remote\webdriver.py:823: in find_element
    return self.execute(Command.FIND_ELEMENT, {"using": by, "value": value})["value"]
D:\Projects\miniconda3\envs\ui_test\lib\site-packages\selenium\webdriver\remote\webdriver.py:447: in execute
    response = cast(RemoteConnection, self.command_executor).execute(driver_command, params)
D:\Projects\miniconda3\envs\ui_test\lib\site-packages\selenium\webdriver\remote\remote_connection.py:407: in execute
    return self._request(command_info[0], url, body=data)
D:\Projects\miniconda3\envs\ui_test\lib\site-packages\selenium\webdriver\remote\remote_connection.py:431: in _request
    response = self._conn.request(method, url, body=body, headers=headers, timeout=self._client_config.timeout)
D:\Projects\miniconda3\envs\ui_test\lib\site-packages\urllib3\_request_methods.py:143: in request
    return self.request_encode_body(
D:\Projects\miniconda3\envs\ui_test\lib\site-packages\urllib3\_request_methods.py:278: in request_encode_body
    return self.urlopen(method, url, **extra_kw)
D:\Projects\miniconda3\envs\ui_test\lib\site-packages\urllib3\poolmanager.py:457: in urlopen
    response = conn.urlopen(method, u.request_uri, **kw)
D:\Projects\miniconda3\envs\ui_test\lib\site-packages\urllib3\connectionpool.py:841: in urlopen
    retries = retries.increment(
D:\Projects\miniconda3\envs\ui_test\lib\site-packages\urllib3\util\retry.py:490: in increment
    raise reraise(type(error), error, _stacktrace)
D:\Projects\miniconda3\envs\ui_test\lib\site-packages\urllib3\util\util.py:39: in reraise
    raise value
D:\Projects\miniconda3\envs\ui_test\lib\site-packages\urllib3\connectionpool.py:787: in urlopen
    response = self._make_request(
D:\Projects\miniconda3\envs\ui_test\lib\site-packages\urllib3\connectionpool.py:536: in _make_request
    self._raise_timeout(err=e, url=url, timeout_value=read_timeout)
D:\Projects\miniconda3\envs\ui_test\lib\site-packages\urllib3\connectionpool.py:367: in _raise_timeout
    raise ReadTimeoutError(
E   urllib3.exceptions.ReadTimeoutError: HTTPConnectionPool(host='localhost', port=60157): Read timed out. (read timeout=30)
2026-05-23 17:23:54 | WARNING | ui_test.framework.selenium_login_163music.conftest | 检测到 driver 已失联，本次失败跳过截图
2026-05-23 17:23:54 | WARNING | ui_test.framework.selenium_login_163music.conftest | 本次跳过 driver.quit()，直接清理 EdgeDriver 进程
2026-05-23 17:23:57 | INFO | ui_test.framework.selenium_login_163music.conftest | EdgeDriver 进程已结束: 22520
2026-05-23 17:23:57 | INFO | ui_test.framework.selenium_login_163music.conftest | 已清理独立浏览器环境: D:\Projects\workspace\test-practice-collection\03_ui_automation\framework\selenium_login_163music\.runtime_profiles\profile_1779527886239
2026-05-23 17:23:57 | INFO | ui_test.framework.selenium_login_163music.conftest | 冷却 5 秒后进入下一个 case
2026-05-23 17:24:02 | INFO | ui_test.framework.selenium_login_163music.conftest | 开始执行用例: tests/test_163.py::test_login_failure[case3]
2026-05-23 17:24:02 | INFO | ui_test.framework.selenium_login_163music.conftest | 准备启动 EdgeDriver: D:\Projects\workspace\test-practice-collection\03_ui_automation\framework\selenium_login_163music\utils\edgedriver_win64\msedgedriver.exe
2026-05-23 17:24:02 | INFO | ui_test.framework.selenium_login_163music.conftest | 创建独立浏览器环境: D:\Projects\workspace\test-practice-collection\03_ui_automation\framework\selenium_login_163music\.runtime_profiles\profile_1779528242630
2026-05-23 17:24:03 | INFO | ui_test.framework.selenium_login_163music.conftest | Edge 会话已创建: 1a5a4ff2c0316b519277d3292506f9be
2026-05-23 17:24:07 | INFO | ui_test.pages.login_page | 准备点击步骤: click_login_link, locator=('css selector', '.m-tophead.f-pr.j-tflag a')
2026-05-23 17:24:07 | INFO | ui_test.pages.login_page | 【1】success click_login_link
2026-05-23 17:24:07 | INFO | ui_test.pages.login_page | 等待页面稳定: 2 秒
2026-05-23 17:24:09 | INFO | ui_test.pages.login_page | 开始记录调试信息: after_click_login_link
2026-05-23 17:24:30 | INFO | ui_test.pages.login_page | 页面调试信息[after_click_login_link]: {"agreementLink": null, "bodyHints": {"hasAccountErrorText": false, "hasAgreementText": false, "hasOtherLoginText": true, "hasPasswordLoginText": false, "hasPasswordRequiredText": false, "hasPhoneRegisterText": false, "hasPhoneRequiredText": false, "hasSliderText": false}, "errorTip": null, "loginLink": {"className": "link s-fc3", "display": "block", "height": 17, "id": "", "opacity": "1", "tag": "A", "text": "登录", "visibility": "visible", "width": 28, "x": 1257, "y": 26}, "modalPreview": {"className": "mrc-modal-wrapper mrc-modal-wrapper-center mrc-modal-center", "display": "flex", "height": 732, "id": "", "opacity": "1", "tag": "DIV", "text": "登录 扫码登录 使用 网易云音乐APP 扫码登录 选择其他登录模式 下载客户端，VIP歌曲免费听", "visibility": "visible", "width": 1528, "x": 0, "y": 0}, "otherLink": {"className": "_3xIXD0Q6", "display": "block", "height": 30, "id": "", "opacity": "1", "tag": "A", "text": "选择其他登录模式", "visibility": "visible", "width": 120, "x": 704, "y": 463}, "passwordLink": null, "phoneLink": null, "readyState": "complete", "title": "网易云音乐", "url": "https://music.163.com/"}
2026-05-23 17:24:30 | INFO | ui_test.pages.login_page | 准备点击步骤: click_other_link, locator=('xpath', '//a[contains(text(), "选择其他登录模式")]')
2026-05-23 17:25:00 | INFO | ui_test.pages.login_page | 开始记录调试信息: click_other_link_find_failed
2026-05-23 17:25:30 | ERROR | ui_test.pages.login_page | 记录页面调试信息失败: click_other_link_find_failed
Traceback (most recent call last):
  File "D:\Projects\miniconda3\envs\ui_test\lib\site-packages\urllib3\connectionpool.py", line 534, in _make_request
    response = conn.getresponse()
  File "D:\Projects\miniconda3\envs\ui_test\lib\site-packages\urllib3\connection.py", line 571, in getresponse
    httplib_response = super().getresponse()
  File "D:\Projects\miniconda3\envs\ui_test\lib\http\client.py", line 1395, in getresponse
    response.begin()
  File "D:\Projects\miniconda3\envs\ui_test\lib\http\client.py", line 323, in begin
    version, status, reason = self._read_status()
  File "D:\Projects\miniconda3\envs\ui_test\lib\http\client.py", line 284, in _read_status
    line = str(self.fp.readline(_MAXLINE + 1), "iso-8859-1")
  File "D:\Projects\miniconda3\envs\ui_test\lib\socket.py", line 717, in readinto
    return self._sock.recv_into(b)
TimeoutError: timed out

The above exception was the direct cause of the following exception:

Traceback (most recent call last):
  File "D:\Projects\workspace\test-practice-collection\03_ui_automation\framework\selenium_login_163music\pages\login_page.py", line 154, in safe_click_raw
    element = self.find_element(locator, timeout=timeout)
  File "D:\Projects\workspace\test-practice-collection\03_ui_automation\framework\selenium_login_163music\pages\base_page.py", line 26, in find_element
    return self._build_wait(timeout).until(EC.visibility_of_element_located(locator))
  File "D:\Projects\miniconda3\envs\ui_test\lib\site-packages\selenium\webdriver\support\wait.py", line 112, in until
    value = method(self._driver)
  File "D:\Projects\miniconda3\envs\ui_test\lib\site-packages\selenium\webdriver\support\expected_conditions.py", line 184, in _predicate
    return _element_if_visible(driver.find_element(*locator))
  File "D:\Projects\miniconda3\envs\ui_test\lib\site-packages\selenium\webdriver\remote\webdriver.py", line 823, in find_element
    return self.execute(Command.FIND_ELEMENT, {"using": by, "value": value})["value"]
  File "D:\Projects\miniconda3\envs\ui_test\lib\site-packages\selenium\webdriver\remote\webdriver.py", line 447, in execute
    response = cast(RemoteConnection, self.command_executor).execute(driver_command, params)
  File "D:\Projects\miniconda3\envs\ui_test\lib\site-packages\selenium\webdriver\remote\remote_connection.py", line 407, in execute
    return self._request(command_info[0], url, body=data)
  File "D:\Projects\miniconda3\envs\ui_test\lib\site-packages\selenium\webdriver\remote\remote_connection.py", line 431, in _request
    response = self._conn.request(method, url, body=body, headers=headers, timeout=self._client_config.timeout)
  File "D:\Projects\miniconda3\envs\ui_test\lib\site-packages\urllib3\_request_methods.py", line 143, in request
    return self.request_encode_body(
  File "D:\Projects\miniconda3\envs\ui_test\lib\site-packages\urllib3\_request_methods.py", line 278, in request_encode_body
    return self.urlopen(method, url, **extra_kw)
  File "D:\Projects\miniconda3\envs\ui_test\lib\site-packages\urllib3\poolmanager.py", line 457, in urlopen
    response = conn.urlopen(method, u.request_uri, **kw)
  File "D:\Projects\miniconda3\envs\ui_test\lib\site-packages\urllib3\connectionpool.py", line 841, in urlopen
    retries = retries.increment(
  File "D:\Projects\miniconda3\envs\ui_test\lib\site-packages\urllib3\util\retry.py", line 490, in increment
    raise reraise(type(error), error, _stacktrace)
  File "D:\Projects\miniconda3\envs\ui_test\lib\site-packages\urllib3\util\util.py", line 39, in reraise
    raise value
  File "D:\Projects\miniconda3\envs\ui_test\lib\site-packages\urllib3\connectionpool.py", line 787, in urlopen
    response = self._make_request(
  File "D:\Projects\miniconda3\envs\ui_test\lib\site-packages\urllib3\connectionpool.py", line 536, in _make_request
    self._raise_timeout(err=e, url=url, timeout_value=read_timeout)
  File "D:\Projects\miniconda3\envs\ui_test\lib\site-packages\urllib3\connectionpool.py", line 367, in _raise_timeout
    raise ReadTimeoutError(
urllib3.exceptions.ReadTimeoutError: HTTPConnectionPool(host='localhost', port=57789): Read timed out. (read timeout=30)

During handling of the above exception, another exception occurred:

Traceback (most recent call last):
  File "D:\Projects\miniconda3\envs\ui_test\lib\site-packages\urllib3\connectionpool.py", line 534, in _make_request
    response = conn.getresponse()
  File "D:\Projects\miniconda3\envs\ui_test\lib\site-packages\urllib3\connection.py", line 571, in getresponse
    httplib_response = super().getresponse()
  File "D:\Projects\miniconda3\envs\ui_test\lib\http\client.py", line 1395, in getresponse
    response.begin()
  File "D:\Projects\miniconda3\envs\ui_test\lib\http\client.py", line 323, in begin
    version, status, reason = self._read_status()
  File "D:\Projects\miniconda3\envs\ui_test\lib\http\client.py", line 284, in _read_status
    line = str(self.fp.readline(_MAXLINE + 1), "iso-8859-1")
  File "D:\Projects\miniconda3\envs\ui_test\lib\socket.py", line 717, in readinto
    return self._sock.recv_into(b)
TimeoutError: timed out

The above exception was the direct cause of the following exception:

Traceback (most recent call last):
  File "D:\Projects\workspace\test-practice-collection\03_ui_automation\framework\selenium_login_163music\pages\login_page.py", line 54, in debug_page_state
    state = self.driver.execute_script(
  File "D:\Projects\miniconda3\envs\ui_test\lib\site-packages\selenium\webdriver\remote\webdriver.py", line 536, in execute_script
    return self.execute(command, {"script": script, "args": converted_args})["value"]
  File "D:\Projects\miniconda3\envs\ui_test\lib\site-packages\selenium\webdriver\remote\webdriver.py", line 447, in execute
    response = cast(RemoteConnection, self.command_executor).execute(driver_command, params)
  File "D:\Projects\miniconda3\envs\ui_test\lib\site-packages\selenium\webdriver\remote\remote_connection.py", line 407, in execute
    return self._request(command_info[0], url, body=data)
  File "D:\Projects\miniconda3\envs\ui_test\lib\site-packages\selenium\webdriver\remote\remote_connection.py", line 431, in _request
    response = self._conn.request(method, url, body=body, headers=headers, timeout=self._client_config.timeout)
  File "D:\Projects\miniconda3\envs\ui_test\lib\site-packages\urllib3\_request_methods.py", line 143, in request
    return self.request_encode_body(
  File "D:\Projects\miniconda3\envs\ui_test\lib\site-packages\urllib3\_request_methods.py", line 278, in request_encode_body
    return self.urlopen(method, url, **extra_kw)
  File "D:\Projects\miniconda3\envs\ui_test\lib\site-packages\urllib3\poolmanager.py", line 457, in urlopen
    response = conn.urlopen(method, u.request_uri, **kw)
  File "D:\Projects\miniconda3\envs\ui_test\lib\site-packages\urllib3\connectionpool.py", line 841, in urlopen
    retries = retries.increment(
  File "D:\Projects\miniconda3\envs\ui_test\lib\site-packages\urllib3\util\retry.py", line 490, in increment
    raise reraise(type(error), error, _stacktrace)
  File "D:\Projects\miniconda3\envs\ui_test\lib\site-packages\urllib3\util\util.py", line 39, in reraise
    raise value
  File "D:\Projects\miniconda3\envs\ui_test\lib\site-packages\urllib3\connectionpool.py", line 787, in urlopen
    response = self._make_request(
  File "D:\Projects\miniconda3\envs\ui_test\lib\site-packages\urllib3\connectionpool.py", line 536, in _make_request
    self._raise_timeout(err=e, url=url, timeout_value=read_timeout)
  File "D:\Projects\miniconda3\envs\ui_test\lib\site-packages\urllib3\connectionpool.py", line 367, in _raise_timeout
    raise ReadTimeoutError(
urllib3.exceptions.ReadTimeoutError: HTTPConnectionPool(host='localhost', port=57789): Read timed out. (read timeout=30)
2026-05-23 17:27:30 | ERROR | ui_test.pages.login_page | 保存调试截图失败: click_other_link_find_failed
Traceback (most recent call last):
  File "D:\Projects\miniconda3\envs\ui_test\lib\site-packages\urllib3\connectionpool.py", line 534, in _make_request
    response = conn.getresponse()
  File "D:\Projects\miniconda3\envs\ui_test\lib\site-packages\urllib3\connection.py", line 571, in getresponse
    httplib_response = super().getresponse()
  File "D:\Projects\miniconda3\envs\ui_test\lib\http\client.py", line 1395, in getresponse
    response.begin()
  File "D:\Projects\miniconda3\envs\ui_test\lib\http\client.py", line 323, in begin
    version, status, reason = self._read_status()
  File "D:\Projects\miniconda3\envs\ui_test\lib\http\client.py", line 284, in _read_status
    line = str(self.fp.readline(_MAXLINE + 1), "iso-8859-1")
  File "D:\Projects\miniconda3\envs\ui_test\lib\socket.py", line 717, in readinto
    return self._sock.recv_into(b)
TimeoutError: timed out

The above exception was the direct cause of the following exception:

Traceback (most recent call last):
  File "D:\Projects\workspace\test-practice-collection\03_ui_automation\framework\selenium_login_163music\pages\login_page.py", line 154, in safe_click_raw
    element = self.find_element(locator, timeout=timeout)
  File "D:\Projects\workspace\test-practice-collection\03_ui_automation\framework\selenium_login_163music\pages\base_page.py", line 26, in find_element
    return self._build_wait(timeout).until(EC.visibility_of_element_located(locator))
  File "D:\Projects\miniconda3\envs\ui_test\lib\site-packages\selenium\webdriver\support\wait.py", line 112, in until
    value = method(self._driver)
  File "D:\Projects\miniconda3\envs\ui_test\lib\site-packages\selenium\webdriver\support\expected_conditions.py", line 184, in _predicate
    return _element_if_visible(driver.find_element(*locator))
  File "D:\Projects\miniconda3\envs\ui_test\lib\site-packages\selenium\webdriver\remote\webdriver.py", line 823, in find_element
    return self.execute(Command.FIND_ELEMENT, {"using": by, "value": value})["value"]
  File "D:\Projects\miniconda3\envs\ui_test\lib\site-packages\selenium\webdriver\remote\webdriver.py", line 447, in execute
    response = cast(RemoteConnection, self.command_executor).execute(driver_command, params)
  File "D:\Projects\miniconda3\envs\ui_test\lib\site-packages\selenium\webdriver\remote\remote_connection.py", line 407, in execute
    return self._request(command_info[0], url, body=data)
  File "D:\Projects\miniconda3\envs\ui_test\lib\site-packages\selenium\webdriver\remote\remote_connection.py", line 431, in _request
    response = self._conn.request(method, url, body=body, headers=headers, timeout=self._client_config.timeout)
  File "D:\Projects\miniconda3\envs\ui_test\lib\site-packages\urllib3\_request_methods.py", line 143, in request
    return self.request_encode_body(
  File "D:\Projects\miniconda3\envs\ui_test\lib\site-packages\urllib3\_request_methods.py", line 278, in request_encode_body
    return self.urlopen(method, url, **extra_kw)
  File "D:\Projects\miniconda3\envs\ui_test\lib\site-packages\urllib3\poolmanager.py", line 457, in urlopen
    response = conn.urlopen(method, u.request_uri, **kw)
  File "D:\Projects\miniconda3\envs\ui_test\lib\site-packages\urllib3\connectionpool.py", line 841, in urlopen
    retries = retries.increment(
  File "D:\Projects\miniconda3\envs\ui_test\lib\site-packages\urllib3\util\retry.py", line 490, in increment
    raise reraise(type(error), error, _stacktrace)
  File "D:\Projects\miniconda3\envs\ui_test\lib\site-packages\urllib3\util\util.py", line 39, in reraise
    raise value
  File "D:\Projects\miniconda3\envs\ui_test\lib\site-packages\urllib3\connectionpool.py", line 787, in urlopen
    response = self._make_request(
  File "D:\Projects\miniconda3\envs\ui_test\lib\site-packages\urllib3\connectionpool.py", line 536, in _make_request
    self._raise_timeout(err=e, url=url, timeout_value=read_timeout)
  File "D:\Projects\miniconda3\envs\ui_test\lib\site-packages\urllib3\connectionpool.py", line 367, in _raise_timeout
    raise ReadTimeoutError(
urllib3.exceptions.ReadTimeoutError: HTTPConnectionPool(host='localhost', port=57789): Read timed out. (read timeout=30)

During handling of the above exception, another exception occurred:

Traceback (most recent call last):
  File "D:\Projects\miniconda3\envs\ui_test\lib\site-packages\urllib3\connectionpool.py", line 534, in _make_request
    response = conn.getresponse()
  File "D:\Projects\miniconda3\envs\ui_test\lib\site-packages\urllib3\connection.py", line 571, in getresponse
    httplib_response = super().getresponse()
  File "D:\Projects\miniconda3\envs\ui_test\lib\http\client.py", line 1395, in getresponse
    response.begin()
  File "D:\Projects\miniconda3\envs\ui_test\lib\http\client.py", line 323, in begin
    version, status, reason = self._read_status()
  File "D:\Projects\miniconda3\envs\ui_test\lib\http\client.py", line 284, in _read_status
    line = str(self.fp.readline(_MAXLINE + 1), "iso-8859-1")
  File "D:\Projects\miniconda3\envs\ui_test\lib\socket.py", line 717, in readinto
    return self._sock.recv_into(b)
TimeoutError: timed out

The above exception was the direct cause of the following exception:

Traceback (most recent call last):
  File "D:\Projects\miniconda3\envs\ui_test\lib\site-packages\urllib3\connectionpool.py", line 787, in urlopen
    response = self._make_request(
  File "D:\Projects\miniconda3\envs\ui_test\lib\site-packages\urllib3\connectionpool.py", line 536, in _make_request
    self._raise_timeout(err=e, url=url, timeout_value=read_timeout)
  File "D:\Projects\miniconda3\envs\ui_test\lib\site-packages\urllib3\connectionpool.py", line 367, in _raise_timeout
    raise ReadTimeoutError(
urllib3.exceptions.ReadTimeoutError: HTTPConnectionPool(host='localhost', port=57789): Read timed out. (read timeout=30)

The above exception was the direct cause of the following exception:

Traceback (most recent call last):
  File "D:\Projects\workspace\test-practice-collection\03_ui_automation\framework\selenium_login_163music\pages\login_page.py", line 134, in debug_page_state
    screenshot_path = self.take_screenshot(f"debug_{tag}")
  File "D:\Projects\workspace\test-practice-collection\03_ui_automation\framework\selenium_login_163music\pages\base_page.py", line 66, in take_screenshot
    screenshot_path = save_driver_screenshot(self.driver, name)
  File "D:\Projects\workspace\test-practice-collection\03_ui_automation\framework\selenium_login_163music\utils\log_helper.py", line 68, in save_driver_screenshot
    if driver.save_screenshot(str(screenshot_path)):
  File "D:\Projects\miniconda3\envs\ui_test\lib\site-packages\selenium\webdriver\remote\webdriver.py", line 903, in save_screenshot
    return self.get_screenshot_as_file(filename)
  File "D:\Projects\miniconda3\envs\ui_test\lib\site-packages\selenium\webdriver\remote\webdriver.py", line 880, in get_screenshot_as_file
    png = self.get_screenshot_as_png()
  File "D:\Projects\miniconda3\envs\ui_test\lib\site-packages\selenium\webdriver\remote\webdriver.py", line 911, in get_screenshot_as_png
    return b64decode(self.get_screenshot_as_base64().encode("ascii"))
  File "D:\Projects\miniconda3\envs\ui_test\lib\site-packages\selenium\webdriver\remote\webdriver.py", line 921, in get_screenshot_as_base64
    return self.execute(Command.SCREENSHOT)["value"]
  File "D:\Projects\miniconda3\envs\ui_test\lib\site-packages\selenium\webdriver\remote\webdriver.py", line 447, in execute
    response = cast(RemoteConnection, self.command_executor).execute(driver_command, params)
  File "D:\Projects\miniconda3\envs\ui_test\lib\site-packages\selenium\webdriver\remote\remote_connection.py", line 407, in execute
    return self._request(command_info[0], url, body=data)
  File "D:\Projects\miniconda3\envs\ui_test\lib\site-packages\selenium\webdriver\remote\remote_connection.py", line 431, in _request
    response = self._conn.request(method, url, body=body, headers=headers, timeout=self._client_config.timeout)
  File "D:\Projects\miniconda3\envs\ui_test\lib\site-packages\urllib3\_request_methods.py", line 135, in request
    return self.request_encode_url(
  File "D:\Projects\miniconda3\envs\ui_test\lib\site-packages\urllib3\_request_methods.py", line 182, in request_encode_url
    return self.urlopen(method, url, **extra_kw)
  File "D:\Projects\miniconda3\envs\ui_test\lib\site-packages\urllib3\poolmanager.py", line 457, in urlopen
    response = conn.urlopen(method, u.request_uri, **kw)
  File "D:\Projects\miniconda3\envs\ui_test\lib\site-packages\urllib3\connectionpool.py", line 871, in urlopen
    return self.urlopen(
  File "D:\Projects\miniconda3\envs\ui_test\lib\site-packages\urllib3\connectionpool.py", line 871, in urlopen
    return self.urlopen(
  File "D:\Projects\miniconda3\envs\ui_test\lib\site-packages\urllib3\connectionpool.py", line 871, in urlopen
    return self.urlopen(
  File "D:\Projects\miniconda3\envs\ui_test\lib\site-packages\urllib3\connectionpool.py", line 841, in urlopen
    retries = retries.increment(
  File "D:\Projects\miniconda3\envs\ui_test\lib\site-packages\urllib3\util\retry.py", line 535, in increment
    raise MaxRetryError(_pool, url, reason) from reason  # type: ignore[arg-type]
urllib3.exceptions.MaxRetryError: HTTPConnectionPool(host='localhost', port=57789): Max retries exceeded with url: /session/1a5a4ff2c0316b519277d3292506f9be/screenshot (Caused by ReadTimeoutError("HTTPConnectionPool(host='localhost', port=57789): Read timed out. (read timeout=30)"))
2026-05-23 17:27:30 | ERROR | ui_test.pages.login_page | 登录流程执行失败，失败步骤: click_other_link
Traceback (most recent call last):
  File "D:\Projects\miniconda3\envs\ui_test\lib\site-packages\urllib3\connectionpool.py", line 534, in _make_request
    response = conn.getresponse()
  File "D:\Projects\miniconda3\envs\ui_test\lib\site-packages\urllib3\connection.py", line 571, in getresponse
    httplib_response = super().getresponse()
  File "D:\Projects\miniconda3\envs\ui_test\lib\http\client.py", line 1395, in getresponse
    response.begin()
  File "D:\Projects\miniconda3\envs\ui_test\lib\http\client.py", line 323, in begin
    version, status, reason = self._read_status()
  File "D:\Projects\miniconda3\envs\ui_test\lib\http\client.py", line 284, in _read_status
    line = str(self.fp.readline(_MAXLINE + 1), "iso-8859-1")
  File "D:\Projects\miniconda3\envs\ui_test\lib\socket.py", line 717, in readinto
    return self._sock.recv_into(b)
TimeoutError: timed out

The above exception was the direct cause of the following exception:

Traceback (most recent call last):
  File "D:\Projects\workspace\test-practice-collection\03_ui_automation\framework\selenium_login_163music\pages\login_page.py", line 239, in login
    self.click_other_link()
  File "D:\Projects\workspace\test-practice-collection\03_ui_automation\framework\selenium_login_163music\pages\login_page.py", line 193, in click_other_link
    self.safe_click_raw(self.OTHER_LINK, step_name="click_other_link")
  File "D:\Projects\workspace\test-practice-collection\03_ui_automation\framework\selenium_login_163music\pages\login_page.py", line 154, in safe_click_raw
    element = self.find_element(locator, timeout=timeout)
  File "D:\Projects\workspace\test-practice-collection\03_ui_automation\framework\selenium_login_163music\pages\base_page.py", line 26, in find_element
    return self._build_wait(timeout).until(EC.visibility_of_element_located(locator))
  File "D:\Projects\miniconda3\envs\ui_test\lib\site-packages\selenium\webdriver\support\wait.py", line 112, in until
    value = method(self._driver)
  File "D:\Projects\miniconda3\envs\ui_test\lib\site-packages\selenium\webdriver\support\expected_conditions.py", line 184, in _predicate
    return _element_if_visible(driver.find_element(*locator))
  File "D:\Projects\miniconda3\envs\ui_test\lib\site-packages\selenium\webdriver\remote\webdriver.py", line 823, in find_element
    return self.execute(Command.FIND_ELEMENT, {"using": by, "value": value})["value"]
  File "D:\Projects\miniconda3\envs\ui_test\lib\site-packages\selenium\webdriver\remote\webdriver.py", line 447, in execute
    response = cast(RemoteConnection, self.command_executor).execute(driver_command, params)
  File "D:\Projects\miniconda3\envs\ui_test\lib\site-packages\selenium\webdriver\remote\remote_connection.py", line 407, in execute
    return self._request(command_info[0], url, body=data)
  File "D:\Projects\miniconda3\envs\ui_test\lib\site-packages\selenium\webdriver\remote\remote_connection.py", line 431, in _request
    response = self._conn.request(method, url, body=body, headers=headers, timeout=self._client_config.timeout)
  File "D:\Projects\miniconda3\envs\ui_test\lib\site-packages\urllib3\_request_methods.py", line 143, in request
    return self.request_encode_body(
  File "D:\Projects\miniconda3\envs\ui_test\lib\site-packages\urllib3\_request_methods.py", line 278, in request_encode_body
    return self.urlopen(method, url, **extra_kw)
  File "D:\Projects\miniconda3\envs\ui_test\lib\site-packages\urllib3\poolmanager.py", line 457, in urlopen
    response = conn.urlopen(method, u.request_uri, **kw)
  File "D:\Projects\miniconda3\envs\ui_test\lib\site-packages\urllib3\connectionpool.py", line 841, in urlopen
    retries = retries.increment(
  File "D:\Projects\miniconda3\envs\ui_test\lib\site-packages\urllib3\util\retry.py", line 490, in increment
    raise reraise(type(error), error, _stacktrace)
  File "D:\Projects\miniconda3\envs\ui_test\lib\site-packages\urllib3\util\util.py", line 39, in reraise
    raise value
  File "D:\Projects\miniconda3\envs\ui_test\lib\site-packages\urllib3\connectionpool.py", line 787, in urlopen
    response = self._make_request(
  File "D:\Projects\miniconda3\envs\ui_test\lib\site-packages\urllib3\connectionpool.py", line 536, in _make_request
    self._raise_timeout(err=e, url=url, timeout_value=read_timeout)
  File "D:\Projects\miniconda3\envs\ui_test\lib\site-packages\urllib3\connectionpool.py", line 367, in _raise_timeout
    raise ReadTimeoutError(
urllib3.exceptions.ReadTimeoutError: HTTPConnectionPool(host='localhost', port=57789): Read timed out. (read timeout=30)
2026-05-23 17:27:30 | INFO | ui_test.pages.login_page | 开始记录调试信息: login_exception_click_other_link
2026-05-23 17:28:00 | ERROR | ui_test.pages.login_page | 记录页面调试信息失败: login_exception_click_other_link
Traceback (most recent call last):
  File "D:\Projects\miniconda3\envs\ui_test\lib\site-packages\urllib3\connectionpool.py", line 534, in _make_request
    response = conn.getresponse()
  File "D:\Projects\miniconda3\envs\ui_test\lib\site-packages\urllib3\connection.py", line 571, in getresponse
    httplib_response = super().getresponse()
  File "D:\Projects\miniconda3\envs\ui_test\lib\http\client.py", line 1395, in getresponse
    response.begin()
  File "D:\Projects\miniconda3\envs\ui_test\lib\http\client.py", line 323, in begin
    version, status, reason = self._read_status()
  File "D:\Projects\miniconda3\envs\ui_test\lib\http\client.py", line 284, in _read_status
    line = str(self.fp.readline(_MAXLINE + 1), "iso-8859-1")
  File "D:\Projects\miniconda3\envs\ui_test\lib\socket.py", line 717, in readinto
    return self._sock.recv_into(b)
TimeoutError: timed out

The above exception was the direct cause of the following exception:

Traceback (most recent call last):
  File "D:\Projects\workspace\test-practice-collection\03_ui_automation\framework\selenium_login_163music\pages\login_page.py", line 239, in login
    self.click_other_link()
  File "D:\Projects\workspace\test-practice-collection\03_ui_automation\framework\selenium_login_163music\pages\login_page.py", line 193, in click_other_link
    self.safe_click_raw(self.OTHER_LINK, step_name="click_other_link")
  File "D:\Projects\workspace\test-practice-collection\03_ui_automation\framework\selenium_login_163music\pages\login_page.py", line 154, in safe_click_raw
    element = self.find_element(locator, timeout=timeout)
  File "D:\Projects\workspace\test-practice-collection\03_ui_automation\framework\selenium_login_163music\pages\base_page.py", line 26, in find_element
    return self._build_wait(timeout).until(EC.visibility_of_element_located(locator))
  File "D:\Projects\miniconda3\envs\ui_test\lib\site-packages\selenium\webdriver\support\wait.py", line 112, in until
    value = method(self._driver)
  File "D:\Projects\miniconda3\envs\ui_test\lib\site-packages\selenium\webdriver\support\expected_conditions.py", line 184, in _predicate
    return _element_if_visible(driver.find_element(*locator))
  File "D:\Projects\miniconda3\envs\ui_test\lib\site-packages\selenium\webdriver\remote\webdriver.py", line 823, in find_element
    return self.execute(Command.FIND_ELEMENT, {"using": by, "value": value})["value"]
  File "D:\Projects\miniconda3\envs\ui_test\lib\site-packages\selenium\webdriver\remote\webdriver.py", line 447, in execute
    response = cast(RemoteConnection, self.command_executor).execute(driver_command, params)
  File "D:\Projects\miniconda3\envs\ui_test\lib\site-packages\selenium\webdriver\remote\remote_connection.py", line 407, in execute
    return self._request(command_info[0], url, body=data)
  File "D:\Projects\miniconda3\envs\ui_test\lib\site-packages\selenium\webdriver\remote\remote_connection.py", line 431, in _request
    response = self._conn.request(method, url, body=body, headers=headers, timeout=self._client_config.timeout)
  File "D:\Projects\miniconda3\envs\ui_test\lib\site-packages\urllib3\_request_methods.py", line 143, in request
    return self.request_encode_body(
  File "D:\Projects\miniconda3\envs\ui_test\lib\site-packages\urllib3\_request_methods.py", line 278, in request_encode_body
    return self.urlopen(method, url, **extra_kw)
  File "D:\Projects\miniconda3\envs\ui_test\lib\site-packages\urllib3\poolmanager.py", line 457, in urlopen
    response = conn.urlopen(method, u.request_uri, **kw)
  File "D:\Projects\miniconda3\envs\ui_test\lib\site-packages\urllib3\connectionpool.py", line 841, in urlopen
    retries = retries.increment(
  File "D:\Projects\miniconda3\envs\ui_test\lib\site-packages\urllib3\util\retry.py", line 490, in increment
    raise reraise(type(error), error, _stacktrace)
  File "D:\Projects\miniconda3\envs\ui_test\lib\site-packages\urllib3\util\util.py", line 39, in reraise
    raise value
  File "D:\Projects\miniconda3\envs\ui_test\lib\site-packages\urllib3\connectionpool.py", line 787, in urlopen
    response = self._make_request(
  File "D:\Projects\miniconda3\envs\ui_test\lib\site-packages\urllib3\connectionpool.py", line 536, in _make_request
    self._raise_timeout(err=e, url=url, timeout_value=read_timeout)
  File "D:\Projects\miniconda3\envs\ui_test\lib\site-packages\urllib3\connectionpool.py", line 367, in _raise_timeout
    raise ReadTimeoutError(
urllib3.exceptions.ReadTimeoutError: HTTPConnectionPool(host='localhost', port=57789): Read timed out. (read timeout=30)

During handling of the above exception, another exception occurred:

Traceback (most recent call last):
  File "D:\Projects\miniconda3\envs\ui_test\lib\site-packages\urllib3\connectionpool.py", line 534, in _make_request
    response = conn.getresponse()
  File "D:\Projects\miniconda3\envs\ui_test\lib\site-packages\urllib3\connection.py", line 571, in getresponse
    httplib_response = super().getresponse()
  File "D:\Projects\miniconda3\envs\ui_test\lib\http\client.py", line 1395, in getresponse
    response.begin()
  File "D:\Projects\miniconda3\envs\ui_test\lib\http\client.py", line 323, in begin
    version, status, reason = self._read_status()
  File "D:\Projects\miniconda3\envs\ui_test\lib\http\client.py", line 284, in _read_status
    line = str(self.fp.readline(_MAXLINE + 1), "iso-8859-1")
  File "D:\Projects\miniconda3\envs\ui_test\lib\socket.py", line 717, in readinto
    return self._sock.recv_into(b)
TimeoutError: timed out

The above exception was the direct cause of the following exception:

Traceback (most recent call last):
  File "D:\Projects\workspace\test-practice-collection\03_ui_automation\framework\selenium_login_163music\pages\login_page.py", line 54, in debug_page_state
    state = self.driver.execute_script(
  File "D:\Projects\miniconda3\envs\ui_test\lib\site-packages\selenium\webdriver\remote\webdriver.py", line 536, in execute_script
    return self.execute(command, {"script": script, "args": converted_args})["value"]
  File "D:\Projects\miniconda3\envs\ui_test\lib\site-packages\selenium\webdriver\remote\webdriver.py", line 447, in execute
    response = cast(RemoteConnection, self.command_executor).execute(driver_command, params)
  File "D:\Projects\miniconda3\envs\ui_test\lib\site-packages\selenium\webdriver\remote\remote_connection.py", line 407, in execute
    return self._request(command_info[0], url, body=data)
  File "D:\Projects\miniconda3\envs\ui_test\lib\site-packages\selenium\webdriver\remote\remote_connection.py", line 431, in _request
    response = self._conn.request(method, url, body=body, headers=headers, timeout=self._client_config.timeout)
  File "D:\Projects\miniconda3\envs\ui_test\lib\site-packages\urllib3\_request_methods.py", line 143, in request
    return self.request_encode_body(
  File "D:\Projects\miniconda3\envs\ui_test\lib\site-packages\urllib3\_request_methods.py", line 278, in request_encode_body
    return self.urlopen(method, url, **extra_kw)
  File "D:\Projects\miniconda3\envs\ui_test\lib\site-packages\urllib3\poolmanager.py", line 457, in urlopen
    response = conn.urlopen(method, u.request_uri, **kw)
  File "D:\Projects\miniconda3\envs\ui_test\lib\site-packages\urllib3\connectionpool.py", line 841, in urlopen
    retries = retries.increment(
  File "D:\Projects\miniconda3\envs\ui_test\lib\site-packages\urllib3\util\retry.py", line 490, in increment
    raise reraise(type(error), error, _stacktrace)
  File "D:\Projects\miniconda3\envs\ui_test\lib\site-packages\urllib3\util\util.py", line 39, in reraise
    raise value
  File "D:\Projects\miniconda3\envs\ui_test\lib\site-packages\urllib3\connectionpool.py", line 787, in urlopen
    response = self._make_request(
  File "D:\Projects\miniconda3\envs\ui_test\lib\site-packages\urllib3\connectionpool.py", line 536, in _make_request
    self._raise_timeout(err=e, url=url, timeout_value=read_timeout)
  File "D:\Projects\miniconda3\envs\ui_test\lib\site-packages\urllib3\connectionpool.py", line 367, in _raise_timeout
    raise ReadTimeoutError(
urllib3.exceptions.ReadTimeoutError: HTTPConnectionPool(host='localhost', port=57789): Read timed out. (read timeout=30)
2026-05-23 17:30:00 | ERROR | ui_test.pages.login_page | 保存调试截图失败: login_exception_click_other_link
Traceback (most recent call last):
  File "D:\Projects\miniconda3\envs\ui_test\lib\site-packages\urllib3\connectionpool.py", line 534, in _make_request
    response = conn.getresponse()
  File "D:\Projects\miniconda3\envs\ui_test\lib\site-packages\urllib3\connection.py", line 571, in getresponse
    httplib_response = super().getresponse()
  File "D:\Projects\miniconda3\envs\ui_test\lib\http\client.py", line 1395, in getresponse
    response.begin()
  File "D:\Projects\miniconda3\envs\ui_test\lib\http\client.py", line 323, in begin
    version, status, reason = self._read_status()
  File "D:\Projects\miniconda3\envs\ui_test\lib\http\client.py", line 284, in _read_status
    line = str(self.fp.readline(_MAXLINE + 1), "iso-8859-1")
  File "D:\Projects\miniconda3\envs\ui_test\lib\socket.py", line 717, in readinto
    return self._sock.recv_into(b)
TimeoutError: timed out

The above exception was the direct cause of the following exception:

Traceback (most recent call last):
  File "D:\Projects\workspace\test-practice-collection\03_ui_automation\framework\selenium_login_163music\pages\login_page.py", line 239, in login
    self.click_other_link()
  File "D:\Projects\workspace\test-practice-collection\03_ui_automation\framework\selenium_login_163music\pages\login_page.py", line 193, in click_other_link
    self.safe_click_raw(self.OTHER_LINK, step_name="click_other_link")
  File "D:\Projects\workspace\test-practice-collection\03_ui_automation\framework\selenium_login_163music\pages\login_page.py", line 154, in safe_click_raw
    element = self.find_element(locator, timeout=timeout)
  File "D:\Projects\workspace\test-practice-collection\03_ui_automation\framework\selenium_login_163music\pages\base_page.py", line 26, in find_element
    return self._build_wait(timeout).until(EC.visibility_of_element_located(locator))
  File "D:\Projects\miniconda3\envs\ui_test\lib\site-packages\selenium\webdriver\support\wait.py", line 112, in until
    value = method(self._driver)
  File "D:\Projects\miniconda3\envs\ui_test\lib\site-packages\selenium\webdriver\support\expected_conditions.py", line 184, in _predicate
    return _element_if_visible(driver.find_element(*locator))
  File "D:\Projects\miniconda3\envs\ui_test\lib\site-packages\selenium\webdriver\remote\webdriver.py", line 823, in find_element
    return self.execute(Command.FIND_ELEMENT, {"using": by, "value": value})["value"]
  File "D:\Projects\miniconda3\envs\ui_test\lib\site-packages\selenium\webdriver\remote\webdriver.py", line 447, in execute
    response = cast(RemoteConnection, self.command_executor).execute(driver_command, params)
  File "D:\Projects\miniconda3\envs\ui_test\lib\site-packages\selenium\webdriver\remote\remote_connection.py", line 407, in execute
    return self._request(command_info[0], url, body=data)
  File "D:\Projects\miniconda3\envs\ui_test\lib\site-packages\selenium\webdriver\remote\remote_connection.py", line 431, in _request
    response = self._conn.request(method, url, body=body, headers=headers, timeout=self._client_config.timeout)
  File "D:\Projects\miniconda3\envs\ui_test\lib\site-packages\urllib3\_request_methods.py", line 143, in request
    return self.request_encode_body(
  File "D:\Projects\miniconda3\envs\ui_test\lib\site-packages\urllib3\_request_methods.py", line 278, in request_encode_body
    return self.urlopen(method, url, **extra_kw)
  File "D:\Projects\miniconda3\envs\ui_test\lib\site-packages\urllib3\poolmanager.py", line 457, in urlopen
    response = conn.urlopen(method, u.request_uri, **kw)
  File "D:\Projects\miniconda3\envs\ui_test\lib\site-packages\urllib3\connectionpool.py", line 841, in urlopen
    retries = retries.increment(
  File "D:\Projects\miniconda3\envs\ui_test\lib\site-packages\urllib3\util\retry.py", line 490, in increment
    raise reraise(type(error), error, _stacktrace)
  File "D:\Projects\miniconda3\envs\ui_test\lib\site-packages\urllib3\util\util.py", line 39, in reraise
    raise value
  File "D:\Projects\miniconda3\envs\ui_test\lib\site-packages\urllib3\connectionpool.py", line 787, in urlopen
    response = self._make_request(
  File "D:\Projects\miniconda3\envs\ui_test\lib\site-packages\urllib3\connectionpool.py", line 536, in _make_request
    self._raise_timeout(err=e, url=url, timeout_value=read_timeout)
  File "D:\Projects\miniconda3\envs\ui_test\lib\site-packages\urllib3\connectionpool.py", line 367, in _raise_timeout
    raise ReadTimeoutError(
urllib3.exceptions.ReadTimeoutError: HTTPConnectionPool(host='localhost', port=57789): Read timed out. (read timeout=30)

During handling of the above exception, another exception occurred:

Traceback (most recent call last):
  File "D:\Projects\miniconda3\envs\ui_test\lib\site-packages\urllib3\connectionpool.py", line 534, in _make_request
    response = conn.getresponse()
  File "D:\Projects\miniconda3\envs\ui_test\lib\site-packages\urllib3\connection.py", line 571, in getresponse
    httplib_response = super().getresponse()
  File "D:\Projects\miniconda3\envs\ui_test\lib\http\client.py", line 1395, in getresponse
    response.begin()
  File "D:\Projects\miniconda3\envs\ui_test\lib\http\client.py", line 323, in begin
    version, status, reason = self._read_status()
  File "D:\Projects\miniconda3\envs\ui_test\lib\http\client.py", line 284, in _read_status
    line = str(self.fp.readline(_MAXLINE + 1), "iso-8859-1")
  File "D:\Projects\miniconda3\envs\ui_test\lib\socket.py", line 717, in readinto
    return self._sock.recv_into(b)
TimeoutError: timed out

The above exception was the direct cause of the following exception:

Traceback (most recent call last):
  File "D:\Projects\miniconda3\envs\ui_test\lib\site-packages\urllib3\connectionpool.py", line 787, in urlopen
    response = self._make_request(
  File "D:\Projects\miniconda3\envs\ui_test\lib\site-packages\urllib3\connectionpool.py", line 536, in _make_request
    self._raise_timeout(err=e, url=url, timeout_value=read_timeout)
  File "D:\Projects\miniconda3\envs\ui_test\lib\site-packages\urllib3\connectionpool.py", line 367, in _raise_timeout
    raise ReadTimeoutError(
urllib3.exceptions.ReadTimeoutError: HTTPConnectionPool(host='localhost', port=57789): Read timed out. (read timeout=30)

The above exception was the direct cause of the following exception:

Traceback (most recent call last):
  File "D:\Projects\workspace\test-practice-collection\03_ui_automation\framework\selenium_login_163music\pages\login_page.py", line 134, in debug_page_state
    screenshot_path = self.take_screenshot(f"debug_{tag}")
  File "D:\Projects\workspace\test-practice-collection\03_ui_automation\framework\selenium_login_163music\pages\base_page.py", line 66, in take_screenshot
    screenshot_path = save_driver_screenshot(self.driver, name)
  File "D:\Projects\workspace\test-practice-collection\03_ui_automation\framework\selenium_login_163music\utils\log_helper.py", line 68, in save_driver_screenshot
    if driver.save_screenshot(str(screenshot_path)):
  File "D:\Projects\miniconda3\envs\ui_test\lib\site-packages\selenium\webdriver\remote\webdriver.py", line 903, in save_screenshot
    return self.get_screenshot_as_file(filename)
  File "D:\Projects\miniconda3\envs\ui_test\lib\site-packages\selenium\webdriver\remote\webdriver.py", line 880, in get_screenshot_as_file
    png = self.get_screenshot_as_png()
  File "D:\Projects\miniconda3\envs\ui_test\lib\site-packages\selenium\webdriver\remote\webdriver.py", line 911, in get_screenshot_as_png
    return b64decode(self.get_screenshot_as_base64().encode("ascii"))
  File "D:\Projects\miniconda3\envs\ui_test\lib\site-packages\selenium\webdriver\remote\webdriver.py", line 921, in get_screenshot_as_base64
    return self.execute(Command.SCREENSHOT)["value"]
  File "D:\Projects\miniconda3\envs\ui_test\lib\site-packages\selenium\webdriver\remote\webdriver.py", line 447, in execute
    response = cast(RemoteConnection, self.command_executor).execute(driver_command, params)
  File "D:\Projects\miniconda3\envs\ui_test\lib\site-packages\selenium\webdriver\remote\remote_connection.py", line 407, in execute
    return self._request(command_info[0], url, body=data)
  File "D:\Projects\miniconda3\envs\ui_test\lib\site-packages\selenium\webdriver\remote\remote_connection.py", line 431, in _request
    response = self._conn.request(method, url, body=body, headers=headers, timeout=self._client_config.timeout)
  File "D:\Projects\miniconda3\envs\ui_test\lib\site-packages\urllib3\_request_methods.py", line 135, in request
    return self.request_encode_url(
  File "D:\Projects\miniconda3\envs\ui_test\lib\site-packages\urllib3\_request_methods.py", line 182, in request_encode_url
    return self.urlopen(method, url, **extra_kw)
  File "D:\Projects\miniconda3\envs\ui_test\lib\site-packages\urllib3\poolmanager.py", line 457, in urlopen
    response = conn.urlopen(method, u.request_uri, **kw)
  File "D:\Projects\miniconda3\envs\ui_test\lib\site-packages\urllib3\connectionpool.py", line 871, in urlopen
    return self.urlopen(
  File "D:\Projects\miniconda3\envs\ui_test\lib\site-packages\urllib3\connectionpool.py", line 871, in urlopen
    return self.urlopen(
  File "D:\Projects\miniconda3\envs\ui_test\lib\site-packages\urllib3\connectionpool.py", line 871, in urlopen
    return self.urlopen(
  File "D:\Projects\miniconda3\envs\ui_test\lib\site-packages\urllib3\connectionpool.py", line 841, in urlopen
    retries = retries.increment(
  File "D:\Projects\miniconda3\envs\ui_test\lib\site-packages\urllib3\util\retry.py", line 535, in increment
    raise MaxRetryError(_pool, url, reason) from reason  # type: ignore[arg-type]
urllib3.exceptions.MaxRetryError: HTTPConnectionPool(host='localhost', port=57789): Max retries exceeded with url: /session/1a5a4ff2c0316b519277d3292506f9be/screenshot (Caused by ReadTimeoutError("HTTPConnectionPool(host='localhost', port=57789): Read timed out. (read timeout=30)"))
2026-05-23 17:30:00 | INFO | ui_test.pages.login_page | 【ERROR】卡在步骤 click_other_link，具体错误: HTTPConnectionPool(host='localhost', port=57789): Read timed out. (read timeout=30)
2026-05-23 17:30:01 | INFO | ui_test.framework.selenium_login_163music.conftest | 用例执行结果: tests/test_163.py::test_login_failure[case3] -> failed
2026-05-23 17:30:01 | ERROR | ui_test.framework.selenium_login_163music.conftest | 用例失败阶段: call -> tests/test_163.py::test_login_failure[case3]
2026-05-23 17:30:01 | ERROR | ui_test.framework.selenium_login_163music.conftest | 失败堆栈:
D:\Projects\miniconda3\envs\ui_test\lib\site-packages\urllib3\connectionpool.py:534: in _make_request
    response = conn.getresponse()
D:\Projects\miniconda3\envs\ui_test\lib\site-packages\urllib3\connection.py:571: in getresponse
    httplib_response = super().getresponse()
D:\Projects\miniconda3\envs\ui_test\lib\http\client.py:1395: in getresponse
    response.begin()
D:\Projects\miniconda3\envs\ui_test\lib\http\client.py:323: in begin
    version, status, reason = self._read_status()
D:\Projects\miniconda3\envs\ui_test\lib\http\client.py:284: in _read_status
    line = str(self.fp.readline(_MAXLINE + 1), "iso-8859-1")
D:\Projects\miniconda3\envs\ui_test\lib\socket.py:717: in readinto
    return self._sock.recv_into(b)
E   TimeoutError: timed out

The above exception was the direct cause of the following exception:
tests\test_163.py:14: in test_login_failure
    login_page.login(case["phone"], case["password"])
pages\login_page.py:239: in login
    self.click_other_link()
pages\login_page.py:193: in click_other_link
    self.safe_click_raw(self.OTHER_LINK, step_name="click_other_link")
pages\login_page.py:154: in safe_click_raw
    element = self.find_element(locator, timeout=timeout)
pages\base_page.py:26: in find_element
    return self._build_wait(timeout).until(EC.visibility_of_element_located(locator))
D:\Projects\miniconda3\envs\ui_test\lib\site-packages\selenium\webdriver\support\wait.py:112: in until
    value = method(self._driver)
D:\Projects\miniconda3\envs\ui_test\lib\site-packages\selenium\webdriver\support\expected_conditions.py:184: in _predicate
    return _element_if_visible(driver.find_element(*locator))
D:\Projects\miniconda3\envs\ui_test\lib\site-packages\selenium\webdriver\remote\webdriver.py:823: in find_element
    return self.execute(Command.FIND_ELEMENT, {"using": by, "value": value})["value"]
D:\Projects\miniconda3\envs\ui_test\lib\site-packages\selenium\webdriver\remote\webdriver.py:447: in execute
    response = cast(RemoteConnection, self.command_executor).execute(driver_command, params)
D:\Projects\miniconda3\envs\ui_test\lib\site-packages\selenium\webdriver\remote\remote_connection.py:407: in execute
    return self._request(command_info[0], url, body=data)
D:\Projects\miniconda3\envs\ui_test\lib\site-packages\selenium\webdriver\remote\remote_connection.py:431: in _request
    response = self._conn.request(method, url, body=body, headers=headers, timeout=self._client_config.timeout)
D:\Projects\miniconda3\envs\ui_test\lib\site-packages\urllib3\_request_methods.py:143: in request
    return self.request_encode_body(
D:\Projects\miniconda3\envs\ui_test\lib\site-packages\urllib3\_request_methods.py:278: in request_encode_body
    return self.urlopen(method, url, **extra_kw)
D:\Projects\miniconda3\envs\ui_test\lib\site-packages\urllib3\poolmanager.py:457: in urlopen
    response = conn.urlopen(method, u.request_uri, **kw)
D:\Projects\miniconda3\envs\ui_test\lib\site-packages\urllib3\connectionpool.py:841: in urlopen
    retries = retries.increment(
D:\Projects\miniconda3\envs\ui_test\lib\site-packages\urllib3\util\retry.py:490: in increment
    raise reraise(type(error), error, _stacktrace)
D:\Projects\miniconda3\envs\ui_test\lib\site-packages\urllib3\util\util.py:39: in reraise
    raise value
D:\Projects\miniconda3\envs\ui_test\lib\site-packages\urllib3\connectionpool.py:787: in urlopen
    response = self._make_request(
D:\Projects\miniconda3\envs\ui_test\lib\site-packages\urllib3\connectionpool.py:536: in _make_request
    self._raise_timeout(err=e, url=url, timeout_value=read_timeout)
D:\Projects\miniconda3\envs\ui_test\lib\site-packages\urllib3\connectionpool.py:367: in _raise_timeout
    raise ReadTimeoutError(
E   urllib3.exceptions.ReadTimeoutError: HTTPConnectionPool(host='localhost', port=57789): Read timed out. (read timeout=30)
2026-05-23 17:30:01 | WARNING | ui_test.framework.selenium_login_163music.conftest | 检测到 driver 已失联，本次失败跳过截图
2026-05-23 17:30:01 | WARNING | ui_test.framework.selenium_login_163music.conftest | 本次跳过 driver.quit()，直接清理 EdgeDriver 进程
2026-05-23 17:30:04 | INFO | ui_test.framework.selenium_login_163music.conftest | EdgeDriver 进程已结束: 34716
2026-05-23 17:30:04 | INFO | ui_test.framework.selenium_login_163music.conftest | 已清理独立浏览器环境: D:\Projects\workspace\test-practice-collection\03_ui_automation\framework\selenium_login_163music\.runtime_profiles\profile_1779528242630
2026-05-23 17:30:04 | INFO | ui_test.framework.selenium_login_163music.conftest | 冷却 5 秒后进入下一个 case
2026-05-23 17:30:09 | INFO | ui_test.framework.selenium_login_163music.conftest | 开始执行用例: tests/test_163.py::test_login_failure[case4]
2026-05-23 17:30:09 | INFO | ui_test.framework.selenium_login_163music.conftest | 准备启动 EdgeDriver: D:\Projects\workspace\test-practice-collection\03_ui_automation\framework\selenium_login_163music\utils\edgedriver_win64\msedgedriver.exe
2026-05-23 17:30:09 | INFO | ui_test.framework.selenium_login_163music.conftest | 创建独立浏览器环境: D:\Projects\workspace\test-practice-collection\03_ui_automation\framework\selenium_login_163music\.runtime_profiles\profile_1779528609100
2026-05-23 17:30:10 | INFO | ui_test.framework.selenium_login_163music.conftest | Edge 会话已创建: 2632b0dcda33d953a0dff4f197e2f3a1
2026-05-23 17:30:14 | INFO | ui_test.pages.login_page | 准备点击步骤: click_login_link, locator=('css selector', '.m-tophead.f-pr.j-tflag a')
2026-05-23 17:30:14 | INFO | ui_test.pages.login_page | 【1】success click_login_link
2026-05-23 17:30:14 | INFO | ui_test.pages.login_page | 等待页面稳定: 2 秒
2026-05-23 17:30:16 | INFO | ui_test.pages.login_page | 开始记录调试信息: after_click_login_link
2026-05-23 17:30:27 | INFO | ui_test.pages.login_page | 页面调试信息[after_click_login_link]: {"agreementLink": null, "bodyHints": {"hasAccountErrorText": false, "hasAgreementText": false, "hasOtherLoginText": true, "hasPasswordLoginText": false, "hasPasswordRequiredText": false, "hasPhoneRegisterText": false, "hasPhoneRequiredText": false, "hasSliderText": false}, "errorTip": null, "loginLink": {"className": "link s-fc3", "display": "block", "height": 17, "id": "", "opacity": "1", "tag": "A", "text": "登录", "visibility": "visible", "width": 28, "x": 1257, "y": 26}, "modalPreview": {"className": "mrc-modal-wrapper mrc-modal-wrapper-center mrc-modal-center", "display": "flex", "height": 732, "id": "", "opacity": "1", "tag": "DIV", "text": "登录 扫码登录 使用 网易云音乐APP 扫码登录 选择其他登录模式 下载客户端，VIP歌曲免费听", "visibility": "visible", "width": 1528, "x": 0, "y": 0}, "otherLink": {"className": "_3xIXD0Q6", "display": "block", "height": 30, "id": "", "opacity": "1", "tag": "A", "text": "选择其他登录模式", "visibility": "visible", "width": 120, "x": 704, "y": 463}, "passwordLink": null, "phoneLink": null, "readyState": "complete", "title": "网易云音乐", "url": "https://music.163.com/"}
2026-05-23 17:30:27 | INFO | ui_test.pages.login_page | 准备点击步骤: click_other_link, locator=('xpath', '//a[contains(text(), "选择其他登录模式")]')
2026-05-23 17:30:57 | INFO | ui_test.pages.login_page | 开始记录调试信息: click_other_link_find_failed
2026-05-23 17:31:27 | ERROR | ui_test.pages.login_page | 记录页面调试信息失败: click_other_link_find_failed
Traceback (most recent call last):
  File "D:\Projects\miniconda3\envs\ui_test\lib\site-packages\urllib3\connectionpool.py", line 534, in _make_request
    response = conn.getresponse()
  File "D:\Projects\miniconda3\envs\ui_test\lib\site-packages\urllib3\connection.py", line 571, in getresponse
    httplib_response = super().getresponse()
  File "D:\Projects\miniconda3\envs\ui_test\lib\http\client.py", line 1395, in getresponse
    response.begin()
  File "D:\Projects\miniconda3\envs\ui_test\lib\http\client.py", line 323, in begin
    version, status, reason = self._read_status()
  File "D:\Projects\miniconda3\envs\ui_test\lib\http\client.py", line 284, in _read_status
    line = str(self.fp.readline(_MAXLINE + 1), "iso-8859-1")
  File "D:\Projects\miniconda3\envs\ui_test\lib\socket.py", line 717, in readinto
    return self._sock.recv_into(b)
TimeoutError: timed out

The above exception was the direct cause of the following exception:

Traceback (most recent call last):
  File "D:\Projects\workspace\test-practice-collection\03_ui_automation\framework\selenium_login_163music\pages\login_page.py", line 154, in safe_click_raw
    element = self.find_element(locator, timeout=timeout)
  File "D:\Projects\workspace\test-practice-collection\03_ui_automation\framework\selenium_login_163music\pages\base_page.py", line 26, in find_element
    return self._build_wait(timeout).until(EC.visibility_of_element_located(locator))
  File "D:\Projects\miniconda3\envs\ui_test\lib\site-packages\selenium\webdriver\support\wait.py", line 112, in until
    value = method(self._driver)
  File "D:\Projects\miniconda3\envs\ui_test\lib\site-packages\selenium\webdriver\support\expected_conditions.py", line 184, in _predicate
    return _element_if_visible(driver.find_element(*locator))
  File "D:\Projects\miniconda3\envs\ui_test\lib\site-packages\selenium\webdriver\remote\webdriver.py", line 823, in find_element
    return self.execute(Command.FIND_ELEMENT, {"using": by, "value": value})["value"]
  File "D:\Projects\miniconda3\envs\ui_test\lib\site-packages\selenium\webdriver\remote\webdriver.py", line 447, in execute
    response = cast(RemoteConnection, self.command_executor).execute(driver_command, params)
  File "D:\Projects\miniconda3\envs\ui_test\lib\site-packages\selenium\webdriver\remote\remote_connection.py", line 407, in execute
    return self._request(command_info[0], url, body=data)
  File "D:\Projects\miniconda3\envs\ui_test\lib\site-packages\selenium\webdriver\remote\remote_connection.py", line 431, in _request
    response = self._conn.request(method, url, body=body, headers=headers, timeout=self._client_config.timeout)
  File "D:\Projects\miniconda3\envs\ui_test\lib\site-packages\urllib3\_request_methods.py", line 143, in request
    return self.request_encode_body(
  File "D:\Projects\miniconda3\envs\ui_test\lib\site-packages\urllib3\_request_methods.py", line 278, in request_encode_body
    return self.urlopen(method, url, **extra_kw)
  File "D:\Projects\miniconda3\envs\ui_test\lib\site-packages\urllib3\poolmanager.py", line 457, in urlopen
    response = conn.urlopen(method, u.request_uri, **kw)
  File "D:\Projects\miniconda3\envs\ui_test\lib\site-packages\urllib3\connectionpool.py", line 841, in urlopen
    retries = retries.increment(
  File "D:\Projects\miniconda3\envs\ui_test\lib\site-packages\urllib3\util\retry.py", line 490, in increment
    raise reraise(type(error), error, _stacktrace)
  File "D:\Projects\miniconda3\envs\ui_test\lib\site-packages\urllib3\util\util.py", line 39, in reraise
    raise value
  File "D:\Projects\miniconda3\envs\ui_test\lib\site-packages\urllib3\connectionpool.py", line 787, in urlopen
    response = self._make_request(
  File "D:\Projects\miniconda3\envs\ui_test\lib\site-packages\urllib3\connectionpool.py", line 536, in _make_request
    self._raise_timeout(err=e, url=url, timeout_value=read_timeout)
  File "D:\Projects\miniconda3\envs\ui_test\lib\site-packages\urllib3\connectionpool.py", line 367, in _raise_timeout
    raise ReadTimeoutError(
urllib3.exceptions.ReadTimeoutError: HTTPConnectionPool(host='localhost', port=57463): Read timed out. (read timeout=30)

During handling of the above exception, another exception occurred:

Traceback (most recent call last):
  File "D:\Projects\miniconda3\envs\ui_test\lib\site-packages\urllib3\connectionpool.py", line 534, in _make_request
    response = conn.getresponse()
  File "D:\Projects\miniconda3\envs\ui_test\lib\site-packages\urllib3\connection.py", line 571, in getresponse
    httplib_response = super().getresponse()
  File "D:\Projects\miniconda3\envs\ui_test\lib\http\client.py", line 1395, in getresponse
    response.begin()
  File "D:\Projects\miniconda3\envs\ui_test\lib\http\client.py", line 323, in begin
    version, status, reason = self._read_status()
  File "D:\Projects\miniconda3\envs\ui_test\lib\http\client.py", line 284, in _read_status
    line = str(self.fp.readline(_MAXLINE + 1), "iso-8859-1")
  File "D:\Projects\miniconda3\envs\ui_test\lib\socket.py", line 717, in readinto
    return self._sock.recv_into(b)
TimeoutError: timed out

The above exception was the direct cause of the following exception:

Traceback (most recent call last):
  File "D:\Projects\workspace\test-practice-collection\03_ui_automation\framework\selenium_login_163music\pages\login_page.py", line 54, in debug_page_state
    state = self.driver.execute_script(
  File "D:\Projects\miniconda3\envs\ui_test\lib\site-packages\selenium\webdriver\remote\webdriver.py", line 536, in execute_script
    return self.execute(command, {"script": script, "args": converted_args})["value"]
  File "D:\Projects\miniconda3\envs\ui_test\lib\site-packages\selenium\webdriver\remote\webdriver.py", line 447, in execute
    response = cast(RemoteConnection, self.command_executor).execute(driver_command, params)
  File "D:\Projects\miniconda3\envs\ui_test\lib\site-packages\selenium\webdriver\remote\remote_connection.py", line 407, in execute
    return self._request(command_info[0], url, body=data)
  File "D:\Projects\miniconda3\envs\ui_test\lib\site-packages\selenium\webdriver\remote\remote_connection.py", line 431, in _request
    response = self._conn.request(method, url, body=body, headers=headers, timeout=self._client_config.timeout)
  File "D:\Projects\miniconda3\envs\ui_test\lib\site-packages\urllib3\_request_methods.py", line 143, in request
    return self.request_encode_body(
  File "D:\Projects\miniconda3\envs\ui_test\lib\site-packages\urllib3\_request_methods.py", line 278, in request_encode_body
    return self.urlopen(method, url, **extra_kw)
  File "D:\Projects\miniconda3\envs\ui_test\lib\site-packages\urllib3\poolmanager.py", line 457, in urlopen
    response = conn.urlopen(method, u.request_uri, **kw)
  File "D:\Projects\miniconda3\envs\ui_test\lib\site-packages\urllib3\connectionpool.py", line 841, in urlopen
    retries = retries.increment(
  File "D:\Projects\miniconda3\envs\ui_test\lib\site-packages\urllib3\util\retry.py", line 490, in increment
    raise reraise(type(error), error, _stacktrace)
  File "D:\Projects\miniconda3\envs\ui_test\lib\site-packages\urllib3\util\util.py", line 39, in reraise
    raise value
  File "D:\Projects\miniconda3\envs\ui_test\lib\site-packages\urllib3\connectionpool.py", line 787, in urlopen
    response = self._make_request(
  File "D:\Projects\miniconda3\envs\ui_test\lib\site-packages\urllib3\connectionpool.py", line 536, in _make_request
    self._raise_timeout(err=e, url=url, timeout_value=read_timeout)
  File "D:\Projects\miniconda3\envs\ui_test\lib\site-packages\urllib3\connectionpool.py", line 367, in _raise_timeout
    raise ReadTimeoutError(
urllib3.exceptions.ReadTimeoutError: HTTPConnectionPool(host='localhost', port=57463): Read timed out. (read timeout=30)
2026-05-23 17:33:28 | ERROR | ui_test.pages.login_page | 保存调试截图失败: click_other_link_find_failed
Traceback (most recent call last):
  File "D:\Projects\miniconda3\envs\ui_test\lib\site-packages\urllib3\connectionpool.py", line 534, in _make_request
    response = conn.getresponse()
  File "D:\Projects\miniconda3\envs\ui_test\lib\site-packages\urllib3\connection.py", line 571, in getresponse
    httplib_response = super().getresponse()
  File "D:\Projects\miniconda3\envs\ui_test\lib\http\client.py", line 1395, in getresponse
    response.begin()
  File "D:\Projects\miniconda3\envs\ui_test\lib\http\client.py", line 323, in begin
    version, status, reason = self._read_status()
  File "D:\Projects\miniconda3\envs\ui_test\lib\http\client.py", line 284, in _read_status
    line = str(self.fp.readline(_MAXLINE + 1), "iso-8859-1")
  File "D:\Projects\miniconda3\envs\ui_test\lib\socket.py", line 717, in readinto
    return self._sock.recv_into(b)
TimeoutError: timed out

The above exception was the direct cause of the following exception:

Traceback (most recent call last):
  File "D:\Projects\workspace\test-practice-collection\03_ui_automation\framework\selenium_login_163music\pages\login_page.py", line 154, in safe_click_raw
    element = self.find_element(locator, timeout=timeout)
  File "D:\Projects\workspace\test-practice-collection\03_ui_automation\framework\selenium_login_163music\pages\base_page.py", line 26, in find_element
    return self._build_wait(timeout).until(EC.visibility_of_element_located(locator))
  File "D:\Projects\miniconda3\envs\ui_test\lib\site-packages\selenium\webdriver\support\wait.py", line 112, in until
    value = method(self._driver)
  File "D:\Projects\miniconda3\envs\ui_test\lib\site-packages\selenium\webdriver\support\expected_conditions.py", line 184, in _predicate
    return _element_if_visible(driver.find_element(*locator))
  File "D:\Projects\miniconda3\envs\ui_test\lib\site-packages\selenium\webdriver\remote\webdriver.py", line 823, in find_element
    return self.execute(Command.FIND_ELEMENT, {"using": by, "value": value})["value"]
  File "D:\Projects\miniconda3\envs\ui_test\lib\site-packages\selenium\webdriver\remote\webdriver.py", line 447, in execute
    response = cast(RemoteConnection, self.command_executor).execute(driver_command, params)
  File "D:\Projects\miniconda3\envs\ui_test\lib\site-packages\selenium\webdriver\remote\remote_connection.py", line 407, in execute
    return self._request(command_info[0], url, body=data)
  File "D:\Projects\miniconda3\envs\ui_test\lib\site-packages\selenium\webdriver\remote\remote_connection.py", line 431, in _request
    response = self._conn.request(method, url, body=body, headers=headers, timeout=self._client_config.timeout)
  File "D:\Projects\miniconda3\envs\ui_test\lib\site-packages\urllib3\_request_methods.py", line 143, in request
    return self.request_encode_body(
  File "D:\Projects\miniconda3\envs\ui_test\lib\site-packages\urllib3\_request_methods.py", line 278, in request_encode_body
    return self.urlopen(method, url, **extra_kw)
  File "D:\Projects\miniconda3\envs\ui_test\lib\site-packages\urllib3\poolmanager.py", line 457, in urlopen
    response = conn.urlopen(method, u.request_uri, **kw)
  File "D:\Projects\miniconda3\envs\ui_test\lib\site-packages\urllib3\connectionpool.py", line 841, in urlopen
    retries = retries.increment(
  File "D:\Projects\miniconda3\envs\ui_test\lib\site-packages\urllib3\util\retry.py", line 490, in increment
    raise reraise(type(error), error, _stacktrace)
  File "D:\Projects\miniconda3\envs\ui_test\lib\site-packages\urllib3\util\util.py", line 39, in reraise
    raise value
  File "D:\Projects\miniconda3\envs\ui_test\lib\site-packages\urllib3\connectionpool.py", line 787, in urlopen
    response = self._make_request(
  File "D:\Projects\miniconda3\envs\ui_test\lib\site-packages\urllib3\connectionpool.py", line 536, in _make_request
    self._raise_timeout(err=e, url=url, timeout_value=read_timeout)
  File "D:\Projects\miniconda3\envs\ui_test\lib\site-packages\urllib3\connectionpool.py", line 367, in _raise_timeout
    raise ReadTimeoutError(
urllib3.exceptions.ReadTimeoutError: HTTPConnectionPool(host='localhost', port=57463): Read timed out. (read timeout=30)

During handling of the above exception, another exception occurred:

Traceback (most recent call last):
  File "D:\Projects\miniconda3\envs\ui_test\lib\site-packages\urllib3\connectionpool.py", line 534, in _make_request
    response = conn.getresponse()
  File "D:\Projects\miniconda3\envs\ui_test\lib\site-packages\urllib3\connection.py", line 571, in getresponse
    httplib_response = super().getresponse()
  File "D:\Projects\miniconda3\envs\ui_test\lib\http\client.py", line 1395, in getresponse
    response.begin()
  File "D:\Projects\miniconda3\envs\ui_test\lib\http\client.py", line 323, in begin
    version, status, reason = self._read_status()
  File "D:\Projects\miniconda3\envs\ui_test\lib\http\client.py", line 284, in _read_status
    line = str(self.fp.readline(_MAXLINE + 1), "iso-8859-1")
  File "D:\Projects\miniconda3\envs\ui_test\lib\socket.py", line 717, in readinto
    return self._sock.recv_into(b)
TimeoutError: timed out

The above exception was the direct cause of the following exception:

Traceback (most recent call last):
  File "D:\Projects\miniconda3\envs\ui_test\lib\site-packages\urllib3\connectionpool.py", line 787, in urlopen
    response = self._make_request(
  File "D:\Projects\miniconda3\envs\ui_test\lib\site-packages\urllib3\connectionpool.py", line 536, in _make_request
    self._raise_timeout(err=e, url=url, timeout_value=read_timeout)
  File "D:\Projects\miniconda3\envs\ui_test\lib\site-packages\urllib3\connectionpool.py", line 367, in _raise_timeout
    raise ReadTimeoutError(
urllib3.exceptions.ReadTimeoutError: HTTPConnectionPool(host='localhost', port=57463): Read timed out. (read timeout=30)

The above exception was the direct cause of the following exception:

Traceback (most recent call last):
  File "D:\Projects\workspace\test-practice-collection\03_ui_automation\framework\selenium_login_163music\pages\login_page.py", line 134, in debug_page_state
    screenshot_path = self.take_screenshot(f"debug_{tag}")
  File "D:\Projects\workspace\test-practice-collection\03_ui_automation\framework\selenium_login_163music\pages\base_page.py", line 66, in take_screenshot
    screenshot_path = save_driver_screenshot(self.driver, name)
  File "D:\Projects\workspace\test-practice-collection\03_ui_automation\framework\selenium_login_163music\utils\log_helper.py", line 68, in save_driver_screenshot
    if driver.save_screenshot(str(screenshot_path)):
  File "D:\Projects\miniconda3\envs\ui_test\lib\site-packages\selenium\webdriver\remote\webdriver.py", line 903, in save_screenshot
    return self.get_screenshot_as_file(filename)
  File "D:\Projects\miniconda3\envs\ui_test\lib\site-packages\selenium\webdriver\remote\webdriver.py", line 880, in get_screenshot_as_file
    png = self.get_screenshot_as_png()
  File "D:\Projects\miniconda3\envs\ui_test\lib\site-packages\selenium\webdriver\remote\webdriver.py", line 911, in get_screenshot_as_png
    return b64decode(self.get_screenshot_as_base64().encode("ascii"))
  File "D:\Projects\miniconda3\envs\ui_test\lib\site-packages\selenium\webdriver\remote\webdriver.py", line 921, in get_screenshot_as_base64
    return self.execute(Command.SCREENSHOT)["value"]
  File "D:\Projects\miniconda3\envs\ui_test\lib\site-packages\selenium\webdriver\remote\webdriver.py", line 447, in execute
    response = cast(RemoteConnection, self.command_executor).execute(driver_command, params)
  File "D:\Projects\miniconda3\envs\ui_test\lib\site-packages\selenium\webdriver\remote\remote_connection.py", line 407, in execute
    return self._request(command_info[0], url, body=data)
  File "D:\Projects\miniconda3\envs\ui_test\lib\site-packages\selenium\webdriver\remote\remote_connection.py", line 431, in _request
    response = self._conn.request(method, url, body=body, headers=headers, timeout=self._client_config.timeout)
  File "D:\Projects\miniconda3\envs\ui_test\lib\site-packages\urllib3\_request_methods.py", line 135, in request
    return self.request_encode_url(
  File "D:\Projects\miniconda3\envs\ui_test\lib\site-packages\urllib3\_request_methods.py", line 182, in request_encode_url
    return self.urlopen(method, url, **extra_kw)
  File "D:\Projects\miniconda3\envs\ui_test\lib\site-packages\urllib3\poolmanager.py", line 457, in urlopen
    response = conn.urlopen(method, u.request_uri, **kw)
  File "D:\Projects\miniconda3\envs\ui_test\lib\site-packages\urllib3\connectionpool.py", line 871, in urlopen
    return self.urlopen(
  File "D:\Projects\miniconda3\envs\ui_test\lib\site-packages\urllib3\connectionpool.py", line 871, in urlopen
    return self.urlopen(
  File "D:\Projects\miniconda3\envs\ui_test\lib\site-packages\urllib3\connectionpool.py", line 871, in urlopen
    return self.urlopen(
  File "D:\Projects\miniconda3\envs\ui_test\lib\site-packages\urllib3\connectionpool.py", line 841, in urlopen
    retries = retries.increment(
  File "D:\Projects\miniconda3\envs\ui_test\lib\site-packages\urllib3\util\retry.py", line 535, in increment
    raise MaxRetryError(_pool, url, reason) from reason  # type: ignore[arg-type]
urllib3.exceptions.MaxRetryError: HTTPConnectionPool(host='localhost', port=57463): Max retries exceeded with url: /session/2632b0dcda33d953a0dff4f197e2f3a1/screenshot (Caused by ReadTimeoutError("HTTPConnectionPool(host='localhost', port=57463): Read timed out. (read timeout=30)"))
2026-05-23 17:33:28 | ERROR | ui_test.pages.login_page | 登录流程执行失败，失败步骤: click_other_link
Traceback (most recent call last):
  File "D:\Projects\miniconda3\envs\ui_test\lib\site-packages\urllib3\connectionpool.py", line 534, in _make_request
    response = conn.getresponse()
  File "D:\Projects\miniconda3\envs\ui_test\lib\site-packages\urllib3\connection.py", line 571, in getresponse
    httplib_response = super().getresponse()
  File "D:\Projects\miniconda3\envs\ui_test\lib\http\client.py", line 1395, in getresponse
    response.begin()
  File "D:\Projects\miniconda3\envs\ui_test\lib\http\client.py", line 323, in begin
    version, status, reason = self._read_status()
  File "D:\Projects\miniconda3\envs\ui_test\lib\http\client.py", line 284, in _read_status
    line = str(self.fp.readline(_MAXLINE + 1), "iso-8859-1")
  File "D:\Projects\miniconda3\envs\ui_test\lib\socket.py", line 717, in readinto
    return self._sock.recv_into(b)
TimeoutError: timed out

The above exception was the direct cause of the following exception:

Traceback (most recent call last):
  File "D:\Projects\workspace\test-practice-collection\03_ui_automation\framework\selenium_login_163music\pages\login_page.py", line 239, in login
    self.click_other_link()
  File "D:\Projects\workspace\test-practice-collection\03_ui_automation\framework\selenium_login_163music\pages\login_page.py", line 193, in click_other_link
    self.safe_click_raw(self.OTHER_LINK, step_name="click_other_link")
  File "D:\Projects\workspace\test-practice-collection\03_ui_automation\framework\selenium_login_163music\pages\login_page.py", line 154, in safe_click_raw
    element = self.find_element(locator, timeout=timeout)
  File "D:\Projects\workspace\test-practice-collection\03_ui_automation\framework\selenium_login_163music\pages\base_page.py", line 26, in find_element
    return self._build_wait(timeout).until(EC.visibility_of_element_located(locator))
  File "D:\Projects\miniconda3\envs\ui_test\lib\site-packages\selenium\webdriver\support\wait.py", line 112, in until
    value = method(self._driver)
  File "D:\Projects\miniconda3\envs\ui_test\lib\site-packages\selenium\webdriver\support\expected_conditions.py", line 184, in _predicate
    return _element_if_visible(driver.find_element(*locator))
  File "D:\Projects\miniconda3\envs\ui_test\lib\site-packages\selenium\webdriver\remote\webdriver.py", line 823, in find_element
    return self.execute(Command.FIND_ELEMENT, {"using": by, "value": value})["value"]
  File "D:\Projects\miniconda3\envs\ui_test\lib\site-packages\selenium\webdriver\remote\webdriver.py", line 447, in execute
    response = cast(RemoteConnection, self.command_executor).execute(driver_command, params)
  File "D:\Projects\miniconda3\envs\ui_test\lib\site-packages\selenium\webdriver\remote\remote_connection.py", line 407, in execute
    return self._request(command_info[0], url, body=data)
  File "D:\Projects\miniconda3\envs\ui_test\lib\site-packages\selenium\webdriver\remote\remote_connection.py", line 431, in _request
    response = self._conn.request(method, url, body=body, headers=headers, timeout=self._client_config.timeout)
  File "D:\Projects\miniconda3\envs\ui_test\lib\site-packages\urllib3\_request_methods.py", line 143, in request
    return self.request_encode_body(
  File "D:\Projects\miniconda3\envs\ui_test\lib\site-packages\urllib3\_request_methods.py", line 278, in request_encode_body
    return self.urlopen(method, url, **extra_kw)
  File "D:\Projects\miniconda3\envs\ui_test\lib\site-packages\urllib3\poolmanager.py", line 457, in urlopen
    response = conn.urlopen(method, u.request_uri, **kw)
  File "D:\Projects\miniconda3\envs\ui_test\lib\site-packages\urllib3\connectionpool.py", line 841, in urlopen
    retries = retries.increment(
  File "D:\Projects\miniconda3\envs\ui_test\lib\site-packages\urllib3\util\retry.py", line 490, in increment
    raise reraise(type(error), error, _stacktrace)
  File "D:\Projects\miniconda3\envs\ui_test\lib\site-packages\urllib3\util\util.py", line 39, in reraise
    raise value
  File "D:\Projects\miniconda3\envs\ui_test\lib\site-packages\urllib3\connectionpool.py", line 787, in urlopen
    response = self._make_request(
  File "D:\Projects\miniconda3\envs\ui_test\lib\site-packages\urllib3\connectionpool.py", line 536, in _make_request
    self._raise_timeout(err=e, url=url, timeout_value=read_timeout)
  File "D:\Projects\miniconda3\envs\ui_test\lib\site-packages\urllib3\connectionpool.py", line 367, in _raise_timeout
    raise ReadTimeoutError(
urllib3.exceptions.ReadTimeoutError: HTTPConnectionPool(host='localhost', port=57463): Read timed out. (read timeout=30)
2026-05-23 17:33:28 | INFO | ui_test.pages.login_page | 开始记录调试信息: login_exception_click_other_link
2026-05-23 17:33:58 | ERROR | ui_test.pages.login_page | 记录页面调试信息失败: login_exception_click_other_link
Traceback (most recent call last):
  File "D:\Projects\miniconda3\envs\ui_test\lib\site-packages\urllib3\connectionpool.py", line 534, in _make_request
    response = conn.getresponse()
  File "D:\Projects\miniconda3\envs\ui_test\lib\site-packages\urllib3\connection.py", line 571, in getresponse
    httplib_response = super().getresponse()
  File "D:\Projects\miniconda3\envs\ui_test\lib\http\client.py", line 1395, in getresponse
    response.begin()
  File "D:\Projects\miniconda3\envs\ui_test\lib\http\client.py", line 323, in begin
    version, status, reason = self._read_status()
  File "D:\Projects\miniconda3\envs\ui_test\lib\http\client.py", line 284, in _read_status
    line = str(self.fp.readline(_MAXLINE + 1), "iso-8859-1")
  File "D:\Projects\miniconda3\envs\ui_test\lib\socket.py", line 717, in readinto
    return self._sock.recv_into(b)
TimeoutError: timed out

The above exception was the direct cause of the following exception:

Traceback (most recent call last):
  File "D:\Projects\workspace\test-practice-collection\03_ui_automation\framework\selenium_login_163music\pages\login_page.py", line 239, in login
    self.click_other_link()
  File "D:\Projects\workspace\test-practice-collection\03_ui_automation\framework\selenium_login_163music\pages\login_page.py", line 193, in click_other_link
    self.safe_click_raw(self.OTHER_LINK, step_name="click_other_link")
  File "D:\Projects\workspace\test-practice-collection\03_ui_automation\framework\selenium_login_163music\pages\login_page.py", line 154, in safe_click_raw
    element = self.find_element(locator, timeout=timeout)
  File "D:\Projects\workspace\test-practice-collection\03_ui_automation\framework\selenium_login_163music\pages\base_page.py", line 26, in find_element
    return self._build_wait(timeout).until(EC.visibility_of_element_located(locator))
  File "D:\Projects\miniconda3\envs\ui_test\lib\site-packages\selenium\webdriver\support\wait.py", line 112, in until
    value = method(self._driver)
  File "D:\Projects\miniconda3\envs\ui_test\lib\site-packages\selenium\webdriver\support\expected_conditions.py", line 184, in _predicate
    return _element_if_visible(driver.find_element(*locator))
  File "D:\Projects\miniconda3\envs\ui_test\lib\site-packages\selenium\webdriver\remote\webdriver.py", line 823, in find_element
    return self.execute(Command.FIND_ELEMENT, {"using": by, "value": value})["value"]
  File "D:\Projects\miniconda3\envs\ui_test\lib\site-packages\selenium\webdriver\remote\webdriver.py", line 447, in execute
    response = cast(RemoteConnection, self.command_executor).execute(driver_command, params)
  File "D:\Projects\miniconda3\envs\ui_test\lib\site-packages\selenium\webdriver\remote\remote_connection.py", line 407, in execute
    return self._request(command_info[0], url, body=data)
  File "D:\Projects\miniconda3\envs\ui_test\lib\site-packages\selenium\webdriver\remote\remote_connection.py", line 431, in _request
    response = self._conn.request(method, url, body=body, headers=headers, timeout=self._client_config.timeout)
  File "D:\Projects\miniconda3\envs\ui_test\lib\site-packages\urllib3\_request_methods.py", line 143, in request
    return self.request_encode_body(
  File "D:\Projects\miniconda3\envs\ui_test\lib\site-packages\urllib3\_request_methods.py", line 278, in request_encode_body
    return self.urlopen(method, url, **extra_kw)
  File "D:\Projects\miniconda3\envs\ui_test\lib\site-packages\urllib3\poolmanager.py", line 457, in urlopen
    response = conn.urlopen(method, u.request_uri, **kw)
  File "D:\Projects\miniconda3\envs\ui_test\lib\site-packages\urllib3\connectionpool.py", line 841, in urlopen
    retries = retries.increment(
  File "D:\Projects\miniconda3\envs\ui_test\lib\site-packages\urllib3\util\retry.py", line 490, in increment
    raise reraise(type(error), error, _stacktrace)
  File "D:\Projects\miniconda3\envs\ui_test\lib\site-packages\urllib3\util\util.py", line 39, in reraise
    raise value
  File "D:\Projects\miniconda3\envs\ui_test\lib\site-packages\urllib3\connectionpool.py", line 787, in urlopen
    response = self._make_request(
  File "D:\Projects\miniconda3\envs\ui_test\lib\site-packages\urllib3\connectionpool.py", line 536, in _make_request
    self._raise_timeout(err=e, url=url, timeout_value=read_timeout)
  File "D:\Projects\miniconda3\envs\ui_test\lib\site-packages\urllib3\connectionpool.py", line 367, in _raise_timeout
    raise ReadTimeoutError(
urllib3.exceptions.ReadTimeoutError: HTTPConnectionPool(host='localhost', port=57463): Read timed out. (read timeout=30)

During handling of the above exception, another exception occurred:

Traceback (most recent call last):
  File "D:\Projects\miniconda3\envs\ui_test\lib\site-packages\urllib3\connectionpool.py", line 534, in _make_request
    response = conn.getresponse()
  File "D:\Projects\miniconda3\envs\ui_test\lib\site-packages\urllib3\connection.py", line 571, in getresponse
    httplib_response = super().getresponse()
  File "D:\Projects\miniconda3\envs\ui_test\lib\http\client.py", line 1395, in getresponse
    response.begin()
  File "D:\Projects\miniconda3\envs\ui_test\lib\http\client.py", line 323, in begin
    version, status, reason = self._read_status()
  File "D:\Projects\miniconda3\envs\ui_test\lib\http\client.py", line 284, in _read_status
    line = str(self.fp.readline(_MAXLINE + 1), "iso-8859-1")
  File "D:\Projects\miniconda3\envs\ui_test\lib\socket.py", line 717, in readinto
    return self._sock.recv_into(b)
TimeoutError: timed out

The above exception was the direct cause of the following exception:

Traceback (most recent call last):
  File "D:\Projects\workspace\test-practice-collection\03_ui_automation\framework\selenium_login_163music\pages\login_page.py", line 54, in debug_page_state
    state = self.driver.execute_script(
  File "D:\Projects\miniconda3\envs\ui_test\lib\site-packages\selenium\webdriver\remote\webdriver.py", line 536, in execute_script
    return self.execute(command, {"script": script, "args": converted_args})["value"]
  File "D:\Projects\miniconda3\envs\ui_test\lib\site-packages\selenium\webdriver\remote\webdriver.py", line 447, in execute
    response = cast(RemoteConnection, self.command_executor).execute(driver_command, params)
  File "D:\Projects\miniconda3\envs\ui_test\lib\site-packages\selenium\webdriver\remote\remote_connection.py", line 407, in execute
    return self._request(command_info[0], url, body=data)
  File "D:\Projects\miniconda3\envs\ui_test\lib\site-packages\selenium\webdriver\remote\remote_connection.py", line 431, in _request
    response = self._conn.request(method, url, body=body, headers=headers, timeout=self._client_config.timeout)
  File "D:\Projects\miniconda3\envs\ui_test\lib\site-packages\urllib3\_request_methods.py", line 143, in request
    return self.request_encode_body(
  File "D:\Projects\miniconda3\envs\ui_test\lib\site-packages\urllib3\_request_methods.py", line 278, in request_encode_body
    return self.urlopen(method, url, **extra_kw)
  File "D:\Projects\miniconda3\envs\ui_test\lib\site-packages\urllib3\poolmanager.py", line 457, in urlopen
    response = conn.urlopen(method, u.request_uri, **kw)
  File "D:\Projects\miniconda3\envs\ui_test\lib\site-packages\urllib3\connectionpool.py", line 841, in urlopen
    retries = retries.increment(
  File "D:\Projects\miniconda3\envs\ui_test\lib\site-packages\urllib3\util\retry.py", line 490, in increment
    raise reraise(type(error), error, _stacktrace)
  File "D:\Projects\miniconda3\envs\ui_test\lib\site-packages\urllib3\util\util.py", line 39, in reraise
    raise value
  File "D:\Projects\miniconda3\envs\ui_test\lib\site-packages\urllib3\connectionpool.py", line 787, in urlopen
    response = self._make_request(
  File "D:\Projects\miniconda3\envs\ui_test\lib\site-packages\urllib3\connectionpool.py", line 536, in _make_request
    self._raise_timeout(err=e, url=url, timeout_value=read_timeout)
  File "D:\Projects\miniconda3\envs\ui_test\lib\site-packages\urllib3\connectionpool.py", line 367, in _raise_timeout
    raise ReadTimeoutError(
urllib3.exceptions.ReadTimeoutError: HTTPConnectionPool(host='localhost', port=57463): Read timed out. (read timeout=30)
2026-05-23 17:35:58 | ERROR | ui_test.pages.login_page | 保存调试截图失败: login_exception_click_other_link
Traceback (most recent call last):
  File "D:\Projects\miniconda3\envs\ui_test\lib\site-packages\urllib3\connectionpool.py", line 534, in _make_request
    response = conn.getresponse()
  File "D:\Projects\miniconda3\envs\ui_test\lib\site-packages\urllib3\connection.py", line 571, in getresponse
    httplib_response = super().getresponse()
  File "D:\Projects\miniconda3\envs\ui_test\lib\http\client.py", line 1395, in getresponse
    response.begin()
  File "D:\Projects\miniconda3\envs\ui_test\lib\http\client.py", line 323, in begin
    version, status, reason = self._read_status()
  File "D:\Projects\miniconda3\envs\ui_test\lib\http\client.py", line 284, in _read_status
    line = str(self.fp.readline(_MAXLINE + 1), "iso-8859-1")
  File "D:\Projects\miniconda3\envs\ui_test\lib\socket.py", line 717, in readinto
    return self._sock.recv_into(b)
TimeoutError: timed out

The above exception was the direct cause of the following exception:

Traceback (most recent call last):
  File "D:\Projects\workspace\test-practice-collection\03_ui_automation\framework\selenium_login_163music\pages\login_page.py", line 239, in login
    self.click_other_link()
  File "D:\Projects\workspace\test-practice-collection\03_ui_automation\framework\selenium_login_163music\pages\login_page.py", line 193, in click_other_link
    self.safe_click_raw(self.OTHER_LINK, step_name="click_other_link")
  File "D:\Projects\workspace\test-practice-collection\03_ui_automation\framework\selenium_login_163music\pages\login_page.py", line 154, in safe_click_raw
    element = self.find_element(locator, timeout=timeout)
  File "D:\Projects\workspace\test-practice-collection\03_ui_automation\framework\selenium_login_163music\pages\base_page.py", line 26, in find_element
    return self._build_wait(timeout).until(EC.visibility_of_element_located(locator))
  File "D:\Projects\miniconda3\envs\ui_test\lib\site-packages\selenium\webdriver\support\wait.py", line 112, in until
    value = method(self._driver)
  File "D:\Projects\miniconda3\envs\ui_test\lib\site-packages\selenium\webdriver\support\expected_conditions.py", line 184, in _predicate
    return _element_if_visible(driver.find_element(*locator))
  File "D:\Projects\miniconda3\envs\ui_test\lib\site-packages\selenium\webdriver\remote\webdriver.py", line 823, in find_element
    return self.execute(Command.FIND_ELEMENT, {"using": by, "value": value})["value"]
  File "D:\Projects\miniconda3\envs\ui_test\lib\site-packages\selenium\webdriver\remote\webdriver.py", line 447, in execute
    response = cast(RemoteConnection, self.command_executor).execute(driver_command, params)
  File "D:\Projects\miniconda3\envs\ui_test\lib\site-packages\selenium\webdriver\remote\remote_connection.py", line 407, in execute
    return self._request(command_info[0], url, body=data)
  File "D:\Projects\miniconda3\envs\ui_test\lib\site-packages\selenium\webdriver\remote\remote_connection.py", line 431, in _request
    response = self._conn.request(method, url, body=body, headers=headers, timeout=self._client_config.timeout)
  File "D:\Projects\miniconda3\envs\ui_test\lib\site-packages\urllib3\_request_methods.py", line 143, in request
    return self.request_encode_body(
  File "D:\Projects\miniconda3\envs\ui_test\lib\site-packages\urllib3\_request_methods.py", line 278, in request_encode_body
    return self.urlopen(method, url, **extra_kw)
  File "D:\Projects\miniconda3\envs\ui_test\lib\site-packages\urllib3\poolmanager.py", line 457, in urlopen
    response = conn.urlopen(method, u.request_uri, **kw)
  File "D:\Projects\miniconda3\envs\ui_test\lib\site-packages\urllib3\connectionpool.py", line 841, in urlopen
    retries = retries.increment(
  File "D:\Projects\miniconda3\envs\ui_test\lib\site-packages\urllib3\util\retry.py", line 490, in increment
    raise reraise(type(error), error, _stacktrace)
  File "D:\Projects\miniconda3\envs\ui_test\lib\site-packages\urllib3\util\util.py", line 39, in reraise
    raise value
  File "D:\Projects\miniconda3\envs\ui_test\lib\site-packages\urllib3\connectionpool.py", line 787, in urlopen
    response = self._make_request(
  File "D:\Projects\miniconda3\envs\ui_test\lib\site-packages\urllib3\connectionpool.py", line 536, in _make_request
    self._raise_timeout(err=e, url=url, timeout_value=read_timeout)
  File "D:\Projects\miniconda3\envs\ui_test\lib\site-packages\urllib3\connectionpool.py", line 367, in _raise_timeout
    raise ReadTimeoutError(
urllib3.exceptions.ReadTimeoutError: HTTPConnectionPool(host='localhost', port=57463): Read timed out. (read timeout=30)

During handling of the above exception, another exception occurred:

Traceback (most recent call last):
  File "D:\Projects\miniconda3\envs\ui_test\lib\site-packages\urllib3\connectionpool.py", line 534, in _make_request
    response = conn.getresponse()
  File "D:\Projects\miniconda3\envs\ui_test\lib\site-packages\urllib3\connection.py", line 571, in getresponse
    httplib_response = super().getresponse()
  File "D:\Projects\miniconda3\envs\ui_test\lib\http\client.py", line 1395, in getresponse
    response.begin()
  File "D:\Projects\miniconda3\envs\ui_test\lib\http\client.py", line 323, in begin
    version, status, reason = self._read_status()
  File "D:\Projects\miniconda3\envs\ui_test\lib\http\client.py", line 284, in _read_status
    line = str(self.fp.readline(_MAXLINE + 1), "iso-8859-1")
  File "D:\Projects\miniconda3\envs\ui_test\lib\socket.py", line 717, in readinto
    return self._sock.recv_into(b)
TimeoutError: timed out

The above exception was the direct cause of the following exception:

Traceback (most recent call last):
  File "D:\Projects\miniconda3\envs\ui_test\lib\site-packages\urllib3\connectionpool.py", line 787, in urlopen
    response = self._make_request(
  File "D:\Projects\miniconda3\envs\ui_test\lib\site-packages\urllib3\connectionpool.py", line 536, in _make_request
    self._raise_timeout(err=e, url=url, timeout_value=read_timeout)
  File "D:\Projects\miniconda3\envs\ui_test\lib\site-packages\urllib3\connectionpool.py", line 367, in _raise_timeout
    raise ReadTimeoutError(
urllib3.exceptions.ReadTimeoutError: HTTPConnectionPool(host='localhost', port=57463): Read timed out. (read timeout=30)

The above exception was the direct cause of the following exception:

Traceback (most recent call last):
  File "D:\Projects\workspace\test-practice-collection\03_ui_automation\framework\selenium_login_163music\pages\login_page.py", line 134, in debug_page_state
    screenshot_path = self.take_screenshot(f"debug_{tag}")
  File "D:\Projects\workspace\test-practice-collection\03_ui_automation\framework\selenium_login_163music\pages\base_page.py", line 66, in take_screenshot
    screenshot_path = save_driver_screenshot(self.driver, name)
  File "D:\Projects\workspace\test-practice-collection\03_ui_automation\framework\selenium_login_163music\utils\log_helper.py", line 68, in save_driver_screenshot
    if driver.save_screenshot(str(screenshot_path)):
  File "D:\Projects\miniconda3\envs\ui_test\lib\site-packages\selenium\webdriver\remote\webdriver.py", line 903, in save_screenshot
    return self.get_screenshot_as_file(filename)
  File "D:\Projects\miniconda3\envs\ui_test\lib\site-packages\selenium\webdriver\remote\webdriver.py", line 880, in get_screenshot_as_file
    png = self.get_screenshot_as_png()
  File "D:\Projects\miniconda3\envs\ui_test\lib\site-packages\selenium\webdriver\remote\webdriver.py", line 911, in get_screenshot_as_png
    return b64decode(self.get_screenshot_as_base64().encode("ascii"))
  File "D:\Projects\miniconda3\envs\ui_test\lib\site-packages\selenium\webdriver\remote\webdriver.py", line 921, in get_screenshot_as_base64
    return self.execute(Command.SCREENSHOT)["value"]
  File "D:\Projects\miniconda3\envs\ui_test\lib\site-packages\selenium\webdriver\remote\webdriver.py", line 447, in execute
    response = cast(RemoteConnection, self.command_executor).execute(driver_command, params)
  File "D:\Projects\miniconda3\envs\ui_test\lib\site-packages\selenium\webdriver\remote\remote_connection.py", line 407, in execute
    return self._request(command_info[0], url, body=data)
  File "D:\Projects\miniconda3\envs\ui_test\lib\site-packages\selenium\webdriver\remote\remote_connection.py", line 431, in _request
    response = self._conn.request(method, url, body=body, headers=headers, timeout=self._client_config.timeout)
  File "D:\Projects\miniconda3\envs\ui_test\lib\site-packages\urllib3\_request_methods.py", line 135, in request
    return self.request_encode_url(
  File "D:\Projects\miniconda3\envs\ui_test\lib\site-packages\urllib3\_request_methods.py", line 182, in request_encode_url
    return self.urlopen(method, url, **extra_kw)
  File "D:\Projects\miniconda3\envs\ui_test\lib\site-packages\urllib3\poolmanager.py", line 457, in urlopen
    response = conn.urlopen(method, u.request_uri, **kw)
  File "D:\Projects\miniconda3\envs\ui_test\lib\site-packages\urllib3\connectionpool.py", line 871, in urlopen
    return self.urlopen(
  File "D:\Projects\miniconda3\envs\ui_test\lib\site-packages\urllib3\connectionpool.py", line 871, in urlopen
    return self.urlopen(
  File "D:\Projects\miniconda3\envs\ui_test\lib\site-packages\urllib3\connectionpool.py", line 871, in urlopen
    return self.urlopen(
  File "D:\Projects\miniconda3\envs\ui_test\lib\site-packages\urllib3\connectionpool.py", line 841, in urlopen
    retries = retries.increment(
  File "D:\Projects\miniconda3\envs\ui_test\lib\site-packages\urllib3\util\retry.py", line 535, in increment
    raise MaxRetryError(_pool, url, reason) from reason  # type: ignore[arg-type]
urllib3.exceptions.MaxRetryError: HTTPConnectionPool(host='localhost', port=57463): Max retries exceeded with url: /session/2632b0dcda33d953a0dff4f197e2f3a1/screenshot (Caused by ReadTimeoutError("HTTPConnectionPool(host='localhost', port=57463): Read timed out. (read timeout=30)"))
2026-05-23 17:35:58 | INFO | ui_test.pages.login_page | 【ERROR】卡在步骤 click_other_link，具体错误: HTTPConnectionPool(host='localhost', port=57463): Read timed out. (read timeout=30)
2026-05-23 17:35:58 | INFO | ui_test.framework.selenium_login_163music.conftest | 用例执行结果: tests/test_163.py::test_login_failure[case4] -> failed
2026-05-23 17:35:58 | ERROR | ui_test.framework.selenium_login_163music.conftest | 用例失败阶段: call -> tests/test_163.py::test_login_failure[case4]
2026-05-23 17:35:58 | ERROR | ui_test.framework.selenium_login_163music.conftest | 失败堆栈:
D:\Projects\miniconda3\envs\ui_test\lib\site-packages\urllib3\connectionpool.py:534: in _make_request
    response = conn.getresponse()
D:\Projects\miniconda3\envs\ui_test\lib\site-packages\urllib3\connection.py:571: in getresponse
    httplib_response = super().getresponse()
D:\Projects\miniconda3\envs\ui_test\lib\http\client.py:1395: in getresponse
    response.begin()
D:\Projects\miniconda3\envs\ui_test\lib\http\client.py:323: in begin
    version, status, reason = self._read_status()
D:\Projects\miniconda3\envs\ui_test\lib\http\client.py:284: in _read_status
    line = str(self.fp.readline(_MAXLINE + 1), "iso-8859-1")
D:\Projects\miniconda3\envs\ui_test\lib\socket.py:717: in readinto
    return self._sock.recv_into(b)
E   TimeoutError: timed out

The above exception was the direct cause of the following exception:
tests\test_163.py:14: in test_login_failure
    login_page.login(case["phone"], case["password"])
pages\login_page.py:239: in login
    self.click_other_link()
pages\login_page.py:193: in click_other_link
    self.safe_click_raw(self.OTHER_LINK, step_name="click_other_link")
pages\login_page.py:154: in safe_click_raw
    element = self.find_element(locator, timeout=timeout)
pages\base_page.py:26: in find_element
    return self._build_wait(timeout).until(EC.visibility_of_element_located(locator))
D:\Projects\miniconda3\envs\ui_test\lib\site-packages\selenium\webdriver\support\wait.py:112: in until
    value = method(self._driver)
D:\Projects\miniconda3\envs\ui_test\lib\site-packages\selenium\webdriver\support\expected_conditions.py:184: in _predicate
    return _element_if_visible(driver.find_element(*locator))
D:\Projects\miniconda3\envs\ui_test\lib\site-packages\selenium\webdriver\remote\webdriver.py:823: in find_element
    return self.execute(Command.FIND_ELEMENT, {"using": by, "value": value})["value"]
D:\Projects\miniconda3\envs\ui_test\lib\site-packages\selenium\webdriver\remote\webdriver.py:447: in execute
    response = cast(RemoteConnection, self.command_executor).execute(driver_command, params)
D:\Projects\miniconda3\envs\ui_test\lib\site-packages\selenium\webdriver\remote\remote_connection.py:407: in execute
    return self._request(command_info[0], url, body=data)
D:\Projects\miniconda3\envs\ui_test\lib\site-packages\selenium\webdriver\remote\remote_connection.py:431: in _request
    response = self._conn.request(method, url, body=body, headers=headers, timeout=self._client_config.timeout)
D:\Projects\miniconda3\envs\ui_test\lib\site-packages\urllib3\_request_methods.py:143: in request
    return self.request_encode_body(
D:\Projects\miniconda3\envs\ui_test\lib\site-packages\urllib3\_request_methods.py:278: in request_encode_body
    return self.urlopen(method, url, **extra_kw)
D:\Projects\miniconda3\envs\ui_test\lib\site-packages\urllib3\poolmanager.py:457: in urlopen
    response = conn.urlopen(method, u.request_uri, **kw)
D:\Projects\miniconda3\envs\ui_test\lib\site-packages\urllib3\connectionpool.py:841: in urlopen
    retries = retries.increment(
D:\Projects\miniconda3\envs\ui_test\lib\site-packages\urllib3\util\retry.py:490: in increment
    raise reraise(type(error), error, _stacktrace)
D:\Projects\miniconda3\envs\ui_test\lib\site-packages\urllib3\util\util.py:39: in reraise
    raise value
D:\Projects\miniconda3\envs\ui_test\lib\site-packages\urllib3\connectionpool.py:787: in urlopen
    response = self._make_request(
D:\Projects\miniconda3\envs\ui_test\lib\site-packages\urllib3\connectionpool.py:536: in _make_request
    self._raise_timeout(err=e, url=url, timeout_value=read_timeout)
D:\Projects\miniconda3\envs\ui_test\lib\site-packages\urllib3\connectionpool.py:367: in _raise_timeout
    raise ReadTimeoutError(
E   urllib3.exceptions.ReadTimeoutError: HTTPConnectionPool(host='localhost', port=57463): Read timed out. (read timeout=30)
2026-05-23 17:35:58 | WARNING | ui_test.framework.selenium_login_163music.conftest | 检测到 driver 已失联，本次失败跳过截图
2026-05-23 17:35:58 | WARNING | ui_test.framework.selenium_login_163music.conftest | 本次跳过 driver.quit()，直接清理 EdgeDriver 进程
2026-05-23 17:36:01 | INFO | ui_test.framework.selenium_login_163music.conftest | EdgeDriver 进程已结束: 6772
2026-05-23 17:36:01 | INFO | ui_test.framework.selenium_login_163music.conftest | 已清理独立浏览器环境: D:\Projects\workspace\test-practice-collection\03_ui_automation\framework\selenium_login_163music\.runtime_profiles\profile_1779528609100
2026-05-23 17:36:01 | INFO | ui_test.framework.selenium_login_163music.conftest | 冷却 5 秒后进入下一个 case
2026-05-23 17:36:06 | INFO | ui_test.framework.selenium_login_163music.conftest | 开始执行用例: tests/test_163.py::test_login_failure[case5]
2026-05-23 17:36:06 | INFO | ui_test.framework.selenium_login_163music.conftest | 准备启动 EdgeDriver: D:\Projects\workspace\test-practice-collection\03_ui_automation\framework\selenium_login_163music\utils\edgedriver_win64\msedgedriver.exe
2026-05-23 17:36:06 | INFO | ui_test.framework.selenium_login_163music.conftest | 创建独立浏览器环境: D:\Projects\workspace\test-practice-collection\03_ui_automation\framework\selenium_login_163music\.runtime_profiles\profile_1779528966664
2026-05-23 17:36:07 | INFO | ui_test.framework.selenium_login_163music.conftest | Edge 会话已创建: db08da865c75a6cb126b39b5511fc392
2026-05-23 17:36:11 | INFO | ui_test.pages.login_page | 准备点击步骤: click_login_link, locator=('css selector', '.m-tophead.f-pr.j-tflag a')
2026-05-23 17:36:12 | INFO | ui_test.pages.login_page | 【1】success click_login_link
2026-05-23 17:36:12 | INFO | ui_test.pages.login_page | 等待页面稳定: 2 秒
2026-05-23 17:36:14 | INFO | ui_test.pages.login_page | 开始记录调试信息: after_click_login_link
2026-05-23 17:36:31 | INFO | ui_test.pages.login_page | 页面调试信息[after_click_login_link]: {"agreementLink": null, "bodyHints": {"hasAccountErrorText": false, "hasAgreementText": false, "hasOtherLoginText": true, "hasPasswordLoginText": false, "hasPasswordRequiredText": false, "hasPhoneRegisterText": false, "hasPhoneRequiredText": false, "hasSliderText": false}, "errorTip": null, "loginLink": {"className": "link s-fc3", "display": "block", "height": 17, "id": "", "opacity": "1", "tag": "A", "text": "登录", "visibility": "visible", "width": 28, "x": 1257, "y": 26}, "modalPreview": {"className": "mrc-modal-wrapper mrc-modal-wrapper-center mrc-modal-center", "display": "flex", "height": 732, "id": "", "opacity": "1", "tag": "DIV", "text": "登录 扫码登录 使用 网易云音乐APP 扫码登录 选择其他登录模式 下载客户端，VIP歌曲免费听", "visibility": "visible", "width": 1528, "x": 0, "y": 0}, "otherLink": {"className": "_3xIXD0Q6", "display": "block", "height": 30, "id": "", "opacity": "1", "tag": "A", "text": "选择其他登录模式", "visibility": "visible", "width": 120, "x": 704, "y": 463}, "passwordLink": null, "phoneLink": null, "readyState": "complete", "title": "网易云音乐", "url": "https://music.163.com/"}
2026-05-23 17:36:31 | INFO | ui_test.pages.login_page | 准备点击步骤: click_other_link, locator=('xpath', '//a[contains(text(), "选择其他登录模式")]')
2026-05-23 17:37:01 | INFO | ui_test.pages.login_page | 开始记录调试信息: click_other_link_find_failed
2026-05-23 17:37:31 | ERROR | ui_test.pages.login_page | 记录页面调试信息失败: click_other_link_find_failed
Traceback (most recent call last):
  File "D:\Projects\miniconda3\envs\ui_test\lib\site-packages\urllib3\connectionpool.py", line 534, in _make_request
    response = conn.getresponse()
  File "D:\Projects\miniconda3\envs\ui_test\lib\site-packages\urllib3\connection.py", line 571, in getresponse
    httplib_response = super().getresponse()
  File "D:\Projects\miniconda3\envs\ui_test\lib\http\client.py", line 1395, in getresponse
    response.begin()
  File "D:\Projects\miniconda3\envs\ui_test\lib\http\client.py", line 323, in begin
    version, status, reason = self._read_status()
  File "D:\Projects\miniconda3\envs\ui_test\lib\http\client.py", line 284, in _read_status
    line = str(self.fp.readline(_MAXLINE + 1), "iso-8859-1")
  File "D:\Projects\miniconda3\envs\ui_test\lib\socket.py", line 717, in readinto
    return self._sock.recv_into(b)
TimeoutError: timed out

The above exception was the direct cause of the following exception:

Traceback (most recent call last):
  File "D:\Projects\workspace\test-practice-collection\03_ui_automation\framework\selenium_login_163music\pages\login_page.py", line 154, in safe_click_raw
    element = self.find_element(locator, timeout=timeout)
  File "D:\Projects\workspace\test-practice-collection\03_ui_automation\framework\selenium_login_163music\pages\base_page.py", line 26, in find_element
    return self._build_wait(timeout).until(EC.visibility_of_element_located(locator))
  File "D:\Projects\miniconda3\envs\ui_test\lib\site-packages\selenium\webdriver\support\wait.py", line 112, in until
    value = method(self._driver)
  File "D:\Projects\miniconda3\envs\ui_test\lib\site-packages\selenium\webdriver\support\expected_conditions.py", line 184, in _predicate
    return _element_if_visible(driver.find_element(*locator))
  File "D:\Projects\miniconda3\envs\ui_test\lib\site-packages\selenium\webdriver\remote\webdriver.py", line 823, in find_element
    return self.execute(Command.FIND_ELEMENT, {"using": by, "value": value})["value"]
  File "D:\Projects\miniconda3\envs\ui_test\lib\site-packages\selenium\webdriver\remote\webdriver.py", line 447, in execute
    response = cast(RemoteConnection, self.command_executor).execute(driver_command, params)
  File "D:\Projects\miniconda3\envs\ui_test\lib\site-packages\selenium\webdriver\remote\remote_connection.py", line 407, in execute
    return self._request(command_info[0], url, body=data)
  File "D:\Projects\miniconda3\envs\ui_test\lib\site-packages\selenium\webdriver\remote\remote_connection.py", line 431, in _request
    response = self._conn.request(method, url, body=body, headers=headers, timeout=self._client_config.timeout)
  File "D:\Projects\miniconda3\envs\ui_test\lib\site-packages\urllib3\_request_methods.py", line 143, in request
    return self.request_encode_body(
  File "D:\Projects\miniconda3\envs\ui_test\lib\site-packages\urllib3\_request_methods.py", line 278, in request_encode_body
    return self.urlopen(method, url, **extra_kw)
  File "D:\Projects\miniconda3\envs\ui_test\lib\site-packages\urllib3\poolmanager.py", line 457, in urlopen
    response = conn.urlopen(method, u.request_uri, **kw)
  File "D:\Projects\miniconda3\envs\ui_test\lib\site-packages\urllib3\connectionpool.py", line 841, in urlopen
    retries = retries.increment(
  File "D:\Projects\miniconda3\envs\ui_test\lib\site-packages\urllib3\util\retry.py", line 490, in increment
    raise reraise(type(error), error, _stacktrace)
  File "D:\Projects\miniconda3\envs\ui_test\lib\site-packages\urllib3\util\util.py", line 39, in reraise
    raise value
  File "D:\Projects\miniconda3\envs\ui_test\lib\site-packages\urllib3\connectionpool.py", line 787, in urlopen
    response = self._make_request(
  File "D:\Projects\miniconda3\envs\ui_test\lib\site-packages\urllib3\connectionpool.py", line 536, in _make_request
    self._raise_timeout(err=e, url=url, timeout_value=read_timeout)
  File "D:\Projects\miniconda3\envs\ui_test\lib\site-packages\urllib3\connectionpool.py", line 367, in _raise_timeout
    raise ReadTimeoutError(
urllib3.exceptions.ReadTimeoutError: HTTPConnectionPool(host='localhost', port=64140): Read timed out. (read timeout=30)

During handling of the above exception, another exception occurred:

Traceback (most recent call last):
  File "D:\Projects\miniconda3\envs\ui_test\lib\site-packages\urllib3\connectionpool.py", line 534, in _make_request
    response = conn.getresponse()
  File "D:\Projects\miniconda3\envs\ui_test\lib\site-packages\urllib3\connection.py", line 571, in getresponse
    httplib_response = super().getresponse()
  File "D:\Projects\miniconda3\envs\ui_test\lib\http\client.py", line 1395, in getresponse
    response.begin()
  File "D:\Projects\miniconda3\envs\ui_test\lib\http\client.py", line 323, in begin
    version, status, reason = self._read_status()
  File "D:\Projects\miniconda3\envs\ui_test\lib\http\client.py", line 284, in _read_status
    line = str(self.fp.readline(_MAXLINE + 1), "iso-8859-1")
  File "D:\Projects\miniconda3\envs\ui_test\lib\socket.py", line 717, in readinto
    return self._sock.recv_into(b)
TimeoutError: timed out

The above exception was the direct cause of the following exception:

Traceback (most recent call last):
  File "D:\Projects\workspace\test-practice-collection\03_ui_automation\framework\selenium_login_163music\pages\login_page.py", line 54, in debug_page_state
    state = self.driver.execute_script(
  File "D:\Projects\miniconda3\envs\ui_test\lib\site-packages\selenium\webdriver\remote\webdriver.py", line 536, in execute_script
    return self.execute(command, {"script": script, "args": converted_args})["value"]
  File "D:\Projects\miniconda3\envs\ui_test\lib\site-packages\selenium\webdriver\remote\webdriver.py", line 447, in execute
    response = cast(RemoteConnection, self.command_executor).execute(driver_command, params)
  File "D:\Projects\miniconda3\envs\ui_test\lib\site-packages\selenium\webdriver\remote\remote_connection.py", line 407, in execute
    return self._request(command_info[0], url, body=data)
  File "D:\Projects\miniconda3\envs\ui_test\lib\site-packages\selenium\webdriver\remote\remote_connection.py", line 431, in _request
    response = self._conn.request(method, url, body=body, headers=headers, timeout=self._client_config.timeout)
  File "D:\Projects\miniconda3\envs\ui_test\lib\site-packages\urllib3\_request_methods.py", line 143, in request
    return self.request_encode_body(
  File "D:\Projects\miniconda3\envs\ui_test\lib\site-packages\urllib3\_request_methods.py", line 278, in request_encode_body
    return self.urlopen(method, url, **extra_kw)
  File "D:\Projects\miniconda3\envs\ui_test\lib\site-packages\urllib3\poolmanager.py", line 457, in urlopen
    response = conn.urlopen(method, u.request_uri, **kw)
  File "D:\Projects\miniconda3\envs\ui_test\lib\site-packages\urllib3\connectionpool.py", line 841, in urlopen
    retries = retries.increment(
  File "D:\Projects\miniconda3\envs\ui_test\lib\site-packages\urllib3\util\retry.py", line 490, in increment
    raise reraise(type(error), error, _stacktrace)
  File "D:\Projects\miniconda3\envs\ui_test\lib\site-packages\urllib3\util\util.py", line 39, in reraise
    raise value
  File "D:\Projects\miniconda3\envs\ui_test\lib\site-packages\urllib3\connectionpool.py", line 787, in urlopen
    response = self._make_request(
  File "D:\Projects\miniconda3\envs\ui_test\lib\site-packages\urllib3\connectionpool.py", line 536, in _make_request
    self._raise_timeout(err=e, url=url, timeout_value=read_timeout)
  File "D:\Projects\miniconda3\envs\ui_test\lib\site-packages\urllib3\connectionpool.py", line 367, in _raise_timeout
    raise ReadTimeoutError(
urllib3.exceptions.ReadTimeoutError: HTTPConnectionPool(host='localhost', port=64140): Read timed out. (read timeout=30)
2026-05-23 17:39:31 | ERROR | ui_test.pages.login_page | 保存调试截图失败: click_other_link_find_failed
Traceback (most recent call last):
  File "D:\Projects\miniconda3\envs\ui_test\lib\site-packages\urllib3\connectionpool.py", line 534, in _make_request
    response = conn.getresponse()
  File "D:\Projects\miniconda3\envs\ui_test\lib\site-packages\urllib3\connection.py", line 571, in getresponse
    httplib_response = super().getresponse()
  File "D:\Projects\miniconda3\envs\ui_test\lib\http\client.py", line 1395, in getresponse
    response.begin()
  File "D:\Projects\miniconda3\envs\ui_test\lib\http\client.py", line 323, in begin
    version, status, reason = self._read_status()
  File "D:\Projects\miniconda3\envs\ui_test\lib\http\client.py", line 284, in _read_status
    line = str(self.fp.readline(_MAXLINE + 1), "iso-8859-1")
  File "D:\Projects\miniconda3\envs\ui_test\lib\socket.py", line 717, in readinto
    return self._sock.recv_into(b)
TimeoutError: timed out

The above exception was the direct cause of the following exception:

Traceback (most recent call last):
  File "D:\Projects\workspace\test-practice-collection\03_ui_automation\framework\selenium_login_163music\pages\login_page.py", line 154, in safe_click_raw
    element = self.find_element(locator, timeout=timeout)
  File "D:\Projects\workspace\test-practice-collection\03_ui_automation\framework\selenium_login_163music\pages\base_page.py", line 26, in find_element
    return self._build_wait(timeout).until(EC.visibility_of_element_located(locator))
  File "D:\Projects\miniconda3\envs\ui_test\lib\site-packages\selenium\webdriver\support\wait.py", line 112, in until
    value = method(self._driver)
  File "D:\Projects\miniconda3\envs\ui_test\lib\site-packages\selenium\webdriver\support\expected_conditions.py", line 184, in _predicate
    return _element_if_visible(driver.find_element(*locator))
  File "D:\Projects\miniconda3\envs\ui_test\lib\site-packages\selenium\webdriver\remote\webdriver.py", line 823, in find_element
    return self.execute(Command.FIND_ELEMENT, {"using": by, "value": value})["value"]
  File "D:\Projects\miniconda3\envs\ui_test\lib\site-packages\selenium\webdriver\remote\webdriver.py", line 447, in execute
    response = cast(RemoteConnection, self.command_executor).execute(driver_command, params)
  File "D:\Projects\miniconda3\envs\ui_test\lib\site-packages\selenium\webdriver\remote\remote_connection.py", line 407, in execute
    return self._request(command_info[0], url, body=data)
  File "D:\Projects\miniconda3\envs\ui_test\lib\site-packages\selenium\webdriver\remote\remote_connection.py", line 431, in _request
    response = self._conn.request(method, url, body=body, headers=headers, timeout=self._client_config.timeout)
  File "D:\Projects\miniconda3\envs\ui_test\lib\site-packages\urllib3\_request_methods.py", line 143, in request
    return self.request_encode_body(
  File "D:\Projects\miniconda3\envs\ui_test\lib\site-packages\urllib3\_request_methods.py", line 278, in request_encode_body
    return self.urlopen(method, url, **extra_kw)
  File "D:\Projects\miniconda3\envs\ui_test\lib\site-packages\urllib3\poolmanager.py", line 457, in urlopen
    response = conn.urlopen(method, u.request_uri, **kw)
  File "D:\Projects\miniconda3\envs\ui_test\lib\site-packages\urllib3\connectionpool.py", line 841, in urlopen
    retries = retries.increment(
  File "D:\Projects\miniconda3\envs\ui_test\lib\site-packages\urllib3\util\retry.py", line 490, in increment
    raise reraise(type(error), error, _stacktrace)
  File "D:\Projects\miniconda3\envs\ui_test\lib\site-packages\urllib3\util\util.py", line 39, in reraise
    raise value
  File "D:\Projects\miniconda3\envs\ui_test\lib\site-packages\urllib3\connectionpool.py", line 787, in urlopen
    response = self._make_request(
  File "D:\Projects\miniconda3\envs\ui_test\lib\site-packages\urllib3\connectionpool.py", line 536, in _make_request
    self._raise_timeout(err=e, url=url, timeout_value=read_timeout)
  File "D:\Projects\miniconda3\envs\ui_test\lib\site-packages\urllib3\connectionpool.py", line 367, in _raise_timeout
    raise ReadTimeoutError(
urllib3.exceptions.ReadTimeoutError: HTTPConnectionPool(host='localhost', port=64140): Read timed out. (read timeout=30)

During handling of the above exception, another exception occurred:

Traceback (most recent call last):
  File "D:\Projects\miniconda3\envs\ui_test\lib\site-packages\urllib3\connectionpool.py", line 534, in _make_request
    response = conn.getresponse()
  File "D:\Projects\miniconda3\envs\ui_test\lib\site-packages\urllib3\connection.py", line 571, in getresponse
    httplib_response = super().getresponse()
  File "D:\Projects\miniconda3\envs\ui_test\lib\http\client.py", line 1395, in getresponse
    response.begin()
  File "D:\Projects\miniconda3\envs\ui_test\lib\http\client.py", line 323, in begin
    version, status, reason = self._read_status()
  File "D:\Projects\miniconda3\envs\ui_test\lib\http\client.py", line 284, in _read_status
    line = str(self.fp.readline(_MAXLINE + 1), "iso-8859-1")
  File "D:\Projects\miniconda3\envs\ui_test\lib\socket.py", line 717, in readinto
    return self._sock.recv_into(b)
TimeoutError: timed out

The above exception was the direct cause of the following exception:

Traceback (most recent call last):
  File "D:\Projects\miniconda3\envs\ui_test\lib\site-packages\urllib3\connectionpool.py", line 787, in urlopen
    response = self._make_request(
  File "D:\Projects\miniconda3\envs\ui_test\lib\site-packages\urllib3\connectionpool.py", line 536, in _make_request
    self._raise_timeout(err=e, url=url, timeout_value=read_timeout)
  File "D:\Projects\miniconda3\envs\ui_test\lib\site-packages\urllib3\connectionpool.py", line 367, in _raise_timeout
    raise ReadTimeoutError(
urllib3.exceptions.ReadTimeoutError: HTTPConnectionPool(host='localhost', port=64140): Read timed out. (read timeout=30)

The above exception was the direct cause of the following exception:

Traceback (most recent call last):
  File "D:\Projects\workspace\test-practice-collection\03_ui_automation\framework\selenium_login_163music\pages\login_page.py", line 134, in debug_page_state
    screenshot_path = self.take_screenshot(f"debug_{tag}")
  File "D:\Projects\workspace\test-practice-collection\03_ui_automation\framework\selenium_login_163music\pages\base_page.py", line 66, in take_screenshot
    screenshot_path = save_driver_screenshot(self.driver, name)
  File "D:\Projects\workspace\test-practice-collection\03_ui_automation\framework\selenium_login_163music\utils\log_helper.py", line 68, in save_driver_screenshot
    if driver.save_screenshot(str(screenshot_path)):
  File "D:\Projects\miniconda3\envs\ui_test\lib\site-packages\selenium\webdriver\remote\webdriver.py", line 903, in save_screenshot
    return self.get_screenshot_as_file(filename)
  File "D:\Projects\miniconda3\envs\ui_test\lib\site-packages\selenium\webdriver\remote\webdriver.py", line 880, in get_screenshot_as_file
    png = self.get_screenshot_as_png()
  File "D:\Projects\miniconda3\envs\ui_test\lib\site-packages\selenium\webdriver\remote\webdriver.py", line 911, in get_screenshot_as_png
    return b64decode(self.get_screenshot_as_base64().encode("ascii"))
  File "D:\Projects\miniconda3\envs\ui_test\lib\site-packages\selenium\webdriver\remote\webdriver.py", line 921, in get_screenshot_as_base64
    return self.execute(Command.SCREENSHOT)["value"]
  File "D:\Projects\miniconda3\envs\ui_test\lib\site-packages\selenium\webdriver\remote\webdriver.py", line 447, in execute
    response = cast(RemoteConnection, self.command_executor).execute(driver_command, params)
  File "D:\Projects\miniconda3\envs\ui_test\lib\site-packages\selenium\webdriver\remote\remote_connection.py", line 407, in execute
    return self._request(command_info[0], url, body=data)
  File "D:\Projects\miniconda3\envs\ui_test\lib\site-packages\selenium\webdriver\remote\remote_connection.py", line 431, in _request
    response = self._conn.request(method, url, body=body, headers=headers, timeout=self._client_config.timeout)
  File "D:\Projects\miniconda3\envs\ui_test\lib\site-packages\urllib3\_request_methods.py", line 135, in request
    return self.request_encode_url(
  File "D:\Projects\miniconda3\envs\ui_test\lib\site-packages\urllib3\_request_methods.py", line 182, in request_encode_url
    return self.urlopen(method, url, **extra_kw)
  File "D:\Projects\miniconda3\envs\ui_test\lib\site-packages\urllib3\poolmanager.py", line 457, in urlopen
    response = conn.urlopen(method, u.request_uri, **kw)
  File "D:\Projects\miniconda3\envs\ui_test\lib\site-packages\urllib3\connectionpool.py", line 871, in urlopen
    return self.urlopen(
  File "D:\Projects\miniconda3\envs\ui_test\lib\site-packages\urllib3\connectionpool.py", line 871, in urlopen
    return self.urlopen(
  File "D:\Projects\miniconda3\envs\ui_test\lib\site-packages\urllib3\connectionpool.py", line 871, in urlopen
    return self.urlopen(
  File "D:\Projects\miniconda3\envs\ui_test\lib\site-packages\urllib3\connectionpool.py", line 841, in urlopen
    retries = retries.increment(
  File "D:\Projects\miniconda3\envs\ui_test\lib\site-packages\urllib3\util\retry.py", line 535, in increment
    raise MaxRetryError(_pool, url, reason) from reason  # type: ignore[arg-type]
urllib3.exceptions.MaxRetryError: HTTPConnectionPool(host='localhost', port=64140): Max retries exceeded with url: /session/db08da865c75a6cb126b39b5511fc392/screenshot (Caused by ReadTimeoutError("HTTPConnectionPool(host='localhost', port=64140): Read timed out. (read timeout=30)"))
2026-05-23 17:39:31 | ERROR | ui_test.pages.login_page | 登录流程执行失败，失败步骤: click_other_link
Traceback (most recent call last):
  File "D:\Projects\miniconda3\envs\ui_test\lib\site-packages\urllib3\connectionpool.py", line 534, in _make_request
    response = conn.getresponse()
  File "D:\Projects\miniconda3\envs\ui_test\lib\site-packages\urllib3\connection.py", line 571, in getresponse
    httplib_response = super().getresponse()
  File "D:\Projects\miniconda3\envs\ui_test\lib\http\client.py", line 1395, in getresponse
    response.begin()
  File "D:\Projects\miniconda3\envs\ui_test\lib\http\client.py", line 323, in begin
    version, status, reason = self._read_status()
  File "D:\Projects\miniconda3\envs\ui_test\lib\http\client.py", line 284, in _read_status
    line = str(self.fp.readline(_MAXLINE + 1), "iso-8859-1")
  File "D:\Projects\miniconda3\envs\ui_test\lib\socket.py", line 717, in readinto
    return self._sock.recv_into(b)
TimeoutError: timed out

The above exception was the direct cause of the following exception:

Traceback (most recent call last):
  File "D:\Projects\workspace\test-practice-collection\03_ui_automation\framework\selenium_login_163music\pages\login_page.py", line 239, in login
    self.click_other_link()
  File "D:\Projects\workspace\test-practice-collection\03_ui_automation\framework\selenium_login_163music\pages\login_page.py", line 193, in click_other_link
    self.safe_click_raw(self.OTHER_LINK, step_name="click_other_link")
  File "D:\Projects\workspace\test-practice-collection\03_ui_automation\framework\selenium_login_163music\pages\login_page.py", line 154, in safe_click_raw
    element = self.find_element(locator, timeout=timeout)
  File "D:\Projects\workspace\test-practice-collection\03_ui_automation\framework\selenium_login_163music\pages\base_page.py", line 26, in find_element
    return self._build_wait(timeout).until(EC.visibility_of_element_located(locator))
  File "D:\Projects\miniconda3\envs\ui_test\lib\site-packages\selenium\webdriver\support\wait.py", line 112, in until
    value = method(self._driver)
  File "D:\Projects\miniconda3\envs\ui_test\lib\site-packages\selenium\webdriver\support\expected_conditions.py", line 184, in _predicate
    return _element_if_visible(driver.find_element(*locator))
  File "D:\Projects\miniconda3\envs\ui_test\lib\site-packages\selenium\webdriver\remote\webdriver.py", line 823, in find_element
    return self.execute(Command.FIND_ELEMENT, {"using": by, "value": value})["value"]
  File "D:\Projects\miniconda3\envs\ui_test\lib\site-packages\selenium\webdriver\remote\webdriver.py", line 447, in execute
    response = cast(RemoteConnection, self.command_executor).execute(driver_command, params)
  File "D:\Projects\miniconda3\envs\ui_test\lib\site-packages\selenium\webdriver\remote\remote_connection.py", line 407, in execute
    return self._request(command_info[0], url, body=data)
  File "D:\Projects\miniconda3\envs\ui_test\lib\site-packages\selenium\webdriver\remote\remote_connection.py", line 431, in _request
    response = self._conn.request(method, url, body=body, headers=headers, timeout=self._client_config.timeout)
  File "D:\Projects\miniconda3\envs\ui_test\lib\site-packages\urllib3\_request_methods.py", line 143, in request
    return self.request_encode_body(
  File "D:\Projects\miniconda3\envs\ui_test\lib\site-packages\urllib3\_request_methods.py", line 278, in request_encode_body
    return self.urlopen(method, url, **extra_kw)
  File "D:\Projects\miniconda3\envs\ui_test\lib\site-packages\urllib3\poolmanager.py", line 457, in urlopen
    response = conn.urlopen(method, u.request_uri, **kw)
  File "D:\Projects\miniconda3\envs\ui_test\lib\site-packages\urllib3\connectionpool.py", line 841, in urlopen
    retries = retries.increment(
  File "D:\Projects\miniconda3\envs\ui_test\lib\site-packages\urllib3\util\retry.py", line 490, in increment
    raise reraise(type(error), error, _stacktrace)
  File "D:\Projects\miniconda3\envs\ui_test\lib\site-packages\urllib3\util\util.py", line 39, in reraise
    raise value
  File "D:\Projects\miniconda3\envs\ui_test\lib\site-packages\urllib3\connectionpool.py", line 787, in urlopen
    response = self._make_request(
  File "D:\Projects\miniconda3\envs\ui_test\lib\site-packages\urllib3\connectionpool.py", line 536, in _make_request
    self._raise_timeout(err=e, url=url, timeout_value=read_timeout)
  File "D:\Projects\miniconda3\envs\ui_test\lib\site-packages\urllib3\connectionpool.py", line 367, in _raise_timeout
    raise ReadTimeoutError(
urllib3.exceptions.ReadTimeoutError: HTTPConnectionPool(host='localhost', port=64140): Read timed out. (read timeout=30)
2026-05-23 17:39:31 | INFO | ui_test.pages.login_page | 开始记录调试信息: login_exception_click_other_link
2026-05-23 17:40:01 | ERROR | ui_test.pages.login_page | 记录页面调试信息失败: login_exception_click_other_link
Traceback (most recent call last):
  File "D:\Projects\miniconda3\envs\ui_test\lib\site-packages\urllib3\connectionpool.py", line 534, in _make_request
    response = conn.getresponse()
  File "D:\Projects\miniconda3\envs\ui_test\lib\site-packages\urllib3\connection.py", line 571, in getresponse
    httplib_response = super().getresponse()
  File "D:\Projects\miniconda3\envs\ui_test\lib\http\client.py", line 1395, in getresponse
    response.begin()
  File "D:\Projects\miniconda3\envs\ui_test\lib\http\client.py", line 323, in begin
    version, status, reason = self._read_status()
  File "D:\Projects\miniconda3\envs\ui_test\lib\http\client.py", line 284, in _read_status
    line = str(self.fp.readline(_MAXLINE + 1), "iso-8859-1")
  File "D:\Projects\miniconda3\envs\ui_test\lib\socket.py", line 717, in readinto
    return self._sock.recv_into(b)
TimeoutError: timed out

The above exception was the direct cause of the following exception:

Traceback (most recent call last):
  File "D:\Projects\workspace\test-practice-collection\03_ui_automation\framework\selenium_login_163music\pages\login_page.py", line 239, in login
    self.click_other_link()
  File "D:\Projects\workspace\test-practice-collection\03_ui_automation\framework\selenium_login_163music\pages\login_page.py", line 193, in click_other_link
    self.safe_click_raw(self.OTHER_LINK, step_name="click_other_link")
  File "D:\Projects\workspace\test-practice-collection\03_ui_automation\framework\selenium_login_163music\pages\login_page.py", line 154, in safe_click_raw
    element = self.find_element(locator, timeout=timeout)
  File "D:\Projects\workspace\test-practice-collection\03_ui_automation\framework\selenium_login_163music\pages\base_page.py", line 26, in find_element
    return self._build_wait(timeout).until(EC.visibility_of_element_located(locator))
  File "D:\Projects\miniconda3\envs\ui_test\lib\site-packages\selenium\webdriver\support\wait.py", line 112, in until
    value = method(self._driver)
  File "D:\Projects\miniconda3\envs\ui_test\lib\site-packages\selenium\webdriver\support\expected_conditions.py", line 184, in _predicate
    return _element_if_visible(driver.find_element(*locator))
  File "D:\Projects\miniconda3\envs\ui_test\lib\site-packages\selenium\webdriver\remote\webdriver.py", line 823, in find_element
    return self.execute(Command.FIND_ELEMENT, {"using": by, "value": value})["value"]
  File "D:\Projects\miniconda3\envs\ui_test\lib\site-packages\selenium\webdriver\remote\webdriver.py", line 447, in execute
    response = cast(RemoteConnection, self.command_executor).execute(driver_command, params)
  File "D:\Projects\miniconda3\envs\ui_test\lib\site-packages\selenium\webdriver\remote\remote_connection.py", line 407, in execute
    return self._request(command_info[0], url, body=data)
  File "D:\Projects\miniconda3\envs\ui_test\lib\site-packages\selenium\webdriver\remote\remote_connection.py", line 431, in _request
    response = self._conn.request(method, url, body=body, headers=headers, timeout=self._client_config.timeout)
  File "D:\Projects\miniconda3\envs\ui_test\lib\site-packages\urllib3\_request_methods.py", line 143, in request
    return self.request_encode_body(
  File "D:\Projects\miniconda3\envs\ui_test\lib\site-packages\urllib3\_request_methods.py", line 278, in request_encode_body
    return self.urlopen(method, url, **extra_kw)
  File "D:\Projects\miniconda3\envs\ui_test\lib\site-packages\urllib3\poolmanager.py", line 457, in urlopen
    response = conn.urlopen(method, u.request_uri, **kw)
  File "D:\Projects\miniconda3\envs\ui_test\lib\site-packages\urllib3\connectionpool.py", line 841, in urlopen
    retries = retries.increment(
  File "D:\Projects\miniconda3\envs\ui_test\lib\site-packages\urllib3\util\retry.py", line 490, in increment
    raise reraise(type(error), error, _stacktrace)
  File "D:\Projects\miniconda3\envs\ui_test\lib\site-packages\urllib3\util\util.py", line 39, in reraise
    raise value
  File "D:\Projects\miniconda3\envs\ui_test\lib\site-packages\urllib3\connectionpool.py", line 787, in urlopen
    response = self._make_request(
  File "D:\Projects\miniconda3\envs\ui_test\lib\site-packages\urllib3\connectionpool.py", line 536, in _make_request
    self._raise_timeout(err=e, url=url, timeout_value=read_timeout)
  File "D:\Projects\miniconda3\envs\ui_test\lib\site-packages\urllib3\connectionpool.py", line 367, in _raise_timeout
    raise ReadTimeoutError(
urllib3.exceptions.ReadTimeoutError: HTTPConnectionPool(host='localhost', port=64140): Read timed out. (read timeout=30)

During handling of the above exception, another exception occurred:

Traceback (most recent call last):
  File "D:\Projects\miniconda3\envs\ui_test\lib\site-packages\urllib3\connectionpool.py", line 534, in _make_request
    response = conn.getresponse()
  File "D:\Projects\miniconda3\envs\ui_test\lib\site-packages\urllib3\connection.py", line 571, in getresponse
    httplib_response = super().getresponse()
  File "D:\Projects\miniconda3\envs\ui_test\lib\http\client.py", line 1395, in getresponse
    response.begin()
  File "D:\Projects\miniconda3\envs\ui_test\lib\http\client.py", line 323, in begin
    version, status, reason = self._read_status()
  File "D:\Projects\miniconda3\envs\ui_test\lib\http\client.py", line 284, in _read_status
    line = str(self.fp.readline(_MAXLINE + 1), "iso-8859-1")
  File "D:\Projects\miniconda3\envs\ui_test\lib\socket.py", line 717, in readinto
    return self._sock.recv_into(b)
TimeoutError: timed out

The above exception was the direct cause of the following exception:

Traceback (most recent call last):
  File "D:\Projects\workspace\test-practice-collection\03_ui_automation\framework\selenium_login_163music\pages\login_page.py", line 54, in debug_page_state
    state = self.driver.execute_script(
  File "D:\Projects\miniconda3\envs\ui_test\lib\site-packages\selenium\webdriver\remote\webdriver.py", line 536, in execute_script
    return self.execute(command, {"script": script, "args": converted_args})["value"]
  File "D:\Projects\miniconda3\envs\ui_test\lib\site-packages\selenium\webdriver\remote\webdriver.py", line 447, in execute
    response = cast(RemoteConnection, self.command_executor).execute(driver_command, params)
  File "D:\Projects\miniconda3\envs\ui_test\lib\site-packages\selenium\webdriver\remote\remote_connection.py", line 407, in execute
    return self._request(command_info[0], url, body=data)
  File "D:\Projects\miniconda3\envs\ui_test\lib\site-packages\selenium\webdriver\remote\remote_connection.py", line 431, in _request
    response = self._conn.request(method, url, body=body, headers=headers, timeout=self._client_config.timeout)
  File "D:\Projects\miniconda3\envs\ui_test\lib\site-packages\urllib3\_request_methods.py", line 143, in request
    return self.request_encode_body(
  File "D:\Projects\miniconda3\envs\ui_test\lib\site-packages\urllib3\_request_methods.py", line 278, in request_encode_body
    return self.urlopen(method, url, **extra_kw)
  File "D:\Projects\miniconda3\envs\ui_test\lib\site-packages\urllib3\poolmanager.py", line 457, in urlopen
    response = conn.urlopen(method, u.request_uri, **kw)
  File "D:\Projects\miniconda3\envs\ui_test\lib\site-packages\urllib3\connectionpool.py", line 841, in urlopen
    retries = retries.increment(
  File "D:\Projects\miniconda3\envs\ui_test\lib\site-packages\urllib3\util\retry.py", line 490, in increment
    raise reraise(type(error), error, _stacktrace)
  File "D:\Projects\miniconda3\envs\ui_test\lib\site-packages\urllib3\util\util.py", line 39, in reraise
    raise value
  File "D:\Projects\miniconda3\envs\ui_test\lib\site-packages\urllib3\connectionpool.py", line 787, in urlopen
    response = self._make_request(
  File "D:\Projects\miniconda3\envs\ui_test\lib\site-packages\urllib3\connectionpool.py", line 536, in _make_request
    self._raise_timeout(err=e, url=url, timeout_value=read_timeout)
  File "D:\Projects\miniconda3\envs\ui_test\lib\site-packages\urllib3\connectionpool.py", line 367, in _raise_timeout
    raise ReadTimeoutError(
urllib3.exceptions.ReadTimeoutError: HTTPConnectionPool(host='localhost', port=64140): Read timed out. (read timeout=30)
2026-05-23 17:42:01 | ERROR | ui_test.pages.login_page | 保存调试截图失败: login_exception_click_other_link
Traceback (most recent call last):
  File "D:\Projects\miniconda3\envs\ui_test\lib\site-packages\urllib3\connectionpool.py", line 534, in _make_request
    response = conn.getresponse()
  File "D:\Projects\miniconda3\envs\ui_test\lib\site-packages\urllib3\connection.py", line 571, in getresponse
    httplib_response = super().getresponse()
  File "D:\Projects\miniconda3\envs\ui_test\lib\http\client.py", line 1395, in getresponse
    response.begin()
  File "D:\Projects\miniconda3\envs\ui_test\lib\http\client.py", line 323, in begin
    version, status, reason = self._read_status()
  File "D:\Projects\miniconda3\envs\ui_test\lib\http\client.py", line 284, in _read_status
    line = str(self.fp.readline(_MAXLINE + 1), "iso-8859-1")
  File "D:\Projects\miniconda3\envs\ui_test\lib\socket.py", line 717, in readinto
    return self._sock.recv_into(b)
TimeoutError: timed out

The above exception was the direct cause of the following exception:

Traceback (most recent call last):
  File "D:\Projects\workspace\test-practice-collection\03_ui_automation\framework\selenium_login_163music\pages\login_page.py", line 239, in login
    self.click_other_link()
  File "D:\Projects\workspace\test-practice-collection\03_ui_automation\framework\selenium_login_163music\pages\login_page.py", line 193, in click_other_link
    self.safe_click_raw(self.OTHER_LINK, step_name="click_other_link")
  File "D:\Projects\workspace\test-practice-collection\03_ui_automation\framework\selenium_login_163music\pages\login_page.py", line 154, in safe_click_raw
    element = self.find_element(locator, timeout=timeout)
  File "D:\Projects\workspace\test-practice-collection\03_ui_automation\framework\selenium_login_163music\pages\base_page.py", line 26, in find_element
    return self._build_wait(timeout).until(EC.visibility_of_element_located(locator))
  File "D:\Projects\miniconda3\envs\ui_test\lib\site-packages\selenium\webdriver\support\wait.py", line 112, in until
    value = method(self._driver)
  File "D:\Projects\miniconda3\envs\ui_test\lib\site-packages\selenium\webdriver\support\expected_conditions.py", line 184, in _predicate
    return _element_if_visible(driver.find_element(*locator))
  File "D:\Projects\miniconda3\envs\ui_test\lib\site-packages\selenium\webdriver\remote\webdriver.py", line 823, in find_element
    return self.execute(Command.FIND_ELEMENT, {"using": by, "value": value})["value"]
  File "D:\Projects\miniconda3\envs\ui_test\lib\site-packages\selenium\webdriver\remote\webdriver.py", line 447, in execute
    response = cast(RemoteConnection, self.command_executor).execute(driver_command, params)
  File "D:\Projects\miniconda3\envs\ui_test\lib\site-packages\selenium\webdriver\remote\remote_connection.py", line 407, in execute
    return self._request(command_info[0], url, body=data)
  File "D:\Projects\miniconda3\envs\ui_test\lib\site-packages\selenium\webdriver\remote\remote_connection.py", line 431, in _request
    response = self._conn.request(method, url, body=body, headers=headers, timeout=self._client_config.timeout)
  File "D:\Projects\miniconda3\envs\ui_test\lib\site-packages\urllib3\_request_methods.py", line 143, in request
    return self.request_encode_body(
  File "D:\Projects\miniconda3\envs\ui_test\lib\site-packages\urllib3\_request_methods.py", line 278, in request_encode_body
    return self.urlopen(method, url, **extra_kw)
  File "D:\Projects\miniconda3\envs\ui_test\lib\site-packages\urllib3\poolmanager.py", line 457, in urlopen
    response = conn.urlopen(method, u.request_uri, **kw)
  File "D:\Projects\miniconda3\envs\ui_test\lib\site-packages\urllib3\connectionpool.py", line 841, in urlopen
    retries = retries.increment(
  File "D:\Projects\miniconda3\envs\ui_test\lib\site-packages\urllib3\util\retry.py", line 490, in increment
    raise reraise(type(error), error, _stacktrace)
  File "D:\Projects\miniconda3\envs\ui_test\lib\site-packages\urllib3\util\util.py", line 39, in reraise
    raise value
  File "D:\Projects\miniconda3\envs\ui_test\lib\site-packages\urllib3\connectionpool.py", line 787, in urlopen
    response = self._make_request(
  File "D:\Projects\miniconda3\envs\ui_test\lib\site-packages\urllib3\connectionpool.py", line 536, in _make_request
    self._raise_timeout(err=e, url=url, timeout_value=read_timeout)
  File "D:\Projects\miniconda3\envs\ui_test\lib\site-packages\urllib3\connectionpool.py", line 367, in _raise_timeout
    raise ReadTimeoutError(
urllib3.exceptions.ReadTimeoutError: HTTPConnectionPool(host='localhost', port=64140): Read timed out. (read timeout=30)

During handling of the above exception, another exception occurred:

Traceback (most recent call last):
  File "D:\Projects\miniconda3\envs\ui_test\lib\site-packages\urllib3\connectionpool.py", line 534, in _make_request
    response = conn.getresponse()
  File "D:\Projects\miniconda3\envs\ui_test\lib\site-packages\urllib3\connection.py", line 571, in getresponse
    httplib_response = super().getresponse()
  File "D:\Projects\miniconda3\envs\ui_test\lib\http\client.py", line 1395, in getresponse
    response.begin()
  File "D:\Projects\miniconda3\envs\ui_test\lib\http\client.py", line 323, in begin
    version, status, reason = self._read_status()
  File "D:\Projects\miniconda3\envs\ui_test\lib\http\client.py", line 284, in _read_status
    line = str(self.fp.readline(_MAXLINE + 1), "iso-8859-1")
  File "D:\Projects\miniconda3\envs\ui_test\lib\socket.py", line 717, in readinto
    return self._sock.recv_into(b)
TimeoutError: timed out

The above exception was the direct cause of the following exception:

Traceback (most recent call last):
  File "D:\Projects\miniconda3\envs\ui_test\lib\site-packages\urllib3\connectionpool.py", line 787, in urlopen
    response = self._make_request(
  File "D:\Projects\miniconda3\envs\ui_test\lib\site-packages\urllib3\connectionpool.py", line 536, in _make_request
    self._raise_timeout(err=e, url=url, timeout_value=read_timeout)
  File "D:\Projects\miniconda3\envs\ui_test\lib\site-packages\urllib3\connectionpool.py", line 367, in _raise_timeout
    raise ReadTimeoutError(
urllib3.exceptions.ReadTimeoutError: HTTPConnectionPool(host='localhost', port=64140): Read timed out. (read timeout=30)

The above exception was the direct cause of the following exception:

Traceback (most recent call last):
  File "D:\Projects\workspace\test-practice-collection\03_ui_automation\framework\selenium_login_163music\pages\login_page.py", line 134, in debug_page_state
    screenshot_path = self.take_screenshot(f"debug_{tag}")
  File "D:\Projects\workspace\test-practice-collection\03_ui_automation\framework\selenium_login_163music\pages\base_page.py", line 66, in take_screenshot
    screenshot_path = save_driver_screenshot(self.driver, name)
  File "D:\Projects\workspace\test-practice-collection\03_ui_automation\framework\selenium_login_163music\utils\log_helper.py", line 68, in save_driver_screenshot
    if driver.save_screenshot(str(screenshot_path)):
  File "D:\Projects\miniconda3\envs\ui_test\lib\site-packages\selenium\webdriver\remote\webdriver.py", line 903, in save_screenshot
    return self.get_screenshot_as_file(filename)
  File "D:\Projects\miniconda3\envs\ui_test\lib\site-packages\selenium\webdriver\remote\webdriver.py", line 880, in get_screenshot_as_file
    png = self.get_screenshot_as_png()
  File "D:\Projects\miniconda3\envs\ui_test\lib\site-packages\selenium\webdriver\remote\webdriver.py", line 911, in get_screenshot_as_png
    return b64decode(self.get_screenshot_as_base64().encode("ascii"))
  File "D:\Projects\miniconda3\envs\ui_test\lib\site-packages\selenium\webdriver\remote\webdriver.py", line 921, in get_screenshot_as_base64
    return self.execute(Command.SCREENSHOT)["value"]
  File "D:\Projects\miniconda3\envs\ui_test\lib\site-packages\selenium\webdriver\remote\webdriver.py", line 447, in execute
    response = cast(RemoteConnection, self.command_executor).execute(driver_command, params)
  File "D:\Projects\miniconda3\envs\ui_test\lib\site-packages\selenium\webdriver\remote\remote_connection.py", line 407, in execute
    return self._request(command_info[0], url, body=data)
  File "D:\Projects\miniconda3\envs\ui_test\lib\site-packages\selenium\webdriver\remote\remote_connection.py", line 431, in _request
    response = self._conn.request(method, url, body=body, headers=headers, timeout=self._client_config.timeout)
  File "D:\Projects\miniconda3\envs\ui_test\lib\site-packages\urllib3\_request_methods.py", line 135, in request
    return self.request_encode_url(
  File "D:\Projects\miniconda3\envs\ui_test\lib\site-packages\urllib3\_request_methods.py", line 182, in request_encode_url
    return self.urlopen(method, url, **extra_kw)
  File "D:\Projects\miniconda3\envs\ui_test\lib\site-packages\urllib3\poolmanager.py", line 457, in urlopen
    response = conn.urlopen(method, u.request_uri, **kw)
  File "D:\Projects\miniconda3\envs\ui_test\lib\site-packages\urllib3\connectionpool.py", line 871, in urlopen
    return self.urlopen(
  File "D:\Projects\miniconda3\envs\ui_test\lib\site-packages\urllib3\connectionpool.py", line 871, in urlopen
    return self.urlopen(
  File "D:\Projects\miniconda3\envs\ui_test\lib\site-packages\urllib3\connectionpool.py", line 871, in urlopen
    return self.urlopen(
  File "D:\Projects\miniconda3\envs\ui_test\lib\site-packages\urllib3\connectionpool.py", line 841, in urlopen
    retries = retries.increment(
  File "D:\Projects\miniconda3\envs\ui_test\lib\site-packages\urllib3\util\retry.py", line 535, in increment
    raise MaxRetryError(_pool, url, reason) from reason  # type: ignore[arg-type]
urllib3.exceptions.MaxRetryError: HTTPConnectionPool(host='localhost', port=64140): Max retries exceeded with url: /session/db08da865c75a6cb126b39b5511fc392/screenshot (Caused by ReadTimeoutError("HTTPConnectionPool(host='localhost', port=64140): Read timed out. (read timeout=30)"))
2026-05-23 17:42:01 | INFO | ui_test.pages.login_page | 【ERROR】卡在步骤 click_other_link，具体错误: HTTPConnectionPool(host='localhost', port=64140): Read timed out. (read timeout=30)
2026-05-23 17:42:01 | INFO | ui_test.framework.selenium_login_163music.conftest | 用例执行结果: tests/test_163.py::test_login_failure[case5] -> failed
2026-05-23 17:42:01 | ERROR | ui_test.framework.selenium_login_163music.conftest | 用例失败阶段: call -> tests/test_163.py::test_login_failure[case5]
2026-05-23 17:42:01 | ERROR | ui_test.framework.selenium_login_163music.conftest | 失败堆栈:
D:\Projects\miniconda3\envs\ui_test\lib\site-packages\urllib3\connectionpool.py:534: in _make_request
    response = conn.getresponse()
D:\Projects\miniconda3\envs\ui_test\lib\site-packages\urllib3\connection.py:571: in getresponse
    httplib_response = super().getresponse()
D:\Projects\miniconda3\envs\ui_test\lib\http\client.py:1395: in getresponse
    response.begin()
D:\Projects\miniconda3\envs\ui_test\lib\http\client.py:323: in begin
    version, status, reason = self._read_status()
D:\Projects\miniconda3\envs\ui_test\lib\http\client.py:284: in _read_status
    line = str(self.fp.readline(_MAXLINE + 1), "iso-8859-1")
D:\Projects\miniconda3\envs\ui_test\lib\socket.py:717: in readinto
    return self._sock.recv_into(b)
E   TimeoutError: timed out

The above exception was the direct cause of the following exception:
tests\test_163.py:14: in test_login_failure
    login_page.login(case["phone"], case["password"])
pages\login_page.py:239: in login
    self.click_other_link()
pages\login_page.py:193: in click_other_link
    self.safe_click_raw(self.OTHER_LINK, step_name="click_other_link")
pages\login_page.py:154: in safe_click_raw
    element = self.find_element(locator, timeout=timeout)
pages\base_page.py:26: in find_element
    return self._build_wait(timeout).until(EC.visibility_of_element_located(locator))
D:\Projects\miniconda3\envs\ui_test\lib\site-packages\selenium\webdriver\support\wait.py:112: in until
    value = method(self._driver)
D:\Projects\miniconda3\envs\ui_test\lib\site-packages\selenium\webdriver\support\expected_conditions.py:184: in _predicate
    return _element_if_visible(driver.find_element(*locator))
D:\Projects\miniconda3\envs\ui_test\lib\site-packages\selenium\webdriver\remote\webdriver.py:823: in find_element
    return self.execute(Command.FIND_ELEMENT, {"using": by, "value": value})["value"]
D:\Projects\miniconda3\envs\ui_test\lib\site-packages\selenium\webdriver\remote\webdriver.py:447: in execute
    response = cast(RemoteConnection, self.command_executor).execute(driver_command, params)
D:\Projects\miniconda3\envs\ui_test\lib\site-packages\selenium\webdriver\remote\remote_connection.py:407: in execute
    return self._request(command_info[0], url, body=data)
D:\Projects\miniconda3\envs\ui_test\lib\site-packages\selenium\webdriver\remote\remote_connection.py:431: in _request
    response = self._conn.request(method, url, body=body, headers=headers, timeout=self._client_config.timeout)
D:\Projects\miniconda3\envs\ui_test\lib\site-packages\urllib3\_request_methods.py:143: in request
    return self.request_encode_body(
D:\Projects\miniconda3\envs\ui_test\lib\site-packages\urllib3\_request_methods.py:278: in request_encode_body
    return self.urlopen(method, url, **extra_kw)
D:\Projects\miniconda3\envs\ui_test\lib\site-packages\urllib3\poolmanager.py:457: in urlopen
    response = conn.urlopen(method, u.request_uri, **kw)
D:\Projects\miniconda3\envs\ui_test\lib\site-packages\urllib3\connectionpool.py:841: in urlopen
    retries = retries.increment(
D:\Projects\miniconda3\envs\ui_test\lib\site-packages\urllib3\util\retry.py:490: in increment
    raise reraise(type(error), error, _stacktrace)
D:\Projects\miniconda3\envs\ui_test\lib\site-packages\urllib3\util\util.py:39: in reraise
    raise value
D:\Projects\miniconda3\envs\ui_test\lib\site-packages\urllib3\connectionpool.py:787: in urlopen
    response = self._make_request(
D:\Projects\miniconda3\envs\ui_test\lib\site-packages\urllib3\connectionpool.py:536: in _make_request
    self._raise_timeout(err=e, url=url, timeout_value=read_timeout)
D:\Projects\miniconda3\envs\ui_test\lib\site-packages\urllib3\connectionpool.py:367: in _raise_timeout
    raise ReadTimeoutError(
E   urllib3.exceptions.ReadTimeoutError: HTTPConnectionPool(host='localhost', port=64140): Read timed out. (read timeout=30)
2026-05-23 17:42:01 | WARNING | ui_test.framework.selenium_login_163music.conftest | 检测到 driver 已失联，本次失败跳过截图
2026-05-23 17:42:01 | WARNING | ui_test.framework.selenium_login_163music.conftest | 本次跳过 driver.quit()，直接清理 EdgeDriver 进程
2026-05-23 17:42:04 | INFO | ui_test.framework.selenium_login_163music.conftest | EdgeDriver 进程已结束: 22008
2026-05-23 17:42:04 | INFO | ui_test.framework.selenium_login_163music.conftest | 已清理独立浏览器环境: D:\Projects\workspace\test-practice-collection\03_ui_automation\framework\selenium_login_163music\.runtime_profiles\profile_1779528966664
2026-05-23 17:42:04 | INFO | ui_test.framework.selenium_login_163music.conftest | 冷却 5 秒后进入下一个 case
2026-05-23 17:42:09 | INFO | ui_test.framework.selenium_login_163music.conftest | pytest 结束，exitstatus=ExitCode.TESTS_FAILED
