2026-05-23 15:51:10 | INFO | ui_test | 日志初始化完成，运行日志: D:\Projects\workspace\test-practice-collection\03_ui_automation\framework\selenium_login_163music\reports\logs\run_20260523_155110.log
2026-05-23 15:51:10 | INFO | ui_test | 日志初始化完成，最新日志: D:\Projects\workspace\test-practice-collection\03_ui_automation\framework\selenium_login_163music\reports\logs\latest.log
2026-05-23 15:51:10 | INFO | ui_test.framework.selenium_login_163music.conftest | pytest 启动，最新日志文件: D:\Projects\workspace\test-practice-collection\03_ui_automation\framework\selenium_login_163music\reports\logs\latest.log
2026-05-23 15:51:10 | INFO | ui_test.framework.selenium_login_163music.conftest | 开始执行用例: tests/test_163.py::test_login_failure[case0]
2026-05-23 15:51:10 | INFO | ui_test.framework.selenium_login_163music.conftest | 准备启动 EdgeDriver: D:\Projects\workspace\test-practice-collection\03_ui_automation\framework\selenium_login_163music\utils\edgedriver_win64\msedgedriver.exe
2026-05-23 15:51:10 | INFO | ui_test.framework.selenium_login_163music.conftest | 创建独立浏览器环境: D:\Projects\workspace\test-practice-collection\03_ui_automation\framework\selenium_login_163music\.runtime_profiles\profile_1779522670589
2026-05-23 15:51:12 | INFO | ui_test.framework.selenium_login_163music.conftest | Edge 会话已创建: debc1ebcd4a03727085f66cf43fda566
2026-05-23 15:51:16 | INFO | ui_test.pages.login_page | 准备点击步骤: click_login_link, locator=('css selector', '.m-tophead.f-pr.j-tflag a')
2026-05-23 15:51:16 | INFO | ui_test.pages.login_page | 【1】success click_login_link
2026-05-23 15:51:16 | INFO | ui_test.pages.login_page | 等待页面稳定: 2 秒
2026-05-23 15:51:18 | INFO | ui_test.pages.login_page | 开始记录调试信息: after_click_login_link
2026-05-23 15:51:18 | INFO | ui_test.pages.login_page | 页面调试信息[after_click_login_link]: {"agreementLink": null, "bodyHints": {"hasAccountErrorText": false, "hasAgreementText": false, "hasOtherLoginText": true, "hasPasswordLoginText": false, "hasPasswordRequiredText": false, "hasPhoneRegisterText": false, "hasPhoneRequiredText": false, "hasSliderText": false}, "errorTip": null, "loginLink": {"className": "link s-fc3", "display": "block", "height": 17, "id": "", "opacity": "1", "tag": "A", "text": "登录", "visibility": "visible", "width": 28, "x": 1257, "y": 26}, "modalPreview": {"className": "mrc-modal-wrapper mrc-modal-wrapper-center mrc-modal-center", "display": "flex", "height": 732, "id": "", "opacity": "1", "tag": "DIV", "text": "登录 扫码登录 使用 网易云音乐APP 扫码登录 选择其他登录模式 下载客户端，VIP歌曲免费听", "visibility": "visible", "width": 1528, "x": 0, "y": 0}, "otherLink": {"className": "_3xIXD0Q6", "display": "block", "height": 30, "id": "", "opacity": "1", "tag": "A", "text": "选择其他登录模式", "visibility": "visible", "width": 120, "x": 704, "y": 463}, "passwordLink": null, "phoneLink": null, "readyState": "complete", "title": "网易云音乐", "url": "https://music.163.com/"}
2026-05-23 15:51:18 | INFO | ui_test.pages.login_page | 准备点击步骤: click_other_link, locator=('xpath', '//a[contains(text(), "选择其他登录模式")]')
2026-05-23 15:51:18 | INFO | ui_test.pages.login_page | 【2】success click_other_link
2026-05-23 15:51:18 | INFO | ui_test.pages.login_page | 等待页面稳定: 2 秒
2026-05-23 15:51:20 | INFO | ui_test.pages.login_page | 开始记录调试信息: after_click_other_link
2026-05-23 15:51:20 | INFO | ui_test.pages.login_page | 页面调试信息[after_click_other_link]: {"agreementLink": {"className": "", "display": "inline-block", "height": 13, "id": "j-official-terms", "opacity": "1", "tag": "INPUT", "text": "", "visibility": "visible", "width": 13, "x": 535, "y": 504}, "bodyHints": {"hasAccountErrorText": false, "hasAgreementText": true, "hasOtherLoginText": false, "hasPasswordLoginText": false, "hasPasswordRequiredText": false, "hasPhoneRegisterText": true, "hasPhoneRequiredText": false, "hasSliderText": false}, "errorTip": null, "loginLink": {"className": "link s-fc3", "display": "block", "height": 17, "id": "", "opacity": "1", "tag": "A", "text": "登录", "visibility": "visible", "width": 28, "x": 1257, "y": 26}, "modalPreview": {"className": "mrc-modal-wrapper mrc-modal-wrapper-center mrc-modal-center", "display": "flex", "height": 732, "id": "", "opacity": "1", "tag": "DIV", "text": "登录 手机号登录/注册 微信登录 QQ登录 微博登录 网易邮箱账号登录 同意《服务条款》《隐私政策》《儿童隐私政策》", "visibility": "visible", "width": 1528, "x": 0, "y": 0}, "otherLink": null, "passwordLink": null, "phoneLink": {"className": "tan2MIhq", "display": "block", "height": 31, "id": "", "opacity": "1", "tag": "DIV", "text": "手机号登录/注册", "visibility": "visible", "width": 219, "x": 561, "y": 424}, "readyState": "complete", "title": "网易云音乐", "url": "https://music.163.com/"}
2026-05-23 15:51:20 | INFO | ui_test.pages.login_page | 直接定位元素: ('xpath', '//*[@id="j-official-terms"]')
2026-05-23 15:51:20 | INFO | ui_test.pages.login_page | 【3】success click_agreement_link
2026-05-23 15:51:20 | INFO | ui_test.pages.login_page | 等待页面稳定: 1 秒
2026-05-23 15:51:21 | INFO | ui_test.pages.login_page | 直接定位元素: ('xpath', '//div[contains(text(), "手机号登录/注册")]')
2026-05-23 15:51:21 | INFO | ui_test.pages.login_page | 【4】success click_phone_link
2026-05-23 15:51:21 | INFO | ui_test.pages.login_page | 等待页面稳定: 3 秒
2026-05-23 15:51:24 | INFO | ui_test.pages.login_page | 开始记录调试信息: after_click_phone_link
2026-05-23 15:51:24 | INFO | ui_test.pages.login_page | 页面调试信息[after_click_phone_link]: {"agreementLink": null, "bodyHints": {"hasAccountErrorText": false, "hasAgreementText": false, "hasOtherLoginText": false, "hasPasswordLoginText": true, "hasPasswordRequiredText": false, "hasPhoneRegisterText": false, "hasPhoneRequiredText": false, "hasSliderText": false}, "errorTip": null, "loginLink": {"className": "link s-fc3", "display": "block", "height": 17, "id": "", "opacity": "1", "tag": "A", "text": "登录", "visibility": "visible", "width": 28, "x": 1257, "y": 26}, "modalPreview": {"className": "mrc-modal-wrapper mrc-modal-wrapper-center mrc-modal-center", "display": "flex", "height": 732, "id": "", "opacity": "1", "tag": "DIV", "text": "手机号登录 密码登录 < 其他登录方式", "visibility": "visible", "width": 1528, "x": 0, "y": 0}, "otherLink": null, "passwordLink": {"className": "", "display": "block", "height": 17, "id": "", "opacity": "1", "tag": "A", "text": "密码登录", "visibility": "visible", "width": 48, "x": 604, "y": 478}, "phoneLink": null, "readyState": "complete", "title": "网易云音乐", "url": "https://music.163.com/"}
2026-05-23 15:51:24 | INFO | ui_test.pages.login_page | 直接定位元素: ('xpath', '/html/body/div[7]/div/div[2]/div/div/div[2]/div[1]/a')
2026-05-23 15:51:24 | INFO | ui_test.pages.login_page | 【5】success click_password_link
2026-05-23 15:51:24 | INFO | ui_test.pages.login_page | 等待页面稳定: 2 秒
2026-05-23 15:51:26 | INFO | ui_test.pages.login_page | 开始记录调试信息: after_click_password_link
2026-05-23 15:51:26 | INFO | ui_test.pages.login_page | 页面调试信息[after_click_password_link]: {"agreementLink": null, "bodyHints": {"hasAccountErrorText": false, "hasAgreementText": false, "hasOtherLoginText": false, "hasPasswordLoginText": false, "hasPasswordRequiredText": false, "hasPhoneRegisterText": false, "hasPhoneRequiredText": false, "hasSliderText": false}, "errorTip": null, "loginLink": {"className": "link s-fc3", "display": "block", "height": 17, "id": "", "opacity": "1", "tag": "A", "text": "登录", "visibility": "visible", "width": 28, "x": 1257, "y": 26}, "modalPreview": {"className": "mrc-modal-wrapper mrc-modal-wrapper-center mrc-modal-center", "display": "flex", "height": 732, "id": "", "opacity": "1", "tag": "DIV", "text": "手机号登录 +86 忘记密码？ 短信登录 自动登录 登录 < 其他登录方式", "visibility": "visible", "width": 1528, "x": 0, "y": 0}, "otherLink": null, "passwordLink": {"className": "Z90NHNuv", "display": "block", "height": 48, "id": "", "opacity": "1", "tag": "A", "text": "< 其他登录方式", "visibility": "visible", "width": 86, "x": 513, "y": 474}, "phoneLink": null, "readyState": "complete", "title": "网易云音乐", "url": "https://music.163.com/"}
2026-05-23 15:51:26 | INFO | ui_test.pages.login_page | 直接定位元素: ('xpath', '/html/body/div[7]/div/div[2]/div/div/div[2]/section/div[1]/div/input')
2026-05-23 15:51:27 | INFO | ui_test.pages.login_page | 【6】success input_phone
2026-05-23 15:51:27 | INFO | ui_test.pages.login_page | 等待页面稳定: 1 秒
2026-05-23 15:51:28 | INFO | ui_test.pages.login_page | 直接定位元素: ('xpath', '/html/body/div[7]/div/div[2]/div/div/div[2]/section/div[2]/div/input')
2026-05-23 15:51:28 | INFO | ui_test.pages.login_page | 【7】success input_password
2026-05-23 15:51:28 | INFO | ui_test.pages.login_page | 等待页面稳定: 1 秒
2026-05-23 15:51:29 | INFO | ui_test.pages.login_page | 直接定位元素: ('xpath', '/html/body/div[7]/div/div[2]/div/div/div[2]/section/a/div')
2026-05-23 15:51:29 | INFO | ui_test.pages.login_page | 【8】success click_login_button
2026-05-23 15:51:29 | INFO | ui_test.pages.login_page | 开始记录调试信息: after_click_login_button
2026-05-23 15:51:29 | INFO | ui_test.pages.login_page | 页面调试信息[after_click_login_button]: {"agreementLink": null, "bodyHints": {"hasAccountErrorText": false, "hasAgreementText": false, "hasOtherLoginText": false, "hasPasswordLoginText": false, "hasPasswordRequiredText": true, "hasPhoneRegisterText": false, "hasPhoneRequiredText": false, "hasSliderText": false}, "errorTip": {"className": "", "display": "inline", "height": 14, "id": "", "opacity": "1", "tag": "SPAN", "text": "请输入登录密码", "visibility": "visible", "width": 84, "x": 676, "y": 349}, "loginLink": {"className": "link s-fc3", "display": "block", "height": 17, "id": "", "opacity": "1", "tag": "A", "text": "登录", "visibility": "visible", "width": 28, "x": 1257, "y": 26}, "modalPreview": {"className": "mrc-modal-wrapper mrc-modal-wrapper-center mrc-modal-center", "display": "flex", "height": 732, "id": "", "opacity": "1", "tag": "DIV", "text": "手机号登录 +86 忘记密码？ 请输入登录密码 短信登录 自动登录 登录 < 其他登录方式", "visibility": "visible", "width": 1528, "x": 0, "y": 0}, "otherLink": null, "passwordLink": {"className": "Z90NHNuv", "display": "block", "height": 48, "id": "", "opacity": "1", "tag": "A", "text": "< 其他登录方式", "visibility": "visible", "width": 86, "x": 513, "y": 485}, "phoneLink": null, "readyState": "complete", "title": "网易云音乐", "url": "https://music.163.com/"}
2026-05-23 15:51:29 | INFO | ui_test.pages.login_page | 命中错误提示定位器: ('xpath', '/html/body/div[7]/div/div[2]/div/div/div[2]/section/div[3]/span') -> 请输入登录密码
2026-05-23 15:51:29 | INFO | ui_test.framework.selenium_login_163music.conftest | 用例执行结果: tests/test_163.py::test_login_failure[case0] -> passed
2026-05-23 15:51:31 | INFO | ui_test.framework.selenium_login_163music.conftest | Edge 会话已关闭: debc1ebcd4a03727085f66cf43fda566
2026-05-23 15:51:32 | INFO | ui_test.framework.selenium_login_163music.conftest | EdgeDriver 进程已结束: 27312
2026-05-23 15:51:32 | INFO | ui_test.framework.selenium_login_163music.conftest | 已清理独立浏览器环境: D:\Projects\workspace\test-practice-collection\03_ui_automation\framework\selenium_login_163music\.runtime_profiles\profile_1779522670589
2026-05-23 15:51:32 | INFO | ui_test.framework.selenium_login_163music.conftest | 冷却 5 秒后进入下一个 case
2026-05-23 15:51:37 | INFO | ui_test.framework.selenium_login_163music.conftest | 开始执行用例: tests/test_163.py::test_login_failure[case1]
2026-05-23 15:51:37 | INFO | ui_test.framework.selenium_login_163music.conftest | 准备启动 EdgeDriver: D:\Projects\workspace\test-practice-collection\03_ui_automation\framework\selenium_login_163music\utils\edgedriver_win64\msedgedriver.exe
2026-05-23 15:51:37 | INFO | ui_test.framework.selenium_login_163music.conftest | 创建独立浏览器环境: D:\Projects\workspace\test-practice-collection\03_ui_automation\framework\selenium_login_163music\.runtime_profiles\profile_1779522697912
2026-05-23 15:51:39 | INFO | ui_test.framework.selenium_login_163music.conftest | Edge 会话已创建: f83d021d6fcd48e6ee02194cb52b67ab
2026-05-23 15:51:43 | INFO | ui_test.pages.login_page | 准备点击步骤: click_login_link, locator=('css selector', '.m-tophead.f-pr.j-tflag a')
2026-05-23 15:51:43 | INFO | ui_test.pages.login_page | 【1】success click_login_link
2026-05-23 15:51:43 | INFO | ui_test.pages.login_page | 等待页面稳定: 2 秒
2026-05-23 15:51:45 | INFO | ui_test.pages.login_page | 开始记录调试信息: after_click_login_link
2026-05-23 15:51:52 | INFO | ui_test.pages.login_page | 页面调试信息[after_click_login_link]: {"agreementLink": null, "bodyHints": {"hasAccountErrorText": false, "hasAgreementText": false, "hasOtherLoginText": true, "hasPasswordLoginText": false, "hasPasswordRequiredText": false, "hasPhoneRegisterText": false, "hasPhoneRequiredText": false, "hasSliderText": false}, "errorTip": null, "loginLink": {"className": "link s-fc3", "display": "block", "height": 17, "id": "", "opacity": "1", "tag": "A", "text": "登录", "visibility": "visible", "width": 28, "x": 1257, "y": 26}, "modalPreview": {"className": "mrc-modal-wrapper mrc-modal-wrapper-center mrc-modal-center", "display": "flex", "height": 732, "id": "", "opacity": "1", "tag": "DIV", "text": "登录 扫码登录 使用 网易云音乐APP 扫码登录 选择其他登录模式 下载客户端，VIP歌曲免费听", "visibility": "visible", "width": 1528, "x": 0, "y": 0}, "otherLink": {"className": "_3xIXD0Q6", "display": "block", "height": 30, "id": "", "opacity": "1", "tag": "A", "text": "选择其他登录模式", "visibility": "visible", "width": 120, "x": 704, "y": 463}, "passwordLink": null, "phoneLink": null, "readyState": "complete", "title": "网易云音乐", "url": "https://music.163.com/"}
2026-05-23 15:51:52 | INFO | ui_test.pages.login_page | 准备点击步骤: click_other_link, locator=('xpath', '//a[contains(text(), "选择其他登录模式")]')
2026-05-23 15:52:22 | INFO | ui_test.pages.login_page | 开始记录调试信息: click_other_link_find_failed
2026-05-23 15:52:52 | ERROR | ui_test.pages.login_page | 记录页面调试信息失败: click_other_link_find_failed
Traceback (most recent call last):
  File "D:\Projects\miniconda3\envs\ui_test\lib\site-packages\urllib3\connectionpool.py", line 534, in _make_request
    response = conn.getresponse()
  File "D:\Projects\miniconda3\envs\ui_test\lib\site-packages\urllib3\connection.py", line 571, in getresponse
    httplib_response = super().getresponse()
  File "D:\Projects\miniconda3\envs\ui_test\lib\http\client.py", line 1395, in getresponse
    response.begin()
  File "D:\Projects\miniconda3\envs\ui_test\lib\http\client.py", line 323, in begin
    version, status, reason = self._read_status()
  File "D:\Projects\miniconda3\envs\ui_test\lib\http\client.py", line 284, in _read_status
    line = str(self.fp.readline(_MAXLINE + 1), "iso-8859-1")
  File "D:\Projects\miniconda3\envs\ui_test\lib\socket.py", line 717, in readinto
    return self._sock.recv_into(b)
TimeoutError: timed out

The above exception was the direct cause of the following exception:

Traceback (most recent call last):
  File "D:\Projects\workspace\test-practice-collection\03_ui_automation\framework\selenium_login_163music\pages\login_page.py", line 154, in safe_click_raw
    element = self.find_element(locator, timeout=timeout)
  File "D:\Projects\workspace\test-practice-collection\03_ui_automation\framework\selenium_login_163music\pages\base_page.py", line 26, in find_element
    return self._build_wait(timeout).until(EC.visibility_of_element_located(locator))
  File "D:\Projects\miniconda3\envs\ui_test\lib\site-packages\selenium\webdriver\support\wait.py", line 112, in until
    value = method(self._driver)
  File "D:\Projects\miniconda3\envs\ui_test\lib\site-packages\selenium\webdriver\support\expected_conditions.py", line 184, in _predicate
    return _element_if_visible(driver.find_element(*locator))
  File "D:\Projects\miniconda3\envs\ui_test\lib\site-packages\selenium\webdriver\remote\webdriver.py", line 823, in find_element
    return self.execute(Command.FIND_ELEMENT, {"using": by, "value": value})["value"]
  File "D:\Projects\miniconda3\envs\ui_test\lib\site-packages\selenium\webdriver\remote\webdriver.py", line 447, in execute
    response = cast(RemoteConnection, self.command_executor).execute(driver_command, params)
  File "D:\Projects\miniconda3\envs\ui_test\lib\site-packages\selenium\webdriver\remote\remote_connection.py", line 407, in execute
    return self._request(command_info[0], url, body=data)
  File "D:\Projects\miniconda3\envs\ui_test\lib\site-packages\selenium\webdriver\remote\remote_connection.py", line 431, in _request
    response = self._conn.request(method, url, body=body, headers=headers, timeout=self._client_config.timeout)
  File "D:\Projects\miniconda3\envs\ui_test\lib\site-packages\urllib3\_request_methods.py", line 143, in request
    return self.request_encode_body(
  File "D:\Projects\miniconda3\envs\ui_test\lib\site-packages\urllib3\_request_methods.py", line 278, in request_encode_body
    return self.urlopen(method, url, **extra_kw)
  File "D:\Projects\miniconda3\envs\ui_test\lib\site-packages\urllib3\poolmanager.py", line 457, in urlopen
    response = conn.urlopen(method, u.request_uri, **kw)
  File "D:\Projects\miniconda3\envs\ui_test\lib\site-packages\urllib3\connectionpool.py", line 841, in urlopen
    retries = retries.increment(
  File "D:\Projects\miniconda3\envs\ui_test\lib\site-packages\urllib3\util\retry.py", line 490, in increment
    raise reraise(type(error), error, _stacktrace)
  File "D:\Projects\miniconda3\envs\ui_test\lib\site-packages\urllib3\util\util.py", line 39, in reraise
    raise value
  File "D:\Projects\miniconda3\envs\ui_test\lib\site-packages\urllib3\connectionpool.py", line 787, in urlopen
    response = self._make_request(
  File "D:\Projects\miniconda3\envs\ui_test\lib\site-packages\urllib3\connectionpool.py", line 536, in _make_request
    self._raise_timeout(err=e, url=url, timeout_value=read_timeout)
  File "D:\Projects\miniconda3\envs\ui_test\lib\site-packages\urllib3\connectionpool.py", line 367, in _raise_timeout
    raise ReadTimeoutError(
urllib3.exceptions.ReadTimeoutError: HTTPConnectionPool(host='localhost', port=58394): Read timed out. (read timeout=30)

During handling of the above exception, another exception occurred:

Traceback (most recent call last):
  File "D:\Projects\miniconda3\envs\ui_test\lib\site-packages\urllib3\connectionpool.py", line 534, in _make_request
    response = conn.getresponse()
  File "D:\Projects\miniconda3\envs\ui_test\lib\site-packages\urllib3\connection.py", line 571, in getresponse
    httplib_response = super().getresponse()
  File "D:\Projects\miniconda3\envs\ui_test\lib\http\client.py", line 1395, in getresponse
    response.begin()
  File "D:\Projects\miniconda3\envs\ui_test\lib\http\client.py", line 323, in begin
    version, status, reason = self._read_status()
  File "D:\Projects\miniconda3\envs\ui_test\lib\http\client.py", line 284, in _read_status
    line = str(self.fp.readline(_MAXLINE + 1), "iso-8859-1")
  File "D:\Projects\miniconda3\envs\ui_test\lib\socket.py", line 717, in readinto
    return self._sock.recv_into(b)
TimeoutError: timed out

The above exception was the direct cause of the following exception:

Traceback (most recent call last):
  File "D:\Projects\workspace\test-practice-collection\03_ui_automation\framework\selenium_login_163music\pages\login_page.py", line 54, in debug_page_state
    state = self.driver.execute_script(
  File "D:\Projects\miniconda3\envs\ui_test\lib\site-packages\selenium\webdriver\remote\webdriver.py", line 536, in execute_script
    return self.execute(command, {"script": script, "args": converted_args})["value"]
  File "D:\Projects\miniconda3\envs\ui_test\lib\site-packages\selenium\webdriver\remote\webdriver.py", line 447, in execute
    response = cast(RemoteConnection, self.command_executor).execute(driver_command, params)
  File "D:\Projects\miniconda3\envs\ui_test\lib\site-packages\selenium\webdriver\remote\remote_connection.py", line 407, in execute
    return self._request(command_info[0], url, body=data)
  File "D:\Projects\miniconda3\envs\ui_test\lib\site-packages\selenium\webdriver\remote\remote_connection.py", line 431, in _request
    response = self._conn.request(method, url, body=body, headers=headers, timeout=self._client_config.timeout)
  File "D:\Projects\miniconda3\envs\ui_test\lib\site-packages\urllib3\_request_methods.py", line 143, in request
    return self.request_encode_body(
  File "D:\Projects\miniconda3\envs\ui_test\lib\site-packages\urllib3\_request_methods.py", line 278, in request_encode_body
    return self.urlopen(method, url, **extra_kw)
  File "D:\Projects\miniconda3\envs\ui_test\lib\site-packages\urllib3\poolmanager.py", line 457, in urlopen
    response = conn.urlopen(method, u.request_uri, **kw)
  File "D:\Projects\miniconda3\envs\ui_test\lib\site-packages\urllib3\connectionpool.py", line 841, in urlopen
    retries = retries.increment(
  File "D:\Projects\miniconda3\envs\ui_test\lib\site-packages\urllib3\util\retry.py", line 490, in increment
    raise reraise(type(error), error, _stacktrace)
  File "D:\Projects\miniconda3\envs\ui_test\lib\site-packages\urllib3\util\util.py", line 39, in reraise
    raise value
  File "D:\Projects\miniconda3\envs\ui_test\lib\site-packages\urllib3\connectionpool.py", line 787, in urlopen
    response = self._make_request(
  File "D:\Projects\miniconda3\envs\ui_test\lib\site-packages\urllib3\connectionpool.py", line 536, in _make_request
    self._raise_timeout(err=e, url=url, timeout_value=read_timeout)
  File "D:\Projects\miniconda3\envs\ui_test\lib\site-packages\urllib3\connectionpool.py", line 367, in _raise_timeout
    raise ReadTimeoutError(
urllib3.exceptions.ReadTimeoutError: HTTPConnectionPool(host='localhost', port=58394): Read timed out. (read timeout=30)
2026-05-23 15:54:52 | ERROR | ui_test.pages.login_page | 保存调试截图失败: click_other_link_find_failed
Traceback (most recent call last):
  File "D:\Projects\miniconda3\envs\ui_test\lib\site-packages\urllib3\connectionpool.py", line 534, in _make_request
    response = conn.getresponse()
  File "D:\Projects\miniconda3\envs\ui_test\lib\site-packages\urllib3\connection.py", line 571, in getresponse
    httplib_response = super().getresponse()
  File "D:\Projects\miniconda3\envs\ui_test\lib\http\client.py", line 1395, in getresponse
    response.begin()
  File "D:\Projects\miniconda3\envs\ui_test\lib\http\client.py", line 323, in begin
    version, status, reason = self._read_status()
  File "D:\Projects\miniconda3\envs\ui_test\lib\http\client.py", line 284, in _read_status
    line = str(self.fp.readline(_MAXLINE + 1), "iso-8859-1")
  File "D:\Projects\miniconda3\envs\ui_test\lib\socket.py", line 717, in readinto
    return self._sock.recv_into(b)
TimeoutError: timed out

The above exception was the direct cause of the following exception:

Traceback (most recent call last):
  File "D:\Projects\workspace\test-practice-collection\03_ui_automation\framework\selenium_login_163music\pages\login_page.py", line 154, in safe_click_raw
    element = self.find_element(locator, timeout=timeout)
  File "D:\Projects\workspace\test-practice-collection\03_ui_automation\framework\selenium_login_163music\pages\base_page.py", line 26, in find_element
    return self._build_wait(timeout).until(EC.visibility_of_element_located(locator))
  File "D:\Projects\miniconda3\envs\ui_test\lib\site-packages\selenium\webdriver\support\wait.py", line 112, in until
    value = method(self._driver)
  File "D:\Projects\miniconda3\envs\ui_test\lib\site-packages\selenium\webdriver\support\expected_conditions.py", line 184, in _predicate
    return _element_if_visible(driver.find_element(*locator))
  File "D:\Projects\miniconda3\envs\ui_test\lib\site-packages\selenium\webdriver\remote\webdriver.py", line 823, in find_element
    return self.execute(Command.FIND_ELEMENT, {"using": by, "value": value})["value"]
  File "D:\Projects\miniconda3\envs\ui_test\lib\site-packages\selenium\webdriver\remote\webdriver.py", line 447, in execute
    response = cast(RemoteConnection, self.command_executor).execute(driver_command, params)
  File "D:\Projects\miniconda3\envs\ui_test\lib\site-packages\selenium\webdriver\remote\remote_connection.py", line 407, in execute
    return self._request(command_info[0], url, body=data)
  File "D:\Projects\miniconda3\envs\ui_test\lib\site-packages\selenium\webdriver\remote\remote_connection.py", line 431, in _request
    response = self._conn.request(method, url, body=body, headers=headers, timeout=self._client_config.timeout)
  File "D:\Projects\miniconda3\envs\ui_test\lib\site-packages\urllib3\_request_methods.py", line 143, in request
    return self.request_encode_body(
  File "D:\Projects\miniconda3\envs\ui_test\lib\site-packages\urllib3\_request_methods.py", line 278, in request_encode_body
    return self.urlopen(method, url, **extra_kw)
  File "D:\Projects\miniconda3\envs\ui_test\lib\site-packages\urllib3\poolmanager.py", line 457, in urlopen
    response = conn.urlopen(method, u.request_uri, **kw)
  File "D:\Projects\miniconda3\envs\ui_test\lib\site-packages\urllib3\connectionpool.py", line 841, in urlopen
    retries = retries.increment(
  File "D:\Projects\miniconda3\envs\ui_test\lib\site-packages\urllib3\util\retry.py", line 490, in increment
    raise reraise(type(error), error, _stacktrace)
  File "D:\Projects\miniconda3\envs\ui_test\lib\site-packages\urllib3\util\util.py", line 39, in reraise
    raise value
  File "D:\Projects\miniconda3\envs\ui_test\lib\site-packages\urllib3\connectionpool.py", line 787, in urlopen
    response = self._make_request(
  File "D:\Projects\miniconda3\envs\ui_test\lib\site-packages\urllib3\connectionpool.py", line 536, in _make_request
    self._raise_timeout(err=e, url=url, timeout_value=read_timeout)
  File "D:\Projects\miniconda3\envs\ui_test\lib\site-packages\urllib3\connectionpool.py", line 367, in _raise_timeout
    raise ReadTimeoutError(
urllib3.exceptions.ReadTimeoutError: HTTPConnectionPool(host='localhost', port=58394): Read timed out. (read timeout=30)

During handling of the above exception, another exception occurred:

Traceback (most recent call last):
  File "D:\Projects\miniconda3\envs\ui_test\lib\site-packages\urllib3\connectionpool.py", line 534, in _make_request
    response = conn.getresponse()
  File "D:\Projects\miniconda3\envs\ui_test\lib\site-packages\urllib3\connection.py", line 571, in getresponse
    httplib_response = super().getresponse()
  File "D:\Projects\miniconda3\envs\ui_test\lib\http\client.py", line 1395, in getresponse
    response.begin()
  File "D:\Projects\miniconda3\envs\ui_test\lib\http\client.py", line 323, in begin
    version, status, reason = self._read_status()
  File "D:\Projects\miniconda3\envs\ui_test\lib\http\client.py", line 284, in _read_status
    line = str(self.fp.readline(_MAXLINE + 1), "iso-8859-1")
  File "D:\Projects\miniconda3\envs\ui_test\lib\socket.py", line 717, in readinto
    return self._sock.recv_into(b)
TimeoutError: timed out

The above exception was the direct cause of the following exception:

Traceback (most recent call last):
  File "D:\Projects\miniconda3\envs\ui_test\lib\site-packages\urllib3\connectionpool.py", line 787, in urlopen
    response = self._make_request(
  File "D:\Projects\miniconda3\envs\ui_test\lib\site-packages\urllib3\connectionpool.py", line 536, in _make_request
    self._raise_timeout(err=e, url=url, timeout_value=read_timeout)
  File "D:\Projects\miniconda3\envs\ui_test\lib\site-packages\urllib3\connectionpool.py", line 367, in _raise_timeout
    raise ReadTimeoutError(
urllib3.exceptions.ReadTimeoutError: HTTPConnectionPool(host='localhost', port=58394): Read timed out. (read timeout=30)

The above exception was the direct cause of the following exception:

Traceback (most recent call last):
  File "D:\Projects\workspace\test-practice-collection\03_ui_automation\framework\selenium_login_163music\pages\login_page.py", line 134, in debug_page_state
    screenshot_path = self.take_screenshot(f"debug_{tag}")
  File "D:\Projects\workspace\test-practice-collection\03_ui_automation\framework\selenium_login_163music\pages\base_page.py", line 66, in take_screenshot
    screenshot_path = save_driver_screenshot(self.driver, name)
  File "D:\Projects\workspace\test-practice-collection\03_ui_automation\framework\selenium_login_163music\utils\log_helper.py", line 68, in save_driver_screenshot
    if driver.save_screenshot(str(screenshot_path)):
  File "D:\Projects\miniconda3\envs\ui_test\lib\site-packages\selenium\webdriver\remote\webdriver.py", line 903, in save_screenshot
    return self.get_screenshot_as_file(filename)
  File "D:\Projects\miniconda3\envs\ui_test\lib\site-packages\selenium\webdriver\remote\webdriver.py", line 880, in get_screenshot_as_file
    png = self.get_screenshot_as_png()
  File "D:\Projects\miniconda3\envs\ui_test\lib\site-packages\selenium\webdriver\remote\webdriver.py", line 911, in get_screenshot_as_png
    return b64decode(self.get_screenshot_as_base64().encode("ascii"))
  File "D:\Projects\miniconda3\envs\ui_test\lib\site-packages\selenium\webdriver\remote\webdriver.py", line 921, in get_screenshot_as_base64
    return self.execute(Command.SCREENSHOT)["value"]
  File "D:\Projects\miniconda3\envs\ui_test\lib\site-packages\selenium\webdriver\remote\webdriver.py", line 447, in execute
    response = cast(RemoteConnection, self.command_executor).execute(driver_command, params)
  File "D:\Projects\miniconda3\envs\ui_test\lib\site-packages\selenium\webdriver\remote\remote_connection.py", line 407, in execute
    return self._request(command_info[0], url, body=data)
  File "D:\Projects\miniconda3\envs\ui_test\lib\site-packages\selenium\webdriver\remote\remote_connection.py", line 431, in _request
    response = self._conn.request(method, url, body=body, headers=headers, timeout=self._client_config.timeout)
  File "D:\Projects\miniconda3\envs\ui_test\lib\site-packages\urllib3\_request_methods.py", line 135, in request
    return self.request_encode_url(
  File "D:\Projects\miniconda3\envs\ui_test\lib\site-packages\urllib3\_request_methods.py", line 182, in request_encode_url
    return self.urlopen(method, url, **extra_kw)
  File "D:\Projects\miniconda3\envs\ui_test\lib\site-packages\urllib3\poolmanager.py", line 457, in urlopen
    response = conn.urlopen(method, u.request_uri, **kw)
  File "D:\Projects\miniconda3\envs\ui_test\lib\site-packages\urllib3\connectionpool.py", line 871, in urlopen
    return self.urlopen(
  File "D:\Projects\miniconda3\envs\ui_test\lib\site-packages\urllib3\connectionpool.py", line 871, in urlopen
    return self.urlopen(
  File "D:\Projects\miniconda3\envs\ui_test\lib\site-packages\urllib3\connectionpool.py", line 871, in urlopen
    return self.urlopen(
  File "D:\Projects\miniconda3\envs\ui_test\lib\site-packages\urllib3\connectionpool.py", line 841, in urlopen
    retries = retries.increment(
  File "D:\Projects\miniconda3\envs\ui_test\lib\site-packages\urllib3\util\retry.py", line 535, in increment
    raise MaxRetryError(_pool, url, reason) from reason  # type: ignore[arg-type]
urllib3.exceptions.MaxRetryError: HTTPConnectionPool(host='localhost', port=58394): Max retries exceeded with url: /session/f83d021d6fcd48e6ee02194cb52b67ab/screenshot (Caused by ReadTimeoutError("HTTPConnectionPool(host='localhost', port=58394): Read timed out. (read timeout=30)"))
2026-05-23 15:54:52 | ERROR | ui_test.pages.login_page | 登录流程执行失败，失败步骤: click_other_link
Traceback (most recent call last):
  File "D:\Projects\miniconda3\envs\ui_test\lib\site-packages\urllib3\connectionpool.py", line 534, in _make_request
    response = conn.getresponse()
  File "D:\Projects\miniconda3\envs\ui_test\lib\site-packages\urllib3\connection.py", line 571, in getresponse
    httplib_response = super().getresponse()
  File "D:\Projects\miniconda3\envs\ui_test\lib\http\client.py", line 1395, in getresponse
    response.begin()
  File "D:\Projects\miniconda3\envs\ui_test\lib\http\client.py", line 323, in begin
    version, status, reason = self._read_status()
  File "D:\Projects\miniconda3\envs\ui_test\lib\http\client.py", line 284, in _read_status
    line = str(self.fp.readline(_MAXLINE + 1), "iso-8859-1")
  File "D:\Projects\miniconda3\envs\ui_test\lib\socket.py", line 717, in readinto
    return self._sock.recv_into(b)
TimeoutError: timed out

The above exception was the direct cause of the following exception:

Traceback (most recent call last):
  File "D:\Projects\workspace\test-practice-collection\03_ui_automation\framework\selenium_login_163music\pages\login_page.py", line 239, in login
    self.click_other_link()
  File "D:\Projects\workspace\test-practice-collection\03_ui_automation\framework\selenium_login_163music\pages\login_page.py", line 193, in click_other_link
    self.safe_click_raw(self.OTHER_LINK, step_name="click_other_link")
  File "D:\Projects\workspace\test-practice-collection\03_ui_automation\framework\selenium_login_163music\pages\login_page.py", line 154, in safe_click_raw
    element = self.find_element(locator, timeout=timeout)
  File "D:\Projects\workspace\test-practice-collection\03_ui_automation\framework\selenium_login_163music\pages\base_page.py", line 26, in find_element
    return self._build_wait(timeout).until(EC.visibility_of_element_located(locator))
  File "D:\Projects\miniconda3\envs\ui_test\lib\site-packages\selenium\webdriver\support\wait.py", line 112, in until
    value = method(self._driver)
  File "D:\Projects\miniconda3\envs\ui_test\lib\site-packages\selenium\webdriver\support\expected_conditions.py", line 184, in _predicate
    return _element_if_visible(driver.find_element(*locator))
  File "D:\Projects\miniconda3\envs\ui_test\lib\site-packages\selenium\webdriver\remote\webdriver.py", line 823, in find_element
    return self.execute(Command.FIND_ELEMENT, {"using": by, "value": value})["value"]
  File "D:\Projects\miniconda3\envs\ui_test\lib\site-packages\selenium\webdriver\remote\webdriver.py", line 447, in execute
    response = cast(RemoteConnection, self.command_executor).execute(driver_command, params)
  File "D:\Projects\miniconda3\envs\ui_test\lib\site-packages\selenium\webdriver\remote\remote_connection.py", line 407, in execute
    return self._request(command_info[0], url, body=data)
  File "D:\Projects\miniconda3\envs\ui_test\lib\site-packages\selenium\webdriver\remote\remote_connection.py", line 431, in _request
    response = self._conn.request(method, url, body=body, headers=headers, timeout=self._client_config.timeout)
  File "D:\Projects\miniconda3\envs\ui_test\lib\site-packages\urllib3\_request_methods.py", line 143, in request
    return self.request_encode_body(
  File "D:\Projects\miniconda3\envs\ui_test\lib\site-packages\urllib3\_request_methods.py", line 278, in request_encode_body
    return self.urlopen(method, url, **extra_kw)
  File "D:\Projects\miniconda3\envs\ui_test\lib\site-packages\urllib3\poolmanager.py", line 457, in urlopen
    response = conn.urlopen(method, u.request_uri, **kw)
  File "D:\Projects\miniconda3\envs\ui_test\lib\site-packages\urllib3\connectionpool.py", line 841, in urlopen
    retries = retries.increment(
  File "D:\Projects\miniconda3\envs\ui_test\lib\site-packages\urllib3\util\retry.py", line 490, in increment
    raise reraise(type(error), error, _stacktrace)
  File "D:\Projects\miniconda3\envs\ui_test\lib\site-packages\urllib3\util\util.py", line 39, in reraise
    raise value
  File "D:\Projects\miniconda3\envs\ui_test\lib\site-packages\urllib3\connectionpool.py", line 787, in urlopen
    response = self._make_request(
  File "D:\Projects\miniconda3\envs\ui_test\lib\site-packages\urllib3\connectionpool.py", line 536, in _make_request
    self._raise_timeout(err=e, url=url, timeout_value=read_timeout)
  File "D:\Projects\miniconda3\envs\ui_test\lib\site-packages\urllib3\connectionpool.py", line 367, in _raise_timeout
    raise ReadTimeoutError(
urllib3.exceptions.ReadTimeoutError: HTTPConnectionPool(host='localhost', port=58394): Read timed out. (read timeout=30)
2026-05-23 15:54:52 | INFO | ui_test.pages.login_page | 开始记录调试信息: login_exception_click_other_link
2026-05-23 15:55:22 | ERROR | ui_test.pages.login_page | 记录页面调试信息失败: login_exception_click_other_link
Traceback (most recent call last):
  File "D:\Projects\miniconda3\envs\ui_test\lib\site-packages\urllib3\connectionpool.py", line 534, in _make_request
    response = conn.getresponse()
  File "D:\Projects\miniconda3\envs\ui_test\lib\site-packages\urllib3\connection.py", line 571, in getresponse
    httplib_response = super().getresponse()
  File "D:\Projects\miniconda3\envs\ui_test\lib\http\client.py", line 1395, in getresponse
    response.begin()
  File "D:\Projects\miniconda3\envs\ui_test\lib\http\client.py", line 323, in begin
    version, status, reason = self._read_status()
  File "D:\Projects\miniconda3\envs\ui_test\lib\http\client.py", line 284, in _read_status
    line = str(self.fp.readline(_MAXLINE + 1), "iso-8859-1")
  File "D:\Projects\miniconda3\envs\ui_test\lib\socket.py", line 717, in readinto
    return self._sock.recv_into(b)
TimeoutError: timed out

The above exception was the direct cause of the following exception:

Traceback (most recent call last):
  File "D:\Projects\workspace\test-practice-collection\03_ui_automation\framework\selenium_login_163music\pages\login_page.py", line 239, in login
    self.click_other_link()
  File "D:\Projects\workspace\test-practice-collection\03_ui_automation\framework\selenium_login_163music\pages\login_page.py", line 193, in click_other_link
    self.safe_click_raw(self.OTHER_LINK, step_name="click_other_link")
  File "D:\Projects\workspace\test-practice-collection\03_ui_automation\framework\selenium_login_163music\pages\login_page.py", line 154, in safe_click_raw
    element = self.find_element(locator, timeout=timeout)
  File "D:\Projects\workspace\test-practice-collection\03_ui_automation\framework\selenium_login_163music\pages\base_page.py", line 26, in find_element
    return self._build_wait(timeout).until(EC.visibility_of_element_located(locator))
  File "D:\Projects\miniconda3\envs\ui_test\lib\site-packages\selenium\webdriver\support\wait.py", line 112, in until
    value = method(self._driver)
  File "D:\Projects\miniconda3\envs\ui_test\lib\site-packages\selenium\webdriver\support\expected_conditions.py", line 184, in _predicate
    return _element_if_visible(driver.find_element(*locator))
  File "D:\Projects\miniconda3\envs\ui_test\lib\site-packages\selenium\webdriver\remote\webdriver.py", line 823, in find_element
    return self.execute(Command.FIND_ELEMENT, {"using": by, "value": value})["value"]
  File "D:\Projects\miniconda3\envs\ui_test\lib\site-packages\selenium\webdriver\remote\webdriver.py", line 447, in execute
    response = cast(RemoteConnection, self.command_executor).execute(driver_command, params)
  File "D:\Projects\miniconda3\envs\ui_test\lib\site-packages\selenium\webdriver\remote\remote_connection.py", line 407, in execute
    return self._request(command_info[0], url, body=data)
  File "D:\Projects\miniconda3\envs\ui_test\lib\site-packages\selenium\webdriver\remote\remote_connection.py", line 431, in _request
    response = self._conn.request(method, url, body=body, headers=headers, timeout=self._client_config.timeout)
  File "D:\Projects\miniconda3\envs\ui_test\lib\site-packages\urllib3\_request_methods.py", line 143, in request
    return self.request_encode_body(
  File "D:\Projects\miniconda3\envs\ui_test\lib\site-packages\urllib3\_request_methods.py", line 278, in request_encode_body
    return self.urlopen(method, url, **extra_kw)
  File "D:\Projects\miniconda3\envs\ui_test\lib\site-packages\urllib3\poolmanager.py", line 457, in urlopen
    response = conn.urlopen(method, u.request_uri, **kw)
  File "D:\Projects\miniconda3\envs\ui_test\lib\site-packages\urllib3\connectionpool.py", line 841, in urlopen
    retries = retries.increment(
  File "D:\Projects\miniconda3\envs\ui_test\lib\site-packages\urllib3\util\retry.py", line 490, in increment
    raise reraise(type(error), error, _stacktrace)
  File "D:\Projects\miniconda3\envs\ui_test\lib\site-packages\urllib3\util\util.py", line 39, in reraise
    raise value
  File "D:\Projects\miniconda3\envs\ui_test\lib\site-packages\urllib3\connectionpool.py", line 787, in urlopen
    response = self._make_request(
  File "D:\Projects\miniconda3\envs\ui_test\lib\site-packages\urllib3\connectionpool.py", line 536, in _make_request
    self._raise_timeout(err=e, url=url, timeout_value=read_timeout)
  File "D:\Projects\miniconda3\envs\ui_test\lib\site-packages\urllib3\connectionpool.py", line 367, in _raise_timeout
    raise ReadTimeoutError(
urllib3.exceptions.ReadTimeoutError: HTTPConnectionPool(host='localhost', port=58394): Read timed out. (read timeout=30)

During handling of the above exception, another exception occurred:

Traceback (most recent call last):
  File "D:\Projects\miniconda3\envs\ui_test\lib\site-packages\urllib3\connectionpool.py", line 534, in _make_request
    response = conn.getresponse()
  File "D:\Projects\miniconda3\envs\ui_test\lib\site-packages\urllib3\connection.py", line 571, in getresponse
    httplib_response = super().getresponse()
  File "D:\Projects\miniconda3\envs\ui_test\lib\http\client.py", line 1395, in getresponse
    response.begin()
  File "D:\Projects\miniconda3\envs\ui_test\lib\http\client.py", line 323, in begin
    version, status, reason = self._read_status()
  File "D:\Projects\miniconda3\envs\ui_test\lib\http\client.py", line 284, in _read_status
    line = str(self.fp.readline(_MAXLINE + 1), "iso-8859-1")
  File "D:\Projects\miniconda3\envs\ui_test\lib\socket.py", line 717, in readinto
    return self._sock.recv_into(b)
TimeoutError: timed out

The above exception was the direct cause of the following exception:

Traceback (most recent call last):
  File "D:\Projects\workspace\test-practice-collection\03_ui_automation\framework\selenium_login_163music\pages\login_page.py", line 54, in debug_page_state
    state = self.driver.execute_script(
  File "D:\Projects\miniconda3\envs\ui_test\lib\site-packages\selenium\webdriver\remote\webdriver.py", line 536, in execute_script
    return self.execute(command, {"script": script, "args": converted_args})["value"]
  File "D:\Projects\miniconda3\envs\ui_test\lib\site-packages\selenium\webdriver\remote\webdriver.py", line 447, in execute
    response = cast(RemoteConnection, self.command_executor).execute(driver_command, params)
  File "D:\Projects\miniconda3\envs\ui_test\lib\site-packages\selenium\webdriver\remote\remote_connection.py", line 407, in execute
    return self._request(command_info[0], url, body=data)
  File "D:\Projects\miniconda3\envs\ui_test\lib\site-packages\selenium\webdriver\remote\remote_connection.py", line 431, in _request
    response = self._conn.request(method, url, body=body, headers=headers, timeout=self._client_config.timeout)
  File "D:\Projects\miniconda3\envs\ui_test\lib\site-packages\urllib3\_request_methods.py", line 143, in request
    return self.request_encode_body(
  File "D:\Projects\miniconda3\envs\ui_test\lib\site-packages\urllib3\_request_methods.py", line 278, in request_encode_body
    return self.urlopen(method, url, **extra_kw)
  File "D:\Projects\miniconda3\envs\ui_test\lib\site-packages\urllib3\poolmanager.py", line 457, in urlopen
    response = conn.urlopen(method, u.request_uri, **kw)
  File "D:\Projects\miniconda3\envs\ui_test\lib\site-packages\urllib3\connectionpool.py", line 841, in urlopen
    retries = retries.increment(
  File "D:\Projects\miniconda3\envs\ui_test\lib\site-packages\urllib3\util\retry.py", line 490, in increment
    raise reraise(type(error), error, _stacktrace)
  File "D:\Projects\miniconda3\envs\ui_test\lib\site-packages\urllib3\util\util.py", line 39, in reraise
    raise value
  File "D:\Projects\miniconda3\envs\ui_test\lib\site-packages\urllib3\connectionpool.py", line 787, in urlopen
    response = self._make_request(
  File "D:\Projects\miniconda3\envs\ui_test\lib\site-packages\urllib3\connectionpool.py", line 536, in _make_request
    self._raise_timeout(err=e, url=url, timeout_value=read_timeout)
  File "D:\Projects\miniconda3\envs\ui_test\lib\site-packages\urllib3\connectionpool.py", line 367, in _raise_timeout
    raise ReadTimeoutError(
urllib3.exceptions.ReadTimeoutError: HTTPConnectionPool(host='localhost', port=58394): Read timed out. (read timeout=30)
2026-05-23 15:57:22 | ERROR | ui_test.pages.login_page | 保存调试截图失败: login_exception_click_other_link
Traceback (most recent call last):
  File "D:\Projects\miniconda3\envs\ui_test\lib\site-packages\urllib3\connectionpool.py", line 534, in _make_request
    response = conn.getresponse()
  File "D:\Projects\miniconda3\envs\ui_test\lib\site-packages\urllib3\connection.py", line 571, in getresponse
    httplib_response = super().getresponse()
  File "D:\Projects\miniconda3\envs\ui_test\lib\http\client.py", line 1395, in getresponse
    response.begin()
  File "D:\Projects\miniconda3\envs\ui_test\lib\http\client.py", line 323, in begin
    version, status, reason = self._read_status()
  File "D:\Projects\miniconda3\envs\ui_test\lib\http\client.py", line 284, in _read_status
    line = str(self.fp.readline(_MAXLINE + 1), "iso-8859-1")
  File "D:\Projects\miniconda3\envs\ui_test\lib\socket.py", line 717, in readinto
    return self._sock.recv_into(b)
TimeoutError: timed out

The above exception was the direct cause of the following exception:

Traceback (most recent call last):
  File "D:\Projects\workspace\test-practice-collection\03_ui_automation\framework\selenium_login_163music\pages\login_page.py", line 239, in login
    self.click_other_link()
  File "D:\Projects\workspace\test-practice-collection\03_ui_automation\framework\selenium_login_163music\pages\login_page.py", line 193, in click_other_link
    self.safe_click_raw(self.OTHER_LINK, step_name="click_other_link")
  File "D:\Projects\workspace\test-practice-collection\03_ui_automation\framework\selenium_login_163music\pages\login_page.py", line 154, in safe_click_raw
    element = self.find_element(locator, timeout=timeout)
  File "D:\Projects\workspace\test-practice-collection\03_ui_automation\framework\selenium_login_163music\pages\base_page.py", line 26, in find_element
    return self._build_wait(timeout).until(EC.visibility_of_element_located(locator))
  File "D:\Projects\miniconda3\envs\ui_test\lib\site-packages\selenium\webdriver\support\wait.py", line 112, in until
    value = method(self._driver)
  File "D:\Projects\miniconda3\envs\ui_test\lib\site-packages\selenium\webdriver\support\expected_conditions.py", line 184, in _predicate
    return _element_if_visible(driver.find_element(*locator))
  File "D:\Projects\miniconda3\envs\ui_test\lib\site-packages\selenium\webdriver\remote\webdriver.py", line 823, in find_element
    return self.execute(Command.FIND_ELEMENT, {"using": by, "value": value})["value"]
  File "D:\Projects\miniconda3\envs\ui_test\lib\site-packages\selenium\webdriver\remote\webdriver.py", line 447, in execute
    response = cast(RemoteConnection, self.command_executor).execute(driver_command, params)
  File "D:\Projects\miniconda3\envs\ui_test\lib\site-packages\selenium\webdriver\remote\remote_connection.py", line 407, in execute
    return self._request(command_info[0], url, body=data)
  File "D:\Projects\miniconda3\envs\ui_test\lib\site-packages\selenium\webdriver\remote\remote_connection.py", line 431, in _request
    response = self._conn.request(method, url, body=body, headers=headers, timeout=self._client_config.timeout)
  File "D:\Projects\miniconda3\envs\ui_test\lib\site-packages\urllib3\_request_methods.py", line 143, in request
    return self.request_encode_body(
  File "D:\Projects\miniconda3\envs\ui_test\lib\site-packages\urllib3\_request_methods.py", line 278, in request_encode_body
    return self.urlopen(method, url, **extra_kw)
  File "D:\Projects\miniconda3\envs\ui_test\lib\site-packages\urllib3\poolmanager.py", line 457, in urlopen
    response = conn.urlopen(method, u.request_uri, **kw)
  File "D:\Projects\miniconda3\envs\ui_test\lib\site-packages\urllib3\connectionpool.py", line 841, in urlopen
    retries = retries.increment(
  File "D:\Projects\miniconda3\envs\ui_test\lib\site-packages\urllib3\util\retry.py", line 490, in increment
    raise reraise(type(error), error, _stacktrace)
  File "D:\Projects\miniconda3\envs\ui_test\lib\site-packages\urllib3\util\util.py", line 39, in reraise
    raise value
  File "D:\Projects\miniconda3\envs\ui_test\lib\site-packages\urllib3\connectionpool.py", line 787, in urlopen
    response = self._make_request(
  File "D:\Projects\miniconda3\envs\ui_test\lib\site-packages\urllib3\connectionpool.py", line 536, in _make_request
    self._raise_timeout(err=e, url=url, timeout_value=read_timeout)
  File "D:\Projects\miniconda3\envs\ui_test\lib\site-packages\urllib3\connectionpool.py", line 367, in _raise_timeout
    raise ReadTimeoutError(
urllib3.exceptions.ReadTimeoutError: HTTPConnectionPool(host='localhost', port=58394): Read timed out. (read timeout=30)

During handling of the above exception, another exception occurred:

Traceback (most recent call last):
  File "D:\Projects\miniconda3\envs\ui_test\lib\site-packages\urllib3\connectionpool.py", line 534, in _make_request
    response = conn.getresponse()
  File "D:\Projects\miniconda3\envs\ui_test\lib\site-packages\urllib3\connection.py", line 571, in getresponse
    httplib_response = super().getresponse()
  File "D:\Projects\miniconda3\envs\ui_test\lib\http\client.py", line 1395, in getresponse
    response.begin()
  File "D:\Projects\miniconda3\envs\ui_test\lib\http\client.py", line 323, in begin
    version, status, reason = self._read_status()
  File "D:\Projects\miniconda3\envs\ui_test\lib\http\client.py", line 284, in _read_status
    line = str(self.fp.readline(_MAXLINE + 1), "iso-8859-1")
  File "D:\Projects\miniconda3\envs\ui_test\lib\socket.py", line 717, in readinto
    return self._sock.recv_into(b)
TimeoutError: timed out

The above exception was the direct cause of the following exception:

Traceback (most recent call last):
  File "D:\Projects\miniconda3\envs\ui_test\lib\site-packages\urllib3\connectionpool.py", line 787, in urlopen
    response = self._make_request(
  File "D:\Projects\miniconda3\envs\ui_test\lib\site-packages\urllib3\connectionpool.py", line 536, in _make_request
    self._raise_timeout(err=e, url=url, timeout_value=read_timeout)
  File "D:\Projects\miniconda3\envs\ui_test\lib\site-packages\urllib3\connectionpool.py", line 367, in _raise_timeout
    raise ReadTimeoutError(
urllib3.exceptions.ReadTimeoutError: HTTPConnectionPool(host='localhost', port=58394): Read timed out. (read timeout=30)

The above exception was the direct cause of the following exception:

Traceback (most recent call last):
  File "D:\Projects\workspace\test-practice-collection\03_ui_automation\framework\selenium_login_163music\pages\login_page.py", line 134, in debug_page_state
    screenshot_path = self.take_screenshot(f"debug_{tag}")
  File "D:\Projects\workspace\test-practice-collection\03_ui_automation\framework\selenium_login_163music\pages\base_page.py", line 66, in take_screenshot
    screenshot_path = save_driver_screenshot(self.driver, name)
  File "D:\Projects\workspace\test-practice-collection\03_ui_automation\framework\selenium_login_163music\utils\log_helper.py", line 68, in save_driver_screenshot
    if driver.save_screenshot(str(screenshot_path)):
  File "D:\Projects\miniconda3\envs\ui_test\lib\site-packages\selenium\webdriver\remote\webdriver.py", line 903, in save_screenshot
    return self.get_screenshot_as_file(filename)
  File "D:\Projects\miniconda3\envs\ui_test\lib\site-packages\selenium\webdriver\remote\webdriver.py", line 880, in get_screenshot_as_file
    png = self.get_screenshot_as_png()
  File "D:\Projects\miniconda3\envs\ui_test\lib\site-packages\selenium\webdriver\remote\webdriver.py", line 911, in get_screenshot_as_png
    return b64decode(self.get_screenshot_as_base64().encode("ascii"))
  File "D:\Projects\miniconda3\envs\ui_test\lib\site-packages\selenium\webdriver\remote\webdriver.py", line 921, in get_screenshot_as_base64
    return self.execute(Command.SCREENSHOT)["value"]
  File "D:\Projects\miniconda3\envs\ui_test\lib\site-packages\selenium\webdriver\remote\webdriver.py", line 447, in execute
    response = cast(RemoteConnection, self.command_executor).execute(driver_command, params)
  File "D:\Projects\miniconda3\envs\ui_test\lib\site-packages\selenium\webdriver\remote\remote_connection.py", line 407, in execute
    return self._request(command_info[0], url, body=data)
  File "D:\Projects\miniconda3\envs\ui_test\lib\site-packages\selenium\webdriver\remote\remote_connection.py", line 431, in _request
    response = self._conn.request(method, url, body=body, headers=headers, timeout=self._client_config.timeout)
  File "D:\Projects\miniconda3\envs\ui_test\lib\site-packages\urllib3\_request_methods.py", line 135, in request
    return self.request_encode_url(
  File "D:\Projects\miniconda3\envs\ui_test\lib\site-packages\urllib3\_request_methods.py", line 182, in request_encode_url
    return self.urlopen(method, url, **extra_kw)
  File "D:\Projects\miniconda3\envs\ui_test\lib\site-packages\urllib3\poolmanager.py", line 457, in urlopen
    response = conn.urlopen(method, u.request_uri, **kw)
  File "D:\Projects\miniconda3\envs\ui_test\lib\site-packages\urllib3\connectionpool.py", line 871, in urlopen
    return self.urlopen(
  File "D:\Projects\miniconda3\envs\ui_test\lib\site-packages\urllib3\connectionpool.py", line 871, in urlopen
    return self.urlopen(
  File "D:\Projects\miniconda3\envs\ui_test\lib\site-packages\urllib3\connectionpool.py", line 871, in urlopen
    return self.urlopen(
  File "D:\Projects\miniconda3\envs\ui_test\lib\site-packages\urllib3\connectionpool.py", line 841, in urlopen
    retries = retries.increment(
  File "D:\Projects\miniconda3\envs\ui_test\lib\site-packages\urllib3\util\retry.py", line 535, in increment
    raise MaxRetryError(_pool, url, reason) from reason  # type: ignore[arg-type]
urllib3.exceptions.MaxRetryError: HTTPConnectionPool(host='localhost', port=58394): Max retries exceeded with url: /session/f83d021d6fcd48e6ee02194cb52b67ab/screenshot (Caused by ReadTimeoutError("HTTPConnectionPool(host='localhost', port=58394): Read timed out. (read timeout=30)"))
2026-05-23 15:57:22 | INFO | ui_test.pages.login_page | 【ERROR】卡在步骤 click_other_link，具体错误: HTTPConnectionPool(host='localhost', port=58394): Read timed out. (read timeout=30)
2026-05-23 15:57:23 | INFO | ui_test.framework.selenium_login_163music.conftest | 用例执行结果: tests/test_163.py::test_login_failure[case1] -> failed
2026-05-23 15:57:23 | ERROR | ui_test.framework.selenium_login_163music.conftest | 用例失败阶段: call -> tests/test_163.py::test_login_failure[case1]
2026-05-23 15:57:23 | ERROR | ui_test.framework.selenium_login_163music.conftest | 失败堆栈:
D:\Projects\miniconda3\envs\ui_test\lib\site-packages\urllib3\connectionpool.py:534: in _make_request
    response = conn.getresponse()
D:\Projects\miniconda3\envs\ui_test\lib\site-packages\urllib3\connection.py:571: in getresponse
    httplib_response = super().getresponse()
D:\Projects\miniconda3\envs\ui_test\lib\http\client.py:1395: in getresponse
    response.begin()
D:\Projects\miniconda3\envs\ui_test\lib\http\client.py:323: in begin
    version, status, reason = self._read_status()
D:\Projects\miniconda3\envs\ui_test\lib\http\client.py:284: in _read_status
    line = str(self.fp.readline(_MAXLINE + 1), "iso-8859-1")
D:\Projects\miniconda3\envs\ui_test\lib\socket.py:717: in readinto
    return self._sock.recv_into(b)
E   TimeoutError: timed out

The above exception was the direct cause of the following exception:
tests\test_163.py:14: in test_login_failure
    login_page.login(case["phone"], case["password"])
pages\login_page.py:239: in login
    self.click_other_link()
pages\login_page.py:193: in click_other_link
    self.safe_click_raw(self.OTHER_LINK, step_name="click_other_link")
pages\login_page.py:154: in safe_click_raw
    element = self.find_element(locator, timeout=timeout)
pages\base_page.py:26: in find_element
    return self._build_wait(timeout).until(EC.visibility_of_element_located(locator))
D:\Projects\miniconda3\envs\ui_test\lib\site-packages\selenium\webdriver\support\wait.py:112: in until
    value = method(self._driver)
D:\Projects\miniconda3\envs\ui_test\lib\site-packages\selenium\webdriver\support\expected_conditions.py:184: in _predicate
    return _element_if_visible(driver.find_element(*locator))
D:\Projects\miniconda3\envs\ui_test\lib\site-packages\selenium\webdriver\remote\webdriver.py:823: in find_element
    return self.execute(Command.FIND_ELEMENT, {"using": by, "value": value})["value"]
D:\Projects\miniconda3\envs\ui_test\lib\site-packages\selenium\webdriver\remote\webdriver.py:447: in execute
    response = cast(RemoteConnection, self.command_executor).execute(driver_command, params)
D:\Projects\miniconda3\envs\ui_test\lib\site-packages\selenium\webdriver\remote\remote_connection.py:407: in execute
    return self._request(command_info[0], url, body=data)
D:\Projects\miniconda3\envs\ui_test\lib\site-packages\selenium\webdriver\remote\remote_connection.py:431: in _request
    response = self._conn.request(method, url, body=body, headers=headers, timeout=self._client_config.timeout)
D:\Projects\miniconda3\envs\ui_test\lib\site-packages\urllib3\_request_methods.py:143: in request
    return self.request_encode_body(
D:\Projects\miniconda3\envs\ui_test\lib\site-packages\urllib3\_request_methods.py:278: in request_encode_body
    return self.urlopen(method, url, **extra_kw)
D:\Projects\miniconda3\envs\ui_test\lib\site-packages\urllib3\poolmanager.py:457: in urlopen
    response = conn.urlopen(method, u.request_uri, **kw)
D:\Projects\miniconda3\envs\ui_test\lib\site-packages\urllib3\connectionpool.py:841: in urlopen
    retries = retries.increment(
D:\Projects\miniconda3\envs\ui_test\lib\site-packages\urllib3\util\retry.py:490: in increment
    raise reraise(type(error), error, _stacktrace)
D:\Projects\miniconda3\envs\ui_test\lib\site-packages\urllib3\util\util.py:39: in reraise
    raise value
D:\Projects\miniconda3\envs\ui_test\lib\site-packages\urllib3\connectionpool.py:787: in urlopen
    response = self._make_request(
D:\Projects\miniconda3\envs\ui_test\lib\site-packages\urllib3\connectionpool.py:536: in _make_request
    self._raise_timeout(err=e, url=url, timeout_value=read_timeout)
D:\Projects\miniconda3\envs\ui_test\lib\site-packages\urllib3\connectionpool.py:367: in _raise_timeout
    raise ReadTimeoutError(
E   urllib3.exceptions.ReadTimeoutError: HTTPConnectionPool(host='localhost', port=58394): Read timed out. (read timeout=30)
2026-05-23 15:57:23 | WARNING | ui_test.framework.selenium_login_163music.conftest | 检测到 driver 已失联，本次失败跳过截图
2026-05-23 15:57:23 | WARNING | ui_test.framework.selenium_login_163music.conftest | 本次跳过 driver.quit()，直接清理 EdgeDriver 进程
2026-05-23 15:57:26 | INFO | ui_test.framework.selenium_login_163music.conftest | EdgeDriver 进程已结束: 21376
2026-05-23 15:57:26 | INFO | ui_test.framework.selenium_login_163music.conftest | 已清理独立浏览器环境: D:\Projects\workspace\test-practice-collection\03_ui_automation\framework\selenium_login_163music\.runtime_profiles\profile_1779522697912
2026-05-23 15:57:26 | INFO | ui_test.framework.selenium_login_163music.conftest | 冷却 5 秒后进入下一个 case
2026-05-23 15:57:31 | INFO | ui_test.framework.selenium_login_163music.conftest | 开始执行用例: tests/test_163.py::test_login_failure[case2]
2026-05-23 15:57:31 | INFO | ui_test.framework.selenium_login_163music.conftest | 准备启动 EdgeDriver: D:\Projects\workspace\test-practice-collection\03_ui_automation\framework\selenium_login_163music\utils\edgedriver_win64\msedgedriver.exe
2026-05-23 15:57:31 | INFO | ui_test.framework.selenium_login_163music.conftest | 创建独立浏览器环境: D:\Projects\workspace\test-practice-collection\03_ui_automation\framework\selenium_login_163music\.runtime_profiles\profile_1779523051139
2026-05-23 15:57:32 | INFO | ui_test.framework.selenium_login_163music.conftest | Edge 会话已创建: 3088201b3ed83042ea9cb83374b1c219
2026-05-23 15:57:35 | INFO | ui_test.pages.login_page | 准备点击步骤: click_login_link, locator=('css selector', '.m-tophead.f-pr.j-tflag a')
2026-05-23 15:57:36 | INFO | ui_test.pages.login_page | 【1】success click_login_link
2026-05-23 15:57:36 | INFO | ui_test.pages.login_page | 等待页面稳定: 2 秒
2026-05-23 15:57:38 | INFO | ui_test.pages.login_page | 开始记录调试信息: after_click_login_link
2026-05-23 15:57:49 | INFO | ui_test.pages.login_page | 页面调试信息[after_click_login_link]: {"agreementLink": null, "bodyHints": {"hasAccountErrorText": false, "hasAgreementText": false, "hasOtherLoginText": true, "hasPasswordLoginText": false, "hasPasswordRequiredText": false, "hasPhoneRegisterText": false, "hasPhoneRequiredText": false, "hasSliderText": false}, "errorTip": null, "loginLink": {"className": "link s-fc3", "display": "block", "height": 17, "id": "", "opacity": "1", "tag": "A", "text": "登录", "visibility": "visible", "width": 28, "x": 1257, "y": 26}, "modalPreview": {"className": "mrc-modal-wrapper mrc-modal-wrapper-center mrc-modal-center", "display": "flex", "height": 732, "id": "", "opacity": "1", "tag": "DIV", "text": "登录 扫码登录 使用 网易云音乐APP 扫码登录 选择其他登录模式 下载客户端，VIP歌曲免费听", "visibility": "visible", "width": 1528, "x": 0, "y": 0}, "otherLink": {"className": "_3xIXD0Q6", "display": "block", "height": 30, "id": "", "opacity": "1", "tag": "A", "text": "选择其他登录模式", "visibility": "visible", "width": 120, "x": 704, "y": 463}, "passwordLink": null, "phoneLink": null, "readyState": "complete", "title": "网易云音乐", "url": "https://music.163.com/"}
2026-05-23 15:57:49 | INFO | ui_test.pages.login_page | 准备点击步骤: click_other_link, locator=('xpath', '//a[contains(text(), "选择其他登录模式")]')
2026-05-23 15:58:19 | INFO | ui_test.pages.login_page | 开始记录调试信息: click_other_link_find_failed
2026-05-23 15:58:49 | ERROR | ui_test.pages.login_page | 记录页面调试信息失败: click_other_link_find_failed
Traceback (most recent call last):
  File "D:\Projects\miniconda3\envs\ui_test\lib\site-packages\urllib3\connectionpool.py", line 534, in _make_request
    response = conn.getresponse()
  File "D:\Projects\miniconda3\envs\ui_test\lib\site-packages\urllib3\connection.py", line 571, in getresponse
    httplib_response = super().getresponse()
  File "D:\Projects\miniconda3\envs\ui_test\lib\http\client.py", line 1395, in getresponse
    response.begin()
  File "D:\Projects\miniconda3\envs\ui_test\lib\http\client.py", line 323, in begin
    version, status, reason = self._read_status()
  File "D:\Projects\miniconda3\envs\ui_test\lib\http\client.py", line 284, in _read_status
    line = str(self.fp.readline(_MAXLINE + 1), "iso-8859-1")
  File "D:\Projects\miniconda3\envs\ui_test\lib\socket.py", line 717, in readinto
    return self._sock.recv_into(b)
TimeoutError: timed out

The above exception was the direct cause of the following exception:

Traceback (most recent call last):
  File "D:\Projects\workspace\test-practice-collection\03_ui_automation\framework\selenium_login_163music\pages\login_page.py", line 154, in safe_click_raw
    element = self.find_element(locator, timeout=timeout)
  File "D:\Projects\workspace\test-practice-collection\03_ui_automation\framework\selenium_login_163music\pages\base_page.py", line 26, in find_element
    return self._build_wait(timeout).until(EC.visibility_of_element_located(locator))
  File "D:\Projects\miniconda3\envs\ui_test\lib\site-packages\selenium\webdriver\support\wait.py", line 112, in until
    value = method(self._driver)
  File "D:\Projects\miniconda3\envs\ui_test\lib\site-packages\selenium\webdriver\support\expected_conditions.py", line 184, in _predicate
    return _element_if_visible(driver.find_element(*locator))
  File "D:\Projects\miniconda3\envs\ui_test\lib\site-packages\selenium\webdriver\remote\webdriver.py", line 823, in find_element
    return self.execute(Command.FIND_ELEMENT, {"using": by, "value": value})["value"]
  File "D:\Projects\miniconda3\envs\ui_test\lib\site-packages\selenium\webdriver\remote\webdriver.py", line 447, in execute
    response = cast(RemoteConnection, self.command_executor).execute(driver_command, params)
  File "D:\Projects\miniconda3\envs\ui_test\lib\site-packages\selenium\webdriver\remote\remote_connection.py", line 407, in execute
    return self._request(command_info[0], url, body=data)
  File "D:\Projects\miniconda3\envs\ui_test\lib\site-packages\selenium\webdriver\remote\remote_connection.py", line 431, in _request
    response = self._conn.request(method, url, body=body, headers=headers, timeout=self._client_config.timeout)
  File "D:\Projects\miniconda3\envs\ui_test\lib\site-packages\urllib3\_request_methods.py", line 143, in request
    return self.request_encode_body(
  File "D:\Projects\miniconda3\envs\ui_test\lib\site-packages\urllib3\_request_methods.py", line 278, in request_encode_body
    return self.urlopen(method, url, **extra_kw)
  File "D:\Projects\miniconda3\envs\ui_test\lib\site-packages\urllib3\poolmanager.py", line 457, in urlopen
    response = conn.urlopen(method, u.request_uri, **kw)
  File "D:\Projects\miniconda3\envs\ui_test\lib\site-packages\urllib3\connectionpool.py", line 841, in urlopen
    retries = retries.increment(
  File "D:\Projects\miniconda3\envs\ui_test\lib\site-packages\urllib3\util\retry.py", line 490, in increment
    raise reraise(type(error), error, _stacktrace)
  File "D:\Projects\miniconda3\envs\ui_test\lib\site-packages\urllib3\util\util.py", line 39, in reraise
    raise value
  File "D:\Projects\miniconda3\envs\ui_test\lib\site-packages\urllib3\connectionpool.py", line 787, in urlopen
    response = self._make_request(
  File "D:\Projects\miniconda3\envs\ui_test\lib\site-packages\urllib3\connectionpool.py", line 536, in _make_request
    self._raise_timeout(err=e, url=url, timeout_value=read_timeout)
  File "D:\Projects\miniconda3\envs\ui_test\lib\site-packages\urllib3\connectionpool.py", line 367, in _raise_timeout
    raise ReadTimeoutError(
urllib3.exceptions.ReadTimeoutError: HTTPConnectionPool(host='localhost', port=58408): Read timed out. (read timeout=30)

During handling of the above exception, another exception occurred:

Traceback (most recent call last):
  File "D:\Projects\miniconda3\envs\ui_test\lib\site-packages\urllib3\connectionpool.py", line 534, in _make_request
    response = conn.getresponse()
  File "D:\Projects\miniconda3\envs\ui_test\lib\site-packages\urllib3\connection.py", line 571, in getresponse
    httplib_response = super().getresponse()
  File "D:\Projects\miniconda3\envs\ui_test\lib\http\client.py", line 1395, in getresponse
    response.begin()
  File "D:\Projects\miniconda3\envs\ui_test\lib\http\client.py", line 323, in begin
    version, status, reason = self._read_status()
  File "D:\Projects\miniconda3\envs\ui_test\lib\http\client.py", line 284, in _read_status
    line = str(self.fp.readline(_MAXLINE + 1), "iso-8859-1")
  File "D:\Projects\miniconda3\envs\ui_test\lib\socket.py", line 717, in readinto
    return self._sock.recv_into(b)
TimeoutError: timed out

The above exception was the direct cause of the following exception:

Traceback (most recent call last):
  File "D:\Projects\workspace\test-practice-collection\03_ui_automation\framework\selenium_login_163music\pages\login_page.py", line 54, in debug_page_state
    state = self.driver.execute_script(
  File "D:\Projects\miniconda3\envs\ui_test\lib\site-packages\selenium\webdriver\remote\webdriver.py", line 536, in execute_script
    return self.execute(command, {"script": script, "args": converted_args})["value"]
  File "D:\Projects\miniconda3\envs\ui_test\lib\site-packages\selenium\webdriver\remote\webdriver.py", line 447, in execute
    response = cast(RemoteConnection, self.command_executor).execute(driver_command, params)
  File "D:\Projects\miniconda3\envs\ui_test\lib\site-packages\selenium\webdriver\remote\remote_connection.py", line 407, in execute
    return self._request(command_info[0], url, body=data)
  File "D:\Projects\miniconda3\envs\ui_test\lib\site-packages\selenium\webdriver\remote\remote_connection.py", line 431, in _request
    response = self._conn.request(method, url, body=body, headers=headers, timeout=self._client_config.timeout)
  File "D:\Projects\miniconda3\envs\ui_test\lib\site-packages\urllib3\_request_methods.py", line 143, in request
    return self.request_encode_body(
  File "D:\Projects\miniconda3\envs\ui_test\lib\site-packages\urllib3\_request_methods.py", line 278, in request_encode_body
    return self.urlopen(method, url, **extra_kw)
  File "D:\Projects\miniconda3\envs\ui_test\lib\site-packages\urllib3\poolmanager.py", line 457, in urlopen
    response = conn.urlopen(method, u.request_uri, **kw)
  File "D:\Projects\miniconda3\envs\ui_test\lib\site-packages\urllib3\connectionpool.py", line 841, in urlopen
    retries = retries.increment(
  File "D:\Projects\miniconda3\envs\ui_test\lib\site-packages\urllib3\util\retry.py", line 490, in increment
    raise reraise(type(error), error, _stacktrace)
  File "D:\Projects\miniconda3\envs\ui_test\lib\site-packages\urllib3\util\util.py", line 39, in reraise
    raise value
  File "D:\Projects\miniconda3\envs\ui_test\lib\site-packages\urllib3\connectionpool.py", line 787, in urlopen
    response = self._make_request(
  File "D:\Projects\miniconda3\envs\ui_test\lib\site-packages\urllib3\connectionpool.py", line 536, in _make_request
    self._raise_timeout(err=e, url=url, timeout_value=read_timeout)
  File "D:\Projects\miniconda3\envs\ui_test\lib\site-packages\urllib3\connectionpool.py", line 367, in _raise_timeout
    raise ReadTimeoutError(
urllib3.exceptions.ReadTimeoutError: HTTPConnectionPool(host='localhost', port=58408): Read timed out. (read timeout=30)
2026-05-23 16:00:49 | ERROR | ui_test.pages.login_page | 保存调试截图失败: click_other_link_find_failed
Traceback (most recent call last):
  File "D:\Projects\miniconda3\envs\ui_test\lib\site-packages\urllib3\connectionpool.py", line 534, in _make_request
    response = conn.getresponse()
  File "D:\Projects\miniconda3\envs\ui_test\lib\site-packages\urllib3\connection.py", line 571, in getresponse
    httplib_response = super().getresponse()
  File "D:\Projects\miniconda3\envs\ui_test\lib\http\client.py", line 1395, in getresponse
    response.begin()
  File "D:\Projects\miniconda3\envs\ui_test\lib\http\client.py", line 323, in begin
    version, status, reason = self._read_status()
  File "D:\Projects\miniconda3\envs\ui_test\lib\http\client.py", line 284, in _read_status
    line = str(self.fp.readline(_MAXLINE + 1), "iso-8859-1")
  File "D:\Projects\miniconda3\envs\ui_test\lib\socket.py", line 717, in readinto
    return self._sock.recv_into(b)
TimeoutError: timed out

The above exception was the direct cause of the following exception:

Traceback (most recent call last):
  File "D:\Projects\workspace\test-practice-collection\03_ui_automation\framework\selenium_login_163music\pages\login_page.py", line 154, in safe_click_raw
    element = self.find_element(locator, timeout=timeout)
  File "D:\Projects\workspace\test-practice-collection\03_ui_automation\framework\selenium_login_163music\pages\base_page.py", line 26, in find_element
    return self._build_wait(timeout).until(EC.visibility_of_element_located(locator))
  File "D:\Projects\miniconda3\envs\ui_test\lib\site-packages\selenium\webdriver\support\wait.py", line 112, in until
    value = method(self._driver)
  File "D:\Projects\miniconda3\envs\ui_test\lib\site-packages\selenium\webdriver\support\expected_conditions.py", line 184, in _predicate
    return _element_if_visible(driver.find_element(*locator))
  File "D:\Projects\miniconda3\envs\ui_test\lib\site-packages\selenium\webdriver\remote\webdriver.py", line 823, in find_element
    return self.execute(Command.FIND_ELEMENT, {"using": by, "value": value})["value"]
  File "D:\Projects\miniconda3\envs\ui_test\lib\site-packages\selenium\webdriver\remote\webdriver.py", line 447, in execute
    response = cast(RemoteConnection, self.command_executor).execute(driver_command, params)
  File "D:\Projects\miniconda3\envs\ui_test\lib\site-packages\selenium\webdriver\remote\remote_connection.py", line 407, in execute
    return self._request(command_info[0], url, body=data)
  File "D:\Projects\miniconda3\envs\ui_test\lib\site-packages\selenium\webdriver\remote\remote_connection.py", line 431, in _request
    response = self._conn.request(method, url, body=body, headers=headers, timeout=self._client_config.timeout)
  File "D:\Projects\miniconda3\envs\ui_test\lib\site-packages\urllib3\_request_methods.py", line 143, in request
    return self.request_encode_body(
  File "D:\Projects\miniconda3\envs\ui_test\lib\site-packages\urllib3\_request_methods.py", line 278, in request_encode_body
    return self.urlopen(method, url, **extra_kw)
  File "D:\Projects\miniconda3\envs\ui_test\lib\site-packages\urllib3\poolmanager.py", line 457, in urlopen
    response = conn.urlopen(method, u.request_uri, **kw)
  File "D:\Projects\miniconda3\envs\ui_test\lib\site-packages\urllib3\connectionpool.py", line 841, in urlopen
    retries = retries.increment(
  File "D:\Projects\miniconda3\envs\ui_test\lib\site-packages\urllib3\util\retry.py", line 490, in increment
    raise reraise(type(error), error, _stacktrace)
  File "D:\Projects\miniconda3\envs\ui_test\lib\site-packages\urllib3\util\util.py", line 39, in reraise
    raise value
  File "D:\Projects\miniconda3\envs\ui_test\lib\site-packages\urllib3\connectionpool.py", line 787, in urlopen
    response = self._make_request(
  File "D:\Projects\miniconda3\envs\ui_test\lib\site-packages\urllib3\connectionpool.py", line 536, in _make_request
    self._raise_timeout(err=e, url=url, timeout_value=read_timeout)
  File "D:\Projects\miniconda3\envs\ui_test\lib\site-packages\urllib3\connectionpool.py", line 367, in _raise_timeout
    raise ReadTimeoutError(
urllib3.exceptions.ReadTimeoutError: HTTPConnectionPool(host='localhost', port=58408): Read timed out. (read timeout=30)

During handling of the above exception, another exception occurred:

Traceback (most recent call last):
  File "D:\Projects\miniconda3\envs\ui_test\lib\site-packages\urllib3\connectionpool.py", line 534, in _make_request
    response = conn.getresponse()
  File "D:\Projects\miniconda3\envs\ui_test\lib\site-packages\urllib3\connection.py", line 571, in getresponse
    httplib_response = super().getresponse()
  File "D:\Projects\miniconda3\envs\ui_test\lib\http\client.py", line 1395, in getresponse
    response.begin()
  File "D:\Projects\miniconda3\envs\ui_test\lib\http\client.py", line 323, in begin
    version, status, reason = self._read_status()
  File "D:\Projects\miniconda3\envs\ui_test\lib\http\client.py", line 284, in _read_status
    line = str(self.fp.readline(_MAXLINE + 1), "iso-8859-1")
  File "D:\Projects\miniconda3\envs\ui_test\lib\socket.py", line 717, in readinto
    return self._sock.recv_into(b)
TimeoutError: timed out

The above exception was the direct cause of the following exception:

Traceback (most recent call last):
  File "D:\Projects\miniconda3\envs\ui_test\lib\site-packages\urllib3\connectionpool.py", line 787, in urlopen
    response = self._make_request(
  File "D:\Projects\miniconda3\envs\ui_test\lib\site-packages\urllib3\connectionpool.py", line 536, in _make_request
    self._raise_timeout(err=e, url=url, timeout_value=read_timeout)
  File "D:\Projects\miniconda3\envs\ui_test\lib\site-packages\urllib3\connectionpool.py", line 367, in _raise_timeout
    raise ReadTimeoutError(
urllib3.exceptions.ReadTimeoutError: HTTPConnectionPool(host='localhost', port=58408): Read timed out. (read timeout=30)

The above exception was the direct cause of the following exception:

Traceback (most recent call last):
  File "D:\Projects\workspace\test-practice-collection\03_ui_automation\framework\selenium_login_163music\pages\login_page.py", line 134, in debug_page_state
    screenshot_path = self.take_screenshot(f"debug_{tag}")
  File "D:\Projects\workspace\test-practice-collection\03_ui_automation\framework\selenium_login_163music\pages\base_page.py", line 66, in take_screenshot
    screenshot_path = save_driver_screenshot(self.driver, name)
  File "D:\Projects\workspace\test-practice-collection\03_ui_automation\framework\selenium_login_163music\utils\log_helper.py", line 68, in save_driver_screenshot
    if driver.save_screenshot(str(screenshot_path)):
  File "D:\Projects\miniconda3\envs\ui_test\lib\site-packages\selenium\webdriver\remote\webdriver.py", line 903, in save_screenshot
    return self.get_screenshot_as_file(filename)
  File "D:\Projects\miniconda3\envs\ui_test\lib\site-packages\selenium\webdriver\remote\webdriver.py", line 880, in get_screenshot_as_file
    png = self.get_screenshot_as_png()
  File "D:\Projects\miniconda3\envs\ui_test\lib\site-packages\selenium\webdriver\remote\webdriver.py", line 911, in get_screenshot_as_png
    return b64decode(self.get_screenshot_as_base64().encode("ascii"))
  File "D:\Projects\miniconda3\envs\ui_test\lib\site-packages\selenium\webdriver\remote\webdriver.py", line 921, in get_screenshot_as_base64
    return self.execute(Command.SCREENSHOT)["value"]
  File "D:\Projects\miniconda3\envs\ui_test\lib\site-packages\selenium\webdriver\remote\webdriver.py", line 447, in execute
    response = cast(RemoteConnection, self.command_executor).execute(driver_command, params)
  File "D:\Projects\miniconda3\envs\ui_test\lib\site-packages\selenium\webdriver\remote\remote_connection.py", line 407, in execute
    return self._request(command_info[0], url, body=data)
  File "D:\Projects\miniconda3\envs\ui_test\lib\site-packages\selenium\webdriver\remote\remote_connection.py", line 431, in _request
    response = self._conn.request(method, url, body=body, headers=headers, timeout=self._client_config.timeout)
  File "D:\Projects\miniconda3\envs\ui_test\lib\site-packages\urllib3\_request_methods.py", line 135, in request
    return self.request_encode_url(
  File "D:\Projects\miniconda3\envs\ui_test\lib\site-packages\urllib3\_request_methods.py", line 182, in request_encode_url
    return self.urlopen(method, url, **extra_kw)
  File "D:\Projects\miniconda3\envs\ui_test\lib\site-packages\urllib3\poolmanager.py", line 457, in urlopen
    response = conn.urlopen(method, u.request_uri, **kw)
  File "D:\Projects\miniconda3\envs\ui_test\lib\site-packages\urllib3\connectionpool.py", line 871, in urlopen
    return self.urlopen(
  File "D:\Projects\miniconda3\envs\ui_test\lib\site-packages\urllib3\connectionpool.py", line 871, in urlopen
    return self.urlopen(
  File "D:\Projects\miniconda3\envs\ui_test\lib\site-packages\urllib3\connectionpool.py", line 871, in urlopen
    return self.urlopen(
  File "D:\Projects\miniconda3\envs\ui_test\lib\site-packages\urllib3\connectionpool.py", line 841, in urlopen
    retries = retries.increment(
  File "D:\Projects\miniconda3\envs\ui_test\lib\site-packages\urllib3\util\retry.py", line 535, in increment
    raise MaxRetryError(_pool, url, reason) from reason  # type: ignore[arg-type]
urllib3.exceptions.MaxRetryError: HTTPConnectionPool(host='localhost', port=58408): Max retries exceeded with url: /session/3088201b3ed83042ea9cb83374b1c219/screenshot (Caused by ReadTimeoutError("HTTPConnectionPool(host='localhost', port=58408): Read timed out. (read timeout=30)"))
2026-05-23 16:00:49 | ERROR | ui_test.pages.login_page | 登录流程执行失败，失败步骤: click_other_link
Traceback (most recent call last):
  File "D:\Projects\miniconda3\envs\ui_test\lib\site-packages\urllib3\connectionpool.py", line 534, in _make_request
    response = conn.getresponse()
  File "D:\Projects\miniconda3\envs\ui_test\lib\site-packages\urllib3\connection.py", line 571, in getresponse
    httplib_response = super().getresponse()
  File "D:\Projects\miniconda3\envs\ui_test\lib\http\client.py", line 1395, in getresponse
    response.begin()
  File "D:\Projects\miniconda3\envs\ui_test\lib\http\client.py", line 323, in begin
    version, status, reason = self._read_status()
  File "D:\Projects\miniconda3\envs\ui_test\lib\http\client.py", line 284, in _read_status
    line = str(self.fp.readline(_MAXLINE + 1), "iso-8859-1")
  File "D:\Projects\miniconda3\envs\ui_test\lib\socket.py", line 717, in readinto
    return self._sock.recv_into(b)
TimeoutError: timed out

The above exception was the direct cause of the following exception:

Traceback (most recent call last):
  File "D:\Projects\workspace\test-practice-collection\03_ui_automation\framework\selenium_login_163music\pages\login_page.py", line 239, in login
    self.click_other_link()
  File "D:\Projects\workspace\test-practice-collection\03_ui_automation\framework\selenium_login_163music\pages\login_page.py", line 193, in click_other_link
    self.safe_click_raw(self.OTHER_LINK, step_name="click_other_link")
  File "D:\Projects\workspace\test-practice-collection\03_ui_automation\framework\selenium_login_163music\pages\login_page.py", line 154, in safe_click_raw
    element = self.find_element(locator, timeout=timeout)
  File "D:\Projects\workspace\test-practice-collection\03_ui_automation\framework\selenium_login_163music\pages\base_page.py", line 26, in find_element
    return self._build_wait(timeout).until(EC.visibility_of_element_located(locator))
  File "D:\Projects\miniconda3\envs\ui_test\lib\site-packages\selenium\webdriver\support\wait.py", line 112, in until
    value = method(self._driver)
  File "D:\Projects\miniconda3\envs\ui_test\lib\site-packages\selenium\webdriver\support\expected_conditions.py", line 184, in _predicate
    return _element_if_visible(driver.find_element(*locator))
  File "D:\Projects\miniconda3\envs\ui_test\lib\site-packages\selenium\webdriver\remote\webdriver.py", line 823, in find_element
    return self.execute(Command.FIND_ELEMENT, {"using": by, "value": value})["value"]
  File "D:\Projects\miniconda3\envs\ui_test\lib\site-packages\selenium\webdriver\remote\webdriver.py", line 447, in execute
    response = cast(RemoteConnection, self.command_executor).execute(driver_command, params)
  File "D:\Projects\miniconda3\envs\ui_test\lib\site-packages\selenium\webdriver\remote\remote_connection.py", line 407, in execute
    return self._request(command_info[0], url, body=data)
  File "D:\Projects\miniconda3\envs\ui_test\lib\site-packages\selenium\webdriver\remote\remote_connection.py", line 431, in _request
    response = self._conn.request(method, url, body=body, headers=headers, timeout=self._client_config.timeout)
  File "D:\Projects\miniconda3\envs\ui_test\lib\site-packages\urllib3\_request_methods.py", line 143, in request
    return self.request_encode_body(
  File "D:\Projects\miniconda3\envs\ui_test\lib\site-packages\urllib3\_request_methods.py", line 278, in request_encode_body
    return self.urlopen(method, url, **extra_kw)
  File "D:\Projects\miniconda3\envs\ui_test\lib\site-packages\urllib3\poolmanager.py", line 457, in urlopen
    response = conn.urlopen(method, u.request_uri, **kw)
  File "D:\Projects\miniconda3\envs\ui_test\lib\site-packages\urllib3\connectionpool.py", line 841, in urlopen
    retries = retries.increment(
  File "D:\Projects\miniconda3\envs\ui_test\lib\site-packages\urllib3\util\retry.py", line 490, in increment
    raise reraise(type(error), error, _stacktrace)
  File "D:\Projects\miniconda3\envs\ui_test\lib\site-packages\urllib3\util\util.py", line 39, in reraise
    raise value
  File "D:\Projects\miniconda3\envs\ui_test\lib\site-packages\urllib3\connectionpool.py", line 787, in urlopen
    response = self._make_request(
  File "D:\Projects\miniconda3\envs\ui_test\lib\site-packages\urllib3\connectionpool.py", line 536, in _make_request
    self._raise_timeout(err=e, url=url, timeout_value=read_timeout)
  File "D:\Projects\miniconda3\envs\ui_test\lib\site-packages\urllib3\connectionpool.py", line 367, in _raise_timeout
    raise ReadTimeoutError(
urllib3.exceptions.ReadTimeoutError: HTTPConnectionPool(host='localhost', port=58408): Read timed out. (read timeout=30)
2026-05-23 16:00:49 | INFO | ui_test.pages.login_page | 开始记录调试信息: login_exception_click_other_link
2026-05-23 16:01:19 | ERROR | ui_test.pages.login_page | 记录页面调试信息失败: login_exception_click_other_link
Traceback (most recent call last):
  File "D:\Projects\miniconda3\envs\ui_test\lib\site-packages\urllib3\connectionpool.py", line 534, in _make_request
    response = conn.getresponse()
  File "D:\Projects\miniconda3\envs\ui_test\lib\site-packages\urllib3\connection.py", line 571, in getresponse
    httplib_response = super().getresponse()
  File "D:\Projects\miniconda3\envs\ui_test\lib\http\client.py", line 1395, in getresponse
    response.begin()
  File "D:\Projects\miniconda3\envs\ui_test\lib\http\client.py", line 323, in begin
    version, status, reason = self._read_status()
  File "D:\Projects\miniconda3\envs\ui_test\lib\http\client.py", line 284, in _read_status
    line = str(self.fp.readline(_MAXLINE + 1), "iso-8859-1")
  File "D:\Projects\miniconda3\envs\ui_test\lib\socket.py", line 717, in readinto
    return self._sock.recv_into(b)
TimeoutError: timed out

The above exception was the direct cause of the following exception:

Traceback (most recent call last):
  File "D:\Projects\workspace\test-practice-collection\03_ui_automation\framework\selenium_login_163music\pages\login_page.py", line 239, in login
    self.click_other_link()
  File "D:\Projects\workspace\test-practice-collection\03_ui_automation\framework\selenium_login_163music\pages\login_page.py", line 193, in click_other_link
    self.safe_click_raw(self.OTHER_LINK, step_name="click_other_link")
  File "D:\Projects\workspace\test-practice-collection\03_ui_automation\framework\selenium_login_163music\pages\login_page.py", line 154, in safe_click_raw
    element = self.find_element(locator, timeout=timeout)
  File "D:\Projects\workspace\test-practice-collection\03_ui_automation\framework\selenium_login_163music\pages\base_page.py", line 26, in find_element
    return self._build_wait(timeout).until(EC.visibility_of_element_located(locator))
  File "D:\Projects\miniconda3\envs\ui_test\lib\site-packages\selenium\webdriver\support\wait.py", line 112, in until
    value = method(self._driver)
  File "D:\Projects\miniconda3\envs\ui_test\lib\site-packages\selenium\webdriver\support\expected_conditions.py", line 184, in _predicate
    return _element_if_visible(driver.find_element(*locator))
  File "D:\Projects\miniconda3\envs\ui_test\lib\site-packages\selenium\webdriver\remote\webdriver.py", line 823, in find_element
    return self.execute(Command.FIND_ELEMENT, {"using": by, "value": value})["value"]
  File "D:\Projects\miniconda3\envs\ui_test\lib\site-packages\selenium\webdriver\remote\webdriver.py", line 447, in execute
    response = cast(RemoteConnection, self.command_executor).execute(driver_command, params)
  File "D:\Projects\miniconda3\envs\ui_test\lib\site-packages\selenium\webdriver\remote\remote_connection.py", line 407, in execute
    return self._request(command_info[0], url, body=data)
  File "D:\Projects\miniconda3\envs\ui_test\lib\site-packages\selenium\webdriver\remote\remote_connection.py", line 431, in _request
    response = self._conn.request(method, url, body=body, headers=headers, timeout=self._client_config.timeout)
  File "D:\Projects\miniconda3\envs\ui_test\lib\site-packages\urllib3\_request_methods.py", line 143, in request
    return self.request_encode_body(
  File "D:\Projects\miniconda3\envs\ui_test\lib\site-packages\urllib3\_request_methods.py", line 278, in request_encode_body
    return self.urlopen(method, url, **extra_kw)
  File "D:\Projects\miniconda3\envs\ui_test\lib\site-packages\urllib3\poolmanager.py", line 457, in urlopen
    response = conn.urlopen(method, u.request_uri, **kw)
  File "D:\Projects\miniconda3\envs\ui_test\lib\site-packages\urllib3\connectionpool.py", line 841, in urlopen
    retries = retries.increment(
  File "D:\Projects\miniconda3\envs\ui_test\lib\site-packages\urllib3\util\retry.py", line 490, in increment
    raise reraise(type(error), error, _stacktrace)
  File "D:\Projects\miniconda3\envs\ui_test\lib\site-packages\urllib3\util\util.py", line 39, in reraise
    raise value
  File "D:\Projects\miniconda3\envs\ui_test\lib\site-packages\urllib3\connectionpool.py", line 787, in urlopen
    response = self._make_request(
  File "D:\Projects\miniconda3\envs\ui_test\lib\site-packages\urllib3\connectionpool.py", line 536, in _make_request
    self._raise_timeout(err=e, url=url, timeout_value=read_timeout)
  File "D:\Projects\miniconda3\envs\ui_test\lib\site-packages\urllib3\connectionpool.py", line 367, in _raise_timeout
    raise ReadTimeoutError(
urllib3.exceptions.ReadTimeoutError: HTTPConnectionPool(host='localhost', port=58408): Read timed out. (read timeout=30)

During handling of the above exception, another exception occurred:

Traceback (most recent call last):
  File "D:\Projects\miniconda3\envs\ui_test\lib\site-packages\urllib3\connectionpool.py", line 534, in _make_request
    response = conn.getresponse()
  File "D:\Projects\miniconda3\envs\ui_test\lib\site-packages\urllib3\connection.py", line 571, in getresponse
    httplib_response = super().getresponse()
  File "D:\Projects\miniconda3\envs\ui_test\lib\http\client.py", line 1395, in getresponse
    response.begin()
  File "D:\Projects\miniconda3\envs\ui_test\lib\http\client.py", line 323, in begin
    version, status, reason = self._read_status()
  File "D:\Projects\miniconda3\envs\ui_test\lib\http\client.py", line 284, in _read_status
    line = str(self.fp.readline(_MAXLINE + 1), "iso-8859-1")
  File "D:\Projects\miniconda3\envs\ui_test\lib\socket.py", line 717, in readinto
    return self._sock.recv_into(b)
TimeoutError: timed out

The above exception was the direct cause of the following exception:

Traceback (most recent call last):
  File "D:\Projects\workspace\test-practice-collection\03_ui_automation\framework\selenium_login_163music\pages\login_page.py", line 54, in debug_page_state
    state = self.driver.execute_script(
  File "D:\Projects\miniconda3\envs\ui_test\lib\site-packages\selenium\webdriver\remote\webdriver.py", line 536, in execute_script
    return self.execute(command, {"script": script, "args": converted_args})["value"]
  File "D:\Projects\miniconda3\envs\ui_test\lib\site-packages\selenium\webdriver\remote\webdriver.py", line 447, in execute
    response = cast(RemoteConnection, self.command_executor).execute(driver_command, params)
  File "D:\Projects\miniconda3\envs\ui_test\lib\site-packages\selenium\webdriver\remote\remote_connection.py", line 407, in execute
    return self._request(command_info[0], url, body=data)
  File "D:\Projects\miniconda3\envs\ui_test\lib\site-packages\selenium\webdriver\remote\remote_connection.py", line 431, in _request
    response = self._conn.request(method, url, body=body, headers=headers, timeout=self._client_config.timeout)
  File "D:\Projects\miniconda3\envs\ui_test\lib\site-packages\urllib3\_request_methods.py", line 143, in request
    return self.request_encode_body(
  File "D:\Projects\miniconda3\envs\ui_test\lib\site-packages\urllib3\_request_methods.py", line 278, in request_encode_body
    return self.urlopen(method, url, **extra_kw)
  File "D:\Projects\miniconda3\envs\ui_test\lib\site-packages\urllib3\poolmanager.py", line 457, in urlopen
    response = conn.urlopen(method, u.request_uri, **kw)
  File "D:\Projects\miniconda3\envs\ui_test\lib\site-packages\urllib3\connectionpool.py", line 841, in urlopen
    retries = retries.increment(
  File "D:\Projects\miniconda3\envs\ui_test\lib\site-packages\urllib3\util\retry.py", line 490, in increment
    raise reraise(type(error), error, _stacktrace)
  File "D:\Projects\miniconda3\envs\ui_test\lib\site-packages\urllib3\util\util.py", line 39, in reraise
    raise value
  File "D:\Projects\miniconda3\envs\ui_test\lib\site-packages\urllib3\connectionpool.py", line 787, in urlopen
    response = self._make_request(
  File "D:\Projects\miniconda3\envs\ui_test\lib\site-packages\urllib3\connectionpool.py", line 536, in _make_request
    self._raise_timeout(err=e, url=url, timeout_value=read_timeout)
  File "D:\Projects\miniconda3\envs\ui_test\lib\site-packages\urllib3\connectionpool.py", line 367, in _raise_timeout
    raise ReadTimeoutError(
urllib3.exceptions.ReadTimeoutError: HTTPConnectionPool(host='localhost', port=58408): Read timed out. (read timeout=30)
2026-05-23 16:03:19 | ERROR | ui_test.pages.login_page | 保存调试截图失败: login_exception_click_other_link
Traceback (most recent call last):
  File "D:\Projects\miniconda3\envs\ui_test\lib\site-packages\urllib3\connectionpool.py", line 534, in _make_request
    response = conn.getresponse()
  File "D:\Projects\miniconda3\envs\ui_test\lib\site-packages\urllib3\connection.py", line 571, in getresponse
    httplib_response = super().getresponse()
  File "D:\Projects\miniconda3\envs\ui_test\lib\http\client.py", line 1395, in getresponse
    response.begin()
  File "D:\Projects\miniconda3\envs\ui_test\lib\http\client.py", line 323, in begin
    version, status, reason = self._read_status()
  File "D:\Projects\miniconda3\envs\ui_test\lib\http\client.py", line 284, in _read_status
    line = str(self.fp.readline(_MAXLINE + 1), "iso-8859-1")
  File "D:\Projects\miniconda3\envs\ui_test\lib\socket.py", line 717, in readinto
    return self._sock.recv_into(b)
TimeoutError: timed out

The above exception was the direct cause of the following exception:

Traceback (most recent call last):
  File "D:\Projects\workspace\test-practice-collection\03_ui_automation\framework\selenium_login_163music\pages\login_page.py", line 239, in login
    self.click_other_link()
  File "D:\Projects\workspace\test-practice-collection\03_ui_automation\framework\selenium_login_163music\pages\login_page.py", line 193, in click_other_link
    self.safe_click_raw(self.OTHER_LINK, step_name="click_other_link")
  File "D:\Projects\workspace\test-practice-collection\03_ui_automation\framework\selenium_login_163music\pages\login_page.py", line 154, in safe_click_raw
    element = self.find_element(locator, timeout=timeout)
  File "D:\Projects\workspace\test-practice-collection\03_ui_automation\framework\selenium_login_163music\pages\base_page.py", line 26, in find_element
    return self._build_wait(timeout).until(EC.visibility_of_element_located(locator))
  File "D:\Projects\miniconda3\envs\ui_test\lib\site-packages\selenium\webdriver\support\wait.py", line 112, in until
    value = method(self._driver)
  File "D:\Projects\miniconda3\envs\ui_test\lib\site-packages\selenium\webdriver\support\expected_conditions.py", line 184, in _predicate
    return _element_if_visible(driver.find_element(*locator))
  File "D:\Projects\miniconda3\envs\ui_test\lib\site-packages\selenium\webdriver\remote\webdriver.py", line 823, in find_element
    return self.execute(Command.FIND_ELEMENT, {"using": by, "value": value})["value"]
  File "D:\Projects\miniconda3\envs\ui_test\lib\site-packages\selenium\webdriver\remote\webdriver.py", line 447, in execute
    response = cast(RemoteConnection, self.command_executor).execute(driver_command, params)
  File "D:\Projects\miniconda3\envs\ui_test\lib\site-packages\selenium\webdriver\remote\remote_connection.py", line 407, in execute
    return self._request(command_info[0], url, body=data)
  File "D:\Projects\miniconda3\envs\ui_test\lib\site-packages\selenium\webdriver\remote\remote_connection.py", line 431, in _request
    response = self._conn.request(method, url, body=body, headers=headers, timeout=self._client_config.timeout)
  File "D:\Projects\miniconda3\envs\ui_test\lib\site-packages\urllib3\_request_methods.py", line 143, in request
    return self.request_encode_body(
  File "D:\Projects\miniconda3\envs\ui_test\lib\site-packages\urllib3\_request_methods.py", line 278, in request_encode_body
    return self.urlopen(method, url, **extra_kw)
  File "D:\Projects\miniconda3\envs\ui_test\lib\site-packages\urllib3\poolmanager.py", line 457, in urlopen
    response = conn.urlopen(method, u.request_uri, **kw)
  File "D:\Projects\miniconda3\envs\ui_test\lib\site-packages\urllib3\connectionpool.py", line 841, in urlopen
    retries = retries.increment(
  File "D:\Projects\miniconda3\envs\ui_test\lib\site-packages\urllib3\util\retry.py", line 490, in increment
    raise reraise(type(error), error, _stacktrace)
  File "D:\Projects\miniconda3\envs\ui_test\lib\site-packages\urllib3\util\util.py", line 39, in reraise
    raise value
  File "D:\Projects\miniconda3\envs\ui_test\lib\site-packages\urllib3\connectionpool.py", line 787, in urlopen
    response = self._make_request(
  File "D:\Projects\miniconda3\envs\ui_test\lib\site-packages\urllib3\connectionpool.py", line 536, in _make_request
    self._raise_timeout(err=e, url=url, timeout_value=read_timeout)
  File "D:\Projects\miniconda3\envs\ui_test\lib\site-packages\urllib3\connectionpool.py", line 367, in _raise_timeout
    raise ReadTimeoutError(
urllib3.exceptions.ReadTimeoutError: HTTPConnectionPool(host='localhost', port=58408): Read timed out. (read timeout=30)

During handling of the above exception, another exception occurred:

Traceback (most recent call last):
  File "D:\Projects\miniconda3\envs\ui_test\lib\site-packages\urllib3\connectionpool.py", line 534, in _make_request
    response = conn.getresponse()
  File "D:\Projects\miniconda3\envs\ui_test\lib\site-packages\urllib3\connection.py", line 571, in getresponse
    httplib_response = super().getresponse()
  File "D:\Projects\miniconda3\envs\ui_test\lib\http\client.py", line 1395, in getresponse
    response.begin()
  File "D:\Projects\miniconda3\envs\ui_test\lib\http\client.py", line 323, in begin
    version, status, reason = self._read_status()
  File "D:\Projects\miniconda3\envs\ui_test\lib\http\client.py", line 284, in _read_status
    line = str(self.fp.readline(_MAXLINE + 1), "iso-8859-1")
  File "D:\Projects\miniconda3\envs\ui_test\lib\socket.py", line 717, in readinto
    return self._sock.recv_into(b)
TimeoutError: timed out

The above exception was the direct cause of the following exception:

Traceback (most recent call last):
  File "D:\Projects\miniconda3\envs\ui_test\lib\site-packages\urllib3\connectionpool.py", line 787, in urlopen
    response = self._make_request(
  File "D:\Projects\miniconda3\envs\ui_test\lib\site-packages\urllib3\connectionpool.py", line 536, in _make_request
    self._raise_timeout(err=e, url=url, timeout_value=read_timeout)
  File "D:\Projects\miniconda3\envs\ui_test\lib\site-packages\urllib3\connectionpool.py", line 367, in _raise_timeout
    raise ReadTimeoutError(
urllib3.exceptions.ReadTimeoutError: HTTPConnectionPool(host='localhost', port=58408): Read timed out. (read timeout=30)

The above exception was the direct cause of the following exception:

Traceback (most recent call last):
  File "D:\Projects\workspace\test-practice-collection\03_ui_automation\framework\selenium_login_163music\pages\login_page.py", line 134, in debug_page_state
    screenshot_path = self.take_screenshot(f"debug_{tag}")
  File "D:\Projects\workspace\test-practice-collection\03_ui_automation\framework\selenium_login_163music\pages\base_page.py", line 66, in take_screenshot
    screenshot_path = save_driver_screenshot(self.driver, name)
  File "D:\Projects\workspace\test-practice-collection\03_ui_automation\framework\selenium_login_163music\utils\log_helper.py", line 68, in save_driver_screenshot
    if driver.save_screenshot(str(screenshot_path)):
  File "D:\Projects\miniconda3\envs\ui_test\lib\site-packages\selenium\webdriver\remote\webdriver.py", line 903, in save_screenshot
    return self.get_screenshot_as_file(filename)
  File "D:\Projects\miniconda3\envs\ui_test\lib\site-packages\selenium\webdriver\remote\webdriver.py", line 880, in get_screenshot_as_file
    png = self.get_screenshot_as_png()
  File "D:\Projects\miniconda3\envs\ui_test\lib\site-packages\selenium\webdriver\remote\webdriver.py", line 911, in get_screenshot_as_png
    return b64decode(self.get_screenshot_as_base64().encode("ascii"))
  File "D:\Projects\miniconda3\envs\ui_test\lib\site-packages\selenium\webdriver\remote\webdriver.py", line 921, in get_screenshot_as_base64
    return self.execute(Command.SCREENSHOT)["value"]
  File "D:\Projects\miniconda3\envs\ui_test\lib\site-packages\selenium\webdriver\remote\webdriver.py", line 447, in execute
    response = cast(RemoteConnection, self.command_executor).execute(driver_command, params)
  File "D:\Projects\miniconda3\envs\ui_test\lib\site-packages\selenium\webdriver\remote\remote_connection.py", line 407, in execute
    return self._request(command_info[0], url, body=data)
  File "D:\Projects\miniconda3\envs\ui_test\lib\site-packages\selenium\webdriver\remote\remote_connection.py", line 431, in _request
    response = self._conn.request(method, url, body=body, headers=headers, timeout=self._client_config.timeout)
  File "D:\Projects\miniconda3\envs\ui_test\lib\site-packages\urllib3\_request_methods.py", line 135, in request
    return self.request_encode_url(
  File "D:\Projects\miniconda3\envs\ui_test\lib\site-packages\urllib3\_request_methods.py", line 182, in request_encode_url
    return self.urlopen(method, url, **extra_kw)
  File "D:\Projects\miniconda3\envs\ui_test\lib\site-packages\urllib3\poolmanager.py", line 457, in urlopen
    response = conn.urlopen(method, u.request_uri, **kw)
  File "D:\Projects\miniconda3\envs\ui_test\lib\site-packages\urllib3\connectionpool.py", line 871, in urlopen
    return self.urlopen(
  File "D:\Projects\miniconda3\envs\ui_test\lib\site-packages\urllib3\connectionpool.py", line 871, in urlopen
    return self.urlopen(
  File "D:\Projects\miniconda3\envs\ui_test\lib\site-packages\urllib3\connectionpool.py", line 871, in urlopen
    return self.urlopen(
  File "D:\Projects\miniconda3\envs\ui_test\lib\site-packages\urllib3\connectionpool.py", line 841, in urlopen
    retries = retries.increment(
  File "D:\Projects\miniconda3\envs\ui_test\lib\site-packages\urllib3\util\retry.py", line 535, in increment
    raise MaxRetryError(_pool, url, reason) from reason  # type: ignore[arg-type]
urllib3.exceptions.MaxRetryError: HTTPConnectionPool(host='localhost', port=58408): Max retries exceeded with url: /session/3088201b3ed83042ea9cb83374b1c219/screenshot (Caused by ReadTimeoutError("HTTPConnectionPool(host='localhost', port=58408): Read timed out. (read timeout=30)"))
2026-05-23 16:03:19 | INFO | ui_test.pages.login_page | 【ERROR】卡在步骤 click_other_link，具体错误: HTTPConnectionPool(host='localhost', port=58408): Read timed out. (read timeout=30)
2026-05-23 16:03:19 | INFO | ui_test.framework.selenium_login_163music.conftest | 用例执行结果: tests/test_163.py::test_login_failure[case2] -> failed
2026-05-23 16:03:19 | ERROR | ui_test.framework.selenium_login_163music.conftest | 用例失败阶段: call -> tests/test_163.py::test_login_failure[case2]
2026-05-23 16:03:19 | ERROR | ui_test.framework.selenium_login_163music.conftest | 失败堆栈:
D:\Projects\miniconda3\envs\ui_test\lib\site-packages\urllib3\connectionpool.py:534: in _make_request
    response = conn.getresponse()
D:\Projects\miniconda3\envs\ui_test\lib\site-packages\urllib3\connection.py:571: in getresponse
    httplib_response = super().getresponse()
D:\Projects\miniconda3\envs\ui_test\lib\http\client.py:1395: in getresponse
    response.begin()
D:\Projects\miniconda3\envs\ui_test\lib\http\client.py:323: in begin
    version, status, reason = self._read_status()
D:\Projects\miniconda3\envs\ui_test\lib\http\client.py:284: in _read_status
    line = str(self.fp.readline(_MAXLINE + 1), "iso-8859-1")
D:\Projects\miniconda3\envs\ui_test\lib\socket.py:717: in readinto
    return self._sock.recv_into(b)
E   TimeoutError: timed out

The above exception was the direct cause of the following exception:
tests\test_163.py:14: in test_login_failure
    login_page.login(case["phone"], case["password"])
pages\login_page.py:239: in login
    self.click_other_link()
pages\login_page.py:193: in click_other_link
    self.safe_click_raw(self.OTHER_LINK, step_name="click_other_link")
pages\login_page.py:154: in safe_click_raw
    element = self.find_element(locator, timeout=timeout)
pages\base_page.py:26: in find_element
    return self._build_wait(timeout).until(EC.visibility_of_element_located(locator))
D:\Projects\miniconda3\envs\ui_test\lib\site-packages\selenium\webdriver\support\wait.py:112: in until
    value = method(self._driver)
D:\Projects\miniconda3\envs\ui_test\lib\site-packages\selenium\webdriver\support\expected_conditions.py:184: in _predicate
    return _element_if_visible(driver.find_element(*locator))
D:\Projects\miniconda3\envs\ui_test\lib\site-packages\selenium\webdriver\remote\webdriver.py:823: in find_element
    return self.execute(Command.FIND_ELEMENT, {"using": by, "value": value})["value"]
D:\Projects\miniconda3\envs\ui_test\lib\site-packages\selenium\webdriver\remote\webdriver.py:447: in execute
    response = cast(RemoteConnection, self.command_executor).execute(driver_command, params)
D:\Projects\miniconda3\envs\ui_test\lib\site-packages\selenium\webdriver\remote\remote_connection.py:407: in execute
    return self._request(command_info[0], url, body=data)
D:\Projects\miniconda3\envs\ui_test\lib\site-packages\selenium\webdriver\remote\remote_connection.py:431: in _request
    response = self._conn.request(method, url, body=body, headers=headers, timeout=self._client_config.timeout)
D:\Projects\miniconda3\envs\ui_test\lib\site-packages\urllib3\_request_methods.py:143: in request
    return self.request_encode_body(
D:\Projects\miniconda3\envs\ui_test\lib\site-packages\urllib3\_request_methods.py:278: in request_encode_body
    return self.urlopen(method, url, **extra_kw)
D:\Projects\miniconda3\envs\ui_test\lib\site-packages\urllib3\poolmanager.py:457: in urlopen
    response = conn.urlopen(method, u.request_uri, **kw)
D:\Projects\miniconda3\envs\ui_test\lib\site-packages\urllib3\connectionpool.py:841: in urlopen
    retries = retries.increment(
D:\Projects\miniconda3\envs\ui_test\lib\site-packages\urllib3\util\retry.py:490: in increment
    raise reraise(type(error), error, _stacktrace)
D:\Projects\miniconda3\envs\ui_test\lib\site-packages\urllib3\util\util.py:39: in reraise
    raise value
D:\Projects\miniconda3\envs\ui_test\lib\site-packages\urllib3\connectionpool.py:787: in urlopen
    response = self._make_request(
D:\Projects\miniconda3\envs\ui_test\lib\site-packages\urllib3\connectionpool.py:536: in _make_request
    self._raise_timeout(err=e, url=url, timeout_value=read_timeout)
D:\Projects\miniconda3\envs\ui_test\lib\site-packages\urllib3\connectionpool.py:367: in _raise_timeout
    raise ReadTimeoutError(
E   urllib3.exceptions.ReadTimeoutError: HTTPConnectionPool(host='localhost', port=58408): Read timed out. (read timeout=30)
2026-05-23 16:03:19 | WARNING | ui_test.framework.selenium_login_163music.conftest | 检测到 driver 已失联，本次失败跳过截图
2026-05-23 16:03:19 | WARNING | ui_test.framework.selenium_login_163music.conftest | 本次跳过 driver.quit()，直接清理 EdgeDriver 进程
2026-05-23 16:03:22 | INFO | ui_test.framework.selenium_login_163music.conftest | EdgeDriver 进程已结束: 35504
2026-05-23 16:03:22 | INFO | ui_test.framework.selenium_login_163music.conftest | 已清理独立浏览器环境: D:\Projects\workspace\test-practice-collection\03_ui_automation\framework\selenium_login_163music\.runtime_profiles\profile_1779523051139
2026-05-23 16:03:22 | INFO | ui_test.framework.selenium_login_163music.conftest | 冷却 5 秒后进入下一个 case
2026-05-23 16:03:27 | INFO | ui_test.framework.selenium_login_163music.conftest | 开始执行用例: tests/test_163.py::test_login_failure[case3]
2026-05-23 16:03:27 | INFO | ui_test.framework.selenium_login_163music.conftest | 准备启动 EdgeDriver: D:\Projects\workspace\test-practice-collection\03_ui_automation\framework\selenium_login_163music\utils\edgedriver_win64\msedgedriver.exe
2026-05-23 16:03:27 | INFO | ui_test.framework.selenium_login_163music.conftest | 创建独立浏览器环境: D:\Projects\workspace\test-practice-collection\03_ui_automation\framework\selenium_login_163music\.runtime_profiles\profile_1779523407695
2026-05-23 16:03:28 | INFO | ui_test.framework.selenium_login_163music.conftest | Edge 会话已创建: 3d17135d5c6f2e8aef193fcfe65f23e4
2026-05-23 16:03:37 | INFO | ui_test.pages.login_page | 准备点击步骤: click_login_link, locator=('css selector', '.m-tophead.f-pr.j-tflag a')
2026-05-23 16:03:37 | INFO | ui_test.pages.login_page | 【1】success click_login_link
2026-05-23 16:03:37 | INFO | ui_test.pages.login_page | 等待页面稳定: 2 秒
2026-05-23 16:03:39 | INFO | ui_test.pages.login_page | 开始记录调试信息: after_click_login_link
2026-05-23 16:03:49 | INFO | ui_test.pages.login_page | 页面调试信息[after_click_login_link]: {"agreementLink": null, "bodyHints": {"hasAccountErrorText": false, "hasAgreementText": false, "hasOtherLoginText": true, "hasPasswordLoginText": false, "hasPasswordRequiredText": false, "hasPhoneRegisterText": false, "hasPhoneRequiredText": false, "hasSliderText": false}, "errorTip": null, "loginLink": {"className": "link s-fc3", "display": "block", "height": 17, "id": "", "opacity": "1", "tag": "A", "text": "登录", "visibility": "visible", "width": 28, "x": 1257, "y": 26}, "modalPreview": {"className": "mrc-modal-wrapper mrc-modal-wrapper-center mrc-modal-center", "display": "flex", "height": 732, "id": "", "opacity": "1", "tag": "DIV", "text": "登录 扫码登录 使用 网易云音乐APP 扫码登录 选择其他登录模式 下载客户端，VIP歌曲免费听", "visibility": "visible", "width": 1528, "x": 0, "y": 0}, "otherLink": {"className": "_3xIXD0Q6", "display": "block", "height": 30, "id": "", "opacity": "1", "tag": "A", "text": "选择其他登录模式", "visibility": "visible", "width": 120, "x": 704, "y": 463}, "passwordLink": null, "phoneLink": null, "readyState": "complete", "title": "网易云音乐", "url": "https://music.163.com/"}
2026-05-23 16:03:49 | INFO | ui_test.pages.login_page | 准备点击步骤: click_other_link, locator=('xpath', '//a[contains(text(), "选择其他登录模式")]')
2026-05-23 16:04:19 | INFO | ui_test.pages.login_page | 开始记录调试信息: click_other_link_find_failed
2026-05-23 16:04:49 | ERROR | ui_test.pages.login_page | 记录页面调试信息失败: click_other_link_find_failed
Traceback (most recent call last):
  File "D:\Projects\miniconda3\envs\ui_test\lib\site-packages\urllib3\connectionpool.py", line 534, in _make_request
    response = conn.getresponse()
  File "D:\Projects\miniconda3\envs\ui_test\lib\site-packages\urllib3\connection.py", line 571, in getresponse
    httplib_response = super().getresponse()
  File "D:\Projects\miniconda3\envs\ui_test\lib\http\client.py", line 1395, in getresponse
    response.begin()
  File "D:\Projects\miniconda3\envs\ui_test\lib\http\client.py", line 323, in begin
    version, status, reason = self._read_status()
  File "D:\Projects\miniconda3\envs\ui_test\lib\http\client.py", line 284, in _read_status
    line = str(self.fp.readline(_MAXLINE + 1), "iso-8859-1")
  File "D:\Projects\miniconda3\envs\ui_test\lib\socket.py", line 717, in readinto
    return self._sock.recv_into(b)
TimeoutError: timed out

The above exception was the direct cause of the following exception:

Traceback (most recent call last):
  File "D:\Projects\workspace\test-practice-collection\03_ui_automation\framework\selenium_login_163music\pages\login_page.py", line 154, in safe_click_raw
    element = self.find_element(locator, timeout=timeout)
  File "D:\Projects\workspace\test-practice-collection\03_ui_automation\framework\selenium_login_163music\pages\base_page.py", line 26, in find_element
    return self._build_wait(timeout).until(EC.visibility_of_element_located(locator))
  File "D:\Projects\miniconda3\envs\ui_test\lib\site-packages\selenium\webdriver\support\wait.py", line 112, in until
    value = method(self._driver)
  File "D:\Projects\miniconda3\envs\ui_test\lib\site-packages\selenium\webdriver\support\expected_conditions.py", line 184, in _predicate
    return _element_if_visible(driver.find_element(*locator))
  File "D:\Projects\miniconda3\envs\ui_test\lib\site-packages\selenium\webdriver\remote\webdriver.py", line 823, in find_element
    return self.execute(Command.FIND_ELEMENT, {"using": by, "value": value})["value"]
  File "D:\Projects\miniconda3\envs\ui_test\lib\site-packages\selenium\webdriver\remote\webdriver.py", line 447, in execute
    response = cast(RemoteConnection, self.command_executor).execute(driver_command, params)
  File "D:\Projects\miniconda3\envs\ui_test\lib\site-packages\selenium\webdriver\remote\remote_connection.py", line 407, in execute
    return self._request(command_info[0], url, body=data)
  File "D:\Projects\miniconda3\envs\ui_test\lib\site-packages\selenium\webdriver\remote\remote_connection.py", line 431, in _request
    response = self._conn.request(method, url, body=body, headers=headers, timeout=self._client_config.timeout)
  File "D:\Projects\miniconda3\envs\ui_test\lib\site-packages\urllib3\_request_methods.py", line 143, in request
    return self.request_encode_body(
  File "D:\Projects\miniconda3\envs\ui_test\lib\site-packages\urllib3\_request_methods.py", line 278, in request_encode_body
    return self.urlopen(method, url, **extra_kw)
  File "D:\Projects\miniconda3\envs\ui_test\lib\site-packages\urllib3\poolmanager.py", line 457, in urlopen
    response = conn.urlopen(method, u.request_uri, **kw)
  File "D:\Projects\miniconda3\envs\ui_test\lib\site-packages\urllib3\connectionpool.py", line 841, in urlopen
    retries = retries.increment(
  File "D:\Projects\miniconda3\envs\ui_test\lib\site-packages\urllib3\util\retry.py", line 490, in increment
    raise reraise(type(error), error, _stacktrace)
  File "D:\Projects\miniconda3\envs\ui_test\lib\site-packages\urllib3\util\util.py", line 39, in reraise
    raise value
  File "D:\Projects\miniconda3\envs\ui_test\lib\site-packages\urllib3\connectionpool.py", line 787, in urlopen
    response = self._make_request(
  File "D:\Projects\miniconda3\envs\ui_test\lib\site-packages\urllib3\connectionpool.py", line 536, in _make_request
    self._raise_timeout(err=e, url=url, timeout_value=read_timeout)
  File "D:\Projects\miniconda3\envs\ui_test\lib\site-packages\urllib3\connectionpool.py", line 367, in _raise_timeout
    raise ReadTimeoutError(
urllib3.exceptions.ReadTimeoutError: HTTPConnectionPool(host='localhost', port=55272): Read timed out. (read timeout=30)

During handling of the above exception, another exception occurred:

Traceback (most recent call last):
  File "D:\Projects\miniconda3\envs\ui_test\lib\site-packages\urllib3\connectionpool.py", line 534, in _make_request
    response = conn.getresponse()
  File "D:\Projects\miniconda3\envs\ui_test\lib\site-packages\urllib3\connection.py", line 571, in getresponse
    httplib_response = super().getresponse()
  File "D:\Projects\miniconda3\envs\ui_test\lib\http\client.py", line 1395, in getresponse
    response.begin()
  File "D:\Projects\miniconda3\envs\ui_test\lib\http\client.py", line 323, in begin
    version, status, reason = self._read_status()
  File "D:\Projects\miniconda3\envs\ui_test\lib\http\client.py", line 284, in _read_status
    line = str(self.fp.readline(_MAXLINE + 1), "iso-8859-1")
  File "D:\Projects\miniconda3\envs\ui_test\lib\socket.py", line 717, in readinto
    return self._sock.recv_into(b)
TimeoutError: timed out

The above exception was the direct cause of the following exception:

Traceback (most recent call last):
  File "D:\Projects\workspace\test-practice-collection\03_ui_automation\framework\selenium_login_163music\pages\login_page.py", line 54, in debug_page_state
    state = self.driver.execute_script(
  File "D:\Projects\miniconda3\envs\ui_test\lib\site-packages\selenium\webdriver\remote\webdriver.py", line 536, in execute_script
    return self.execute(command, {"script": script, "args": converted_args})["value"]
  File "D:\Projects\miniconda3\envs\ui_test\lib\site-packages\selenium\webdriver\remote\webdriver.py", line 447, in execute
    response = cast(RemoteConnection, self.command_executor).execute(driver_command, params)
  File "D:\Projects\miniconda3\envs\ui_test\lib\site-packages\selenium\webdriver\remote\remote_connection.py", line 407, in execute
    return self._request(command_info[0], url, body=data)
  File "D:\Projects\miniconda3\envs\ui_test\lib\site-packages\selenium\webdriver\remote\remote_connection.py", line 431, in _request
    response = self._conn.request(method, url, body=body, headers=headers, timeout=self._client_config.timeout)
  File "D:\Projects\miniconda3\envs\ui_test\lib\site-packages\urllib3\_request_methods.py", line 143, in request
    return self.request_encode_body(
  File "D:\Projects\miniconda3\envs\ui_test\lib\site-packages\urllib3\_request_methods.py", line 278, in request_encode_body
    return self.urlopen(method, url, **extra_kw)
  File "D:\Projects\miniconda3\envs\ui_test\lib\site-packages\urllib3\poolmanager.py", line 457, in urlopen
    response = conn.urlopen(method, u.request_uri, **kw)
  File "D:\Projects\miniconda3\envs\ui_test\lib\site-packages\urllib3\connectionpool.py", line 841, in urlopen
    retries = retries.increment(
  File "D:\Projects\miniconda3\envs\ui_test\lib\site-packages\urllib3\util\retry.py", line 490, in increment
    raise reraise(type(error), error, _stacktrace)
  File "D:\Projects\miniconda3\envs\ui_test\lib\site-packages\urllib3\util\util.py", line 39, in reraise
    raise value
  File "D:\Projects\miniconda3\envs\ui_test\lib\site-packages\urllib3\connectionpool.py", line 787, in urlopen
    response = self._make_request(
  File "D:\Projects\miniconda3\envs\ui_test\lib\site-packages\urllib3\connectionpool.py", line 536, in _make_request
    self._raise_timeout(err=e, url=url, timeout_value=read_timeout)
  File "D:\Projects\miniconda3\envs\ui_test\lib\site-packages\urllib3\connectionpool.py", line 367, in _raise_timeout
    raise ReadTimeoutError(
urllib3.exceptions.ReadTimeoutError: HTTPConnectionPool(host='localhost', port=55272): Read timed out. (read timeout=30)
2026-05-23 16:06:49 | ERROR | ui_test.pages.login_page | 保存调试截图失败: click_other_link_find_failed
Traceback (most recent call last):
  File "D:\Projects\miniconda3\envs\ui_test\lib\site-packages\urllib3\connectionpool.py", line 534, in _make_request
    response = conn.getresponse()
  File "D:\Projects\miniconda3\envs\ui_test\lib\site-packages\urllib3\connection.py", line 571, in getresponse
    httplib_response = super().getresponse()
  File "D:\Projects\miniconda3\envs\ui_test\lib\http\client.py", line 1395, in getresponse
    response.begin()
  File "D:\Projects\miniconda3\envs\ui_test\lib\http\client.py", line 323, in begin
    version, status, reason = self._read_status()
  File "D:\Projects\miniconda3\envs\ui_test\lib\http\client.py", line 284, in _read_status
    line = str(self.fp.readline(_MAXLINE + 1), "iso-8859-1")
  File "D:\Projects\miniconda3\envs\ui_test\lib\socket.py", line 717, in readinto
    return self._sock.recv_into(b)
TimeoutError: timed out

The above exception was the direct cause of the following exception:

Traceback (most recent call last):
  File "D:\Projects\workspace\test-practice-collection\03_ui_automation\framework\selenium_login_163music\pages\login_page.py", line 154, in safe_click_raw
    element = self.find_element(locator, timeout=timeout)
  File "D:\Projects\workspace\test-practice-collection\03_ui_automation\framework\selenium_login_163music\pages\base_page.py", line 26, in find_element
    return self._build_wait(timeout).until(EC.visibility_of_element_located(locator))
  File "D:\Projects\miniconda3\envs\ui_test\lib\site-packages\selenium\webdriver\support\wait.py", line 112, in until
    value = method(self._driver)
  File "D:\Projects\miniconda3\envs\ui_test\lib\site-packages\selenium\webdriver\support\expected_conditions.py", line 184, in _predicate
    return _element_if_visible(driver.find_element(*locator))
  File "D:\Projects\miniconda3\envs\ui_test\lib\site-packages\selenium\webdriver\remote\webdriver.py", line 823, in find_element
    return self.execute(Command.FIND_ELEMENT, {"using": by, "value": value})["value"]
  File "D:\Projects\miniconda3\envs\ui_test\lib\site-packages\selenium\webdriver\remote\webdriver.py", line 447, in execute
    response = cast(RemoteConnection, self.command_executor).execute(driver_command, params)
  File "D:\Projects\miniconda3\envs\ui_test\lib\site-packages\selenium\webdriver\remote\remote_connection.py", line 407, in execute
    return self._request(command_info[0], url, body=data)
  File "D:\Projects\miniconda3\envs\ui_test\lib\site-packages\selenium\webdriver\remote\remote_connection.py", line 431, in _request
    response = self._conn.request(method, url, body=body, headers=headers, timeout=self._client_config.timeout)
  File "D:\Projects\miniconda3\envs\ui_test\lib\site-packages\urllib3\_request_methods.py", line 143, in request
    return self.request_encode_body(
  File "D:\Projects\miniconda3\envs\ui_test\lib\site-packages\urllib3\_request_methods.py", line 278, in request_encode_body
    return self.urlopen(method, url, **extra_kw)
  File "D:\Projects\miniconda3\envs\ui_test\lib\site-packages\urllib3\poolmanager.py", line 457, in urlopen
    response = conn.urlopen(method, u.request_uri, **kw)
  File "D:\Projects\miniconda3\envs\ui_test\lib\site-packages\urllib3\connectionpool.py", line 841, in urlopen
    retries = retries.increment(
  File "D:\Projects\miniconda3\envs\ui_test\lib\site-packages\urllib3\util\retry.py", line 490, in increment
    raise reraise(type(error), error, _stacktrace)
  File "D:\Projects\miniconda3\envs\ui_test\lib\site-packages\urllib3\util\util.py", line 39, in reraise
    raise value
  File "D:\Projects\miniconda3\envs\ui_test\lib\site-packages\urllib3\connectionpool.py", line 787, in urlopen
    response = self._make_request(
  File "D:\Projects\miniconda3\envs\ui_test\lib\site-packages\urllib3\connectionpool.py", line 536, in _make_request
    self._raise_timeout(err=e, url=url, timeout_value=read_timeout)
  File "D:\Projects\miniconda3\envs\ui_test\lib\site-packages\urllib3\connectionpool.py", line 367, in _raise_timeout
    raise ReadTimeoutError(
urllib3.exceptions.ReadTimeoutError: HTTPConnectionPool(host='localhost', port=55272): Read timed out. (read timeout=30)

During handling of the above exception, another exception occurred:

Traceback (most recent call last):
  File "D:\Projects\miniconda3\envs\ui_test\lib\site-packages\urllib3\connectionpool.py", line 534, in _make_request
    response = conn.getresponse()
  File "D:\Projects\miniconda3\envs\ui_test\lib\site-packages\urllib3\connection.py", line 571, in getresponse
    httplib_response = super().getresponse()
  File "D:\Projects\miniconda3\envs\ui_test\lib\http\client.py", line 1395, in getresponse
    response.begin()
  File "D:\Projects\miniconda3\envs\ui_test\lib\http\client.py", line 323, in begin
    version, status, reason = self._read_status()
  File "D:\Projects\miniconda3\envs\ui_test\lib\http\client.py", line 284, in _read_status
    line = str(self.fp.readline(_MAXLINE + 1), "iso-8859-1")
  File "D:\Projects\miniconda3\envs\ui_test\lib\socket.py", line 717, in readinto
    return self._sock.recv_into(b)
TimeoutError: timed out

The above exception was the direct cause of the following exception:

Traceback (most recent call last):
  File "D:\Projects\miniconda3\envs\ui_test\lib\site-packages\urllib3\connectionpool.py", line 787, in urlopen
    response = self._make_request(
  File "D:\Projects\miniconda3\envs\ui_test\lib\site-packages\urllib3\connectionpool.py", line 536, in _make_request
    self._raise_timeout(err=e, url=url, timeout_value=read_timeout)
  File "D:\Projects\miniconda3\envs\ui_test\lib\site-packages\urllib3\connectionpool.py", line 367, in _raise_timeout
    raise ReadTimeoutError(
urllib3.exceptions.ReadTimeoutError: HTTPConnectionPool(host='localhost', port=55272): Read timed out. (read timeout=30)

The above exception was the direct cause of the following exception:

Traceback (most recent call last):
  File "D:\Projects\workspace\test-practice-collection\03_ui_automation\framework\selenium_login_163music\pages\login_page.py", line 134, in debug_page_state
    screenshot_path = self.take_screenshot(f"debug_{tag}")
  File "D:\Projects\workspace\test-practice-collection\03_ui_automation\framework\selenium_login_163music\pages\base_page.py", line 66, in take_screenshot
    screenshot_path = save_driver_screenshot(self.driver, name)
  File "D:\Projects\workspace\test-practice-collection\03_ui_automation\framework\selenium_login_163music\utils\log_helper.py", line 68, in save_driver_screenshot
    if driver.save_screenshot(str(screenshot_path)):
  File "D:\Projects\miniconda3\envs\ui_test\lib\site-packages\selenium\webdriver\remote\webdriver.py", line 903, in save_screenshot
    return self.get_screenshot_as_file(filename)
  File "D:\Projects\miniconda3\envs\ui_test\lib\site-packages\selenium\webdriver\remote\webdriver.py", line 880, in get_screenshot_as_file
    png = self.get_screenshot_as_png()
  File "D:\Projects\miniconda3\envs\ui_test\lib\site-packages\selenium\webdriver\remote\webdriver.py", line 911, in get_screenshot_as_png
    return b64decode(self.get_screenshot_as_base64().encode("ascii"))
  File "D:\Projects\miniconda3\envs\ui_test\lib\site-packages\selenium\webdriver\remote\webdriver.py", line 921, in get_screenshot_as_base64
    return self.execute(Command.SCREENSHOT)["value"]
  File "D:\Projects\miniconda3\envs\ui_test\lib\site-packages\selenium\webdriver\remote\webdriver.py", line 447, in execute
    response = cast(RemoteConnection, self.command_executor).execute(driver_command, params)
  File "D:\Projects\miniconda3\envs\ui_test\lib\site-packages\selenium\webdriver\remote\remote_connection.py", line 407, in execute
    return self._request(command_info[0], url, body=data)
  File "D:\Projects\miniconda3\envs\ui_test\lib\site-packages\selenium\webdriver\remote\remote_connection.py", line 431, in _request
    response = self._conn.request(method, url, body=body, headers=headers, timeout=self._client_config.timeout)
  File "D:\Projects\miniconda3\envs\ui_test\lib\site-packages\urllib3\_request_methods.py", line 135, in request
    return self.request_encode_url(
  File "D:\Projects\miniconda3\envs\ui_test\lib\site-packages\urllib3\_request_methods.py", line 182, in request_encode_url
    return self.urlopen(method, url, **extra_kw)
  File "D:\Projects\miniconda3\envs\ui_test\lib\site-packages\urllib3\poolmanager.py", line 457, in urlopen
    response = conn.urlopen(method, u.request_uri, **kw)
  File "D:\Projects\miniconda3\envs\ui_test\lib\site-packages\urllib3\connectionpool.py", line 871, in urlopen
    return self.urlopen(
  File "D:\Projects\miniconda3\envs\ui_test\lib\site-packages\urllib3\connectionpool.py", line 871, in urlopen
    return self.urlopen(
  File "D:\Projects\miniconda3\envs\ui_test\lib\site-packages\urllib3\connectionpool.py", line 871, in urlopen
    return self.urlopen(
  File "D:\Projects\miniconda3\envs\ui_test\lib\site-packages\urllib3\connectionpool.py", line 841, in urlopen
    retries = retries.increment(
  File "D:\Projects\miniconda3\envs\ui_test\lib\site-packages\urllib3\util\retry.py", line 535, in increment
    raise MaxRetryError(_pool, url, reason) from reason  # type: ignore[arg-type]
urllib3.exceptions.MaxRetryError: HTTPConnectionPool(host='localhost', port=55272): Max retries exceeded with url: /session/3d17135d5c6f2e8aef193fcfe65f23e4/screenshot (Caused by ReadTimeoutError("HTTPConnectionPool(host='localhost', port=55272): Read timed out. (read timeout=30)"))
2026-05-23 16:06:49 | ERROR | ui_test.pages.login_page | 登录流程执行失败，失败步骤: click_other_link
Traceback (most recent call last):
  File "D:\Projects\miniconda3\envs\ui_test\lib\site-packages\urllib3\connectionpool.py", line 534, in _make_request
    response = conn.getresponse()
  File "D:\Projects\miniconda3\envs\ui_test\lib\site-packages\urllib3\connection.py", line 571, in getresponse
    httplib_response = super().getresponse()
  File "D:\Projects\miniconda3\envs\ui_test\lib\http\client.py", line 1395, in getresponse
    response.begin()
  File "D:\Projects\miniconda3\envs\ui_test\lib\http\client.py", line 323, in begin
    version, status, reason = self._read_status()
  File "D:\Projects\miniconda3\envs\ui_test\lib\http\client.py", line 284, in _read_status
    line = str(self.fp.readline(_MAXLINE + 1), "iso-8859-1")
  File "D:\Projects\miniconda3\envs\ui_test\lib\socket.py", line 717, in readinto
    return self._sock.recv_into(b)
TimeoutError: timed out

The above exception was the direct cause of the following exception:

Traceback (most recent call last):
  File "D:\Projects\workspace\test-practice-collection\03_ui_automation\framework\selenium_login_163music\pages\login_page.py", line 239, in login
    self.click_other_link()
  File "D:\Projects\workspace\test-practice-collection\03_ui_automation\framework\selenium_login_163music\pages\login_page.py", line 193, in click_other_link
    self.safe_click_raw(self.OTHER_LINK, step_name="click_other_link")
  File "D:\Projects\workspace\test-practice-collection\03_ui_automation\framework\selenium_login_163music\pages\login_page.py", line 154, in safe_click_raw
    element = self.find_element(locator, timeout=timeout)
  File "D:\Projects\workspace\test-practice-collection\03_ui_automation\framework\selenium_login_163music\pages\base_page.py", line 26, in find_element
    return self._build_wait(timeout).until(EC.visibility_of_element_located(locator))
  File "D:\Projects\miniconda3\envs\ui_test\lib\site-packages\selenium\webdriver\support\wait.py", line 112, in until
    value = method(self._driver)
  File "D:\Projects\miniconda3\envs\ui_test\lib\site-packages\selenium\webdriver\support\expected_conditions.py", line 184, in _predicate
    return _element_if_visible(driver.find_element(*locator))
  File "D:\Projects\miniconda3\envs\ui_test\lib\site-packages\selenium\webdriver\remote\webdriver.py", line 823, in find_element
    return self.execute(Command.FIND_ELEMENT, {"using": by, "value": value})["value"]
  File "D:\Projects\miniconda3\envs\ui_test\lib\site-packages\selenium\webdriver\remote\webdriver.py", line 447, in execute
    response = cast(RemoteConnection, self.command_executor).execute(driver_command, params)
  File "D:\Projects\miniconda3\envs\ui_test\lib\site-packages\selenium\webdriver\remote\remote_connection.py", line 407, in execute
    return self._request(command_info[0], url, body=data)
  File "D:\Projects\miniconda3\envs\ui_test\lib\site-packages\selenium\webdriver\remote\remote_connection.py", line 431, in _request
    response = self._conn.request(method, url, body=body, headers=headers, timeout=self._client_config.timeout)
  File "D:\Projects\miniconda3\envs\ui_test\lib\site-packages\urllib3\_request_methods.py", line 143, in request
    return self.request_encode_body(
  File "D:\Projects\miniconda3\envs\ui_test\lib\site-packages\urllib3\_request_methods.py", line 278, in request_encode_body
    return self.urlopen(method, url, **extra_kw)
  File "D:\Projects\miniconda3\envs\ui_test\lib\site-packages\urllib3\poolmanager.py", line 457, in urlopen
    response = conn.urlopen(method, u.request_uri, **kw)
  File "D:\Projects\miniconda3\envs\ui_test\lib\site-packages\urllib3\connectionpool.py", line 841, in urlopen
    retries = retries.increment(
  File "D:\Projects\miniconda3\envs\ui_test\lib\site-packages\urllib3\util\retry.py", line 490, in increment
    raise reraise(type(error), error, _stacktrace)
  File "D:\Projects\miniconda3\envs\ui_test\lib\site-packages\urllib3\util\util.py", line 39, in reraise
    raise value
  File "D:\Projects\miniconda3\envs\ui_test\lib\site-packages\urllib3\connectionpool.py", line 787, in urlopen
    response = self._make_request(
  File "D:\Projects\miniconda3\envs\ui_test\lib\site-packages\urllib3\connectionpool.py", line 536, in _make_request
    self._raise_timeout(err=e, url=url, timeout_value=read_timeout)
  File "D:\Projects\miniconda3\envs\ui_test\lib\site-packages\urllib3\connectionpool.py", line 367, in _raise_timeout
    raise ReadTimeoutError(
urllib3.exceptions.ReadTimeoutError: HTTPConnectionPool(host='localhost', port=55272): Read timed out. (read timeout=30)
2026-05-23 16:06:49 | INFO | ui_test.pages.login_page | 开始记录调试信息: login_exception_click_other_link
2026-05-23 16:07:19 | ERROR | ui_test.pages.login_page | 记录页面调试信息失败: login_exception_click_other_link
Traceback (most recent call last):
  File "D:\Projects\miniconda3\envs\ui_test\lib\site-packages\urllib3\connectionpool.py", line 534, in _make_request
    response = conn.getresponse()
  File "D:\Projects\miniconda3\envs\ui_test\lib\site-packages\urllib3\connection.py", line 571, in getresponse
    httplib_response = super().getresponse()
  File "D:\Projects\miniconda3\envs\ui_test\lib\http\client.py", line 1395, in getresponse
    response.begin()
  File "D:\Projects\miniconda3\envs\ui_test\lib\http\client.py", line 323, in begin
    version, status, reason = self._read_status()
  File "D:\Projects\miniconda3\envs\ui_test\lib\http\client.py", line 284, in _read_status
    line = str(self.fp.readline(_MAXLINE + 1), "iso-8859-1")
  File "D:\Projects\miniconda3\envs\ui_test\lib\socket.py", line 717, in readinto
    return self._sock.recv_into(b)
TimeoutError: timed out

The above exception was the direct cause of the following exception:

Traceback (most recent call last):
  File "D:\Projects\workspace\test-practice-collection\03_ui_automation\framework\selenium_login_163music\pages\login_page.py", line 239, in login
    self.click_other_link()
  File "D:\Projects\workspace\test-practice-collection\03_ui_automation\framework\selenium_login_163music\pages\login_page.py", line 193, in click_other_link
    self.safe_click_raw(self.OTHER_LINK, step_name="click_other_link")
  File "D:\Projects\workspace\test-practice-collection\03_ui_automation\framework\selenium_login_163music\pages\login_page.py", line 154, in safe_click_raw
    element = self.find_element(locator, timeout=timeout)
  File "D:\Projects\workspace\test-practice-collection\03_ui_automation\framework\selenium_login_163music\pages\base_page.py", line 26, in find_element
    return self._build_wait(timeout).until(EC.visibility_of_element_located(locator))
  File "D:\Projects\miniconda3\envs\ui_test\lib\site-packages\selenium\webdriver\support\wait.py", line 112, in until
    value = method(self._driver)
  File "D:\Projects\miniconda3\envs\ui_test\lib\site-packages\selenium\webdriver\support\expected_conditions.py", line 184, in _predicate
    return _element_if_visible(driver.find_element(*locator))
  File "D:\Projects\miniconda3\envs\ui_test\lib\site-packages\selenium\webdriver\remote\webdriver.py", line 823, in find_element
    return self.execute(Command.FIND_ELEMENT, {"using": by, "value": value})["value"]
  File "D:\Projects\miniconda3\envs\ui_test\lib\site-packages\selenium\webdriver\remote\webdriver.py", line 447, in execute
    response = cast(RemoteConnection, self.command_executor).execute(driver_command, params)
  File "D:\Projects\miniconda3\envs\ui_test\lib\site-packages\selenium\webdriver\remote\remote_connection.py", line 407, in execute
    return self._request(command_info[0], url, body=data)
  File "D:\Projects\miniconda3\envs\ui_test\lib\site-packages\selenium\webdriver\remote\remote_connection.py", line 431, in _request
    response = self._conn.request(method, url, body=body, headers=headers, timeout=self._client_config.timeout)
  File "D:\Projects\miniconda3\envs\ui_test\lib\site-packages\urllib3\_request_methods.py", line 143, in request
    return self.request_encode_body(
  File "D:\Projects\miniconda3\envs\ui_test\lib\site-packages\urllib3\_request_methods.py", line 278, in request_encode_body
    return self.urlopen(method, url, **extra_kw)
  File "D:\Projects\miniconda3\envs\ui_test\lib\site-packages\urllib3\poolmanager.py", line 457, in urlopen
    response = conn.urlopen(method, u.request_uri, **kw)
  File "D:\Projects\miniconda3\envs\ui_test\lib\site-packages\urllib3\connectionpool.py", line 841, in urlopen
    retries = retries.increment(
  File "D:\Projects\miniconda3\envs\ui_test\lib\site-packages\urllib3\util\retry.py", line 490, in increment
    raise reraise(type(error), error, _stacktrace)
  File "D:\Projects\miniconda3\envs\ui_test\lib\site-packages\urllib3\util\util.py", line 39, in reraise
    raise value
  File "D:\Projects\miniconda3\envs\ui_test\lib\site-packages\urllib3\connectionpool.py", line 787, in urlopen
    response = self._make_request(
  File "D:\Projects\miniconda3\envs\ui_test\lib\site-packages\urllib3\connectionpool.py", line 536, in _make_request
    self._raise_timeout(err=e, url=url, timeout_value=read_timeout)
  File "D:\Projects\miniconda3\envs\ui_test\lib\site-packages\urllib3\connectionpool.py", line 367, in _raise_timeout
    raise ReadTimeoutError(
urllib3.exceptions.ReadTimeoutError: HTTPConnectionPool(host='localhost', port=55272): Read timed out. (read timeout=30)

During handling of the above exception, another exception occurred:

Traceback (most recent call last):
  File "D:\Projects\miniconda3\envs\ui_test\lib\site-packages\urllib3\connectionpool.py", line 534, in _make_request
    response = conn.getresponse()
  File "D:\Projects\miniconda3\envs\ui_test\lib\site-packages\urllib3\connection.py", line 571, in getresponse
    httplib_response = super().getresponse()
  File "D:\Projects\miniconda3\envs\ui_test\lib\http\client.py", line 1395, in getresponse
    response.begin()
  File "D:\Projects\miniconda3\envs\ui_test\lib\http\client.py", line 323, in begin
    version, status, reason = self._read_status()
  File "D:\Projects\miniconda3\envs\ui_test\lib\http\client.py", line 284, in _read_status
    line = str(self.fp.readline(_MAXLINE + 1), "iso-8859-1")
  File "D:\Projects\miniconda3\envs\ui_test\lib\socket.py", line 717, in readinto
    return self._sock.recv_into(b)
TimeoutError: timed out

The above exception was the direct cause of the following exception:

Traceback (most recent call last):
  File "D:\Projects\workspace\test-practice-collection\03_ui_automation\framework\selenium_login_163music\pages\login_page.py", line 54, in debug_page_state
    state = self.driver.execute_script(
  File "D:\Projects\miniconda3\envs\ui_test\lib\site-packages\selenium\webdriver\remote\webdriver.py", line 536, in execute_script
    return self.execute(command, {"script": script, "args": converted_args})["value"]
  File "D:\Projects\miniconda3\envs\ui_test\lib\site-packages\selenium\webdriver\remote\webdriver.py", line 447, in execute
    response = cast(RemoteConnection, self.command_executor).execute(driver_command, params)
  File "D:\Projects\miniconda3\envs\ui_test\lib\site-packages\selenium\webdriver\remote\remote_connection.py", line 407, in execute
    return self._request(command_info[0], url, body=data)
  File "D:\Projects\miniconda3\envs\ui_test\lib\site-packages\selenium\webdriver\remote\remote_connection.py", line 431, in _request
    response = self._conn.request(method, url, body=body, headers=headers, timeout=self._client_config.timeout)
  File "D:\Projects\miniconda3\envs\ui_test\lib\site-packages\urllib3\_request_methods.py", line 143, in request
    return self.request_encode_body(
  File "D:\Projects\miniconda3\envs\ui_test\lib\site-packages\urllib3\_request_methods.py", line 278, in request_encode_body
    return self.urlopen(method, url, **extra_kw)
  File "D:\Projects\miniconda3\envs\ui_test\lib\site-packages\urllib3\poolmanager.py", line 457, in urlopen
    response = conn.urlopen(method, u.request_uri, **kw)
  File "D:\Projects\miniconda3\envs\ui_test\lib\site-packages\urllib3\connectionpool.py", line 841, in urlopen
    retries = retries.increment(
  File "D:\Projects\miniconda3\envs\ui_test\lib\site-packages\urllib3\util\retry.py", line 490, in increment
    raise reraise(type(error), error, _stacktrace)
  File "D:\Projects\miniconda3\envs\ui_test\lib\site-packages\urllib3\util\util.py", line 39, in reraise
    raise value
  File "D:\Projects\miniconda3\envs\ui_test\lib\site-packages\urllib3\connectionpool.py", line 787, in urlopen
    response = self._make_request(
  File "D:\Projects\miniconda3\envs\ui_test\lib\site-packages\urllib3\connectionpool.py", line 536, in _make_request
    self._raise_timeout(err=e, url=url, timeout_value=read_timeout)
  File "D:\Projects\miniconda3\envs\ui_test\lib\site-packages\urllib3\connectionpool.py", line 367, in _raise_timeout
    raise ReadTimeoutError(
urllib3.exceptions.ReadTimeoutError: HTTPConnectionPool(host='localhost', port=55272): Read timed out. (read timeout=30)
2026-05-23 16:09:20 | ERROR | ui_test.pages.login_page | 保存调试截图失败: login_exception_click_other_link
Traceback (most recent call last):
  File "D:\Projects\miniconda3\envs\ui_test\lib\site-packages\urllib3\connectionpool.py", line 534, in _make_request
    response = conn.getresponse()
  File "D:\Projects\miniconda3\envs\ui_test\lib\site-packages\urllib3\connection.py", line 571, in getresponse
    httplib_response = super().getresponse()
  File "D:\Projects\miniconda3\envs\ui_test\lib\http\client.py", line 1395, in getresponse
    response.begin()
  File "D:\Projects\miniconda3\envs\ui_test\lib\http\client.py", line 323, in begin
    version, status, reason = self._read_status()
  File "D:\Projects\miniconda3\envs\ui_test\lib\http\client.py", line 284, in _read_status
    line = str(self.fp.readline(_MAXLINE + 1), "iso-8859-1")
  File "D:\Projects\miniconda3\envs\ui_test\lib\socket.py", line 717, in readinto
    return self._sock.recv_into(b)
TimeoutError: timed out

The above exception was the direct cause of the following exception:

Traceback (most recent call last):
  File "D:\Projects\workspace\test-practice-collection\03_ui_automation\framework\selenium_login_163music\pages\login_page.py", line 239, in login
    self.click_other_link()
  File "D:\Projects\workspace\test-practice-collection\03_ui_automation\framework\selenium_login_163music\pages\login_page.py", line 193, in click_other_link
    self.safe_click_raw(self.OTHER_LINK, step_name="click_other_link")
  File "D:\Projects\workspace\test-practice-collection\03_ui_automation\framework\selenium_login_163music\pages\login_page.py", line 154, in safe_click_raw
    element = self.find_element(locator, timeout=timeout)
  File "D:\Projects\workspace\test-practice-collection\03_ui_automation\framework\selenium_login_163music\pages\base_page.py", line 26, in find_element
    return self._build_wait(timeout).until(EC.visibility_of_element_located(locator))
  File "D:\Projects\miniconda3\envs\ui_test\lib\site-packages\selenium\webdriver\support\wait.py", line 112, in until
    value = method(self._driver)
  File "D:\Projects\miniconda3\envs\ui_test\lib\site-packages\selenium\webdriver\support\expected_conditions.py", line 184, in _predicate
    return _element_if_visible(driver.find_element(*locator))
  File "D:\Projects\miniconda3\envs\ui_test\lib\site-packages\selenium\webdriver\remote\webdriver.py", line 823, in find_element
    return self.execute(Command.FIND_ELEMENT, {"using": by, "value": value})["value"]
  File "D:\Projects\miniconda3\envs\ui_test\lib\site-packages\selenium\webdriver\remote\webdriver.py", line 447, in execute
    response = cast(RemoteConnection, self.command_executor).execute(driver_command, params)
  File "D:\Projects\miniconda3\envs\ui_test\lib\site-packages\selenium\webdriver\remote\remote_connection.py", line 407, in execute
    return self._request(command_info[0], url, body=data)
  File "D:\Projects\miniconda3\envs\ui_test\lib\site-packages\selenium\webdriver\remote\remote_connection.py", line 431, in _request
    response = self._conn.request(method, url, body=body, headers=headers, timeout=self._client_config.timeout)
  File "D:\Projects\miniconda3\envs\ui_test\lib\site-packages\urllib3\_request_methods.py", line 143, in request
    return self.request_encode_body(
  File "D:\Projects\miniconda3\envs\ui_test\lib\site-packages\urllib3\_request_methods.py", line 278, in request_encode_body
    return self.urlopen(method, url, **extra_kw)
  File "D:\Projects\miniconda3\envs\ui_test\lib\site-packages\urllib3\poolmanager.py", line 457, in urlopen
    response = conn.urlopen(method, u.request_uri, **kw)
  File "D:\Projects\miniconda3\envs\ui_test\lib\site-packages\urllib3\connectionpool.py", line 841, in urlopen
    retries = retries.increment(
  File "D:\Projects\miniconda3\envs\ui_test\lib\site-packages\urllib3\util\retry.py", line 490, in increment
    raise reraise(type(error), error, _stacktrace)
  File "D:\Projects\miniconda3\envs\ui_test\lib\site-packages\urllib3\util\util.py", line 39, in reraise
    raise value
  File "D:\Projects\miniconda3\envs\ui_test\lib\site-packages\urllib3\connectionpool.py", line 787, in urlopen
    response = self._make_request(
  File "D:\Projects\miniconda3\envs\ui_test\lib\site-packages\urllib3\connectionpool.py", line 536, in _make_request
    self._raise_timeout(err=e, url=url, timeout_value=read_timeout)
  File "D:\Projects\miniconda3\envs\ui_test\lib\site-packages\urllib3\connectionpool.py", line 367, in _raise_timeout
    raise ReadTimeoutError(
urllib3.exceptions.ReadTimeoutError: HTTPConnectionPool(host='localhost', port=55272): Read timed out. (read timeout=30)

During handling of the above exception, another exception occurred:

Traceback (most recent call last):
  File "D:\Projects\miniconda3\envs\ui_test\lib\site-packages\urllib3\connectionpool.py", line 534, in _make_request
    response = conn.getresponse()
  File "D:\Projects\miniconda3\envs\ui_test\lib\site-packages\urllib3\connection.py", line 571, in getresponse
    httplib_response = super().getresponse()
  File "D:\Projects\miniconda3\envs\ui_test\lib\http\client.py", line 1395, in getresponse
    response.begin()
  File "D:\Projects\miniconda3\envs\ui_test\lib\http\client.py", line 323, in begin
    version, status, reason = self._read_status()
  File "D:\Projects\miniconda3\envs\ui_test\lib\http\client.py", line 284, in _read_status
    line = str(self.fp.readline(_MAXLINE + 1), "iso-8859-1")
  File "D:\Projects\miniconda3\envs\ui_test\lib\socket.py", line 717, in readinto
    return self._sock.recv_into(b)
TimeoutError: timed out

The above exception was the direct cause of the following exception:

Traceback (most recent call last):
  File "D:\Projects\miniconda3\envs\ui_test\lib\site-packages\urllib3\connectionpool.py", line 787, in urlopen
    response = self._make_request(
  File "D:\Projects\miniconda3\envs\ui_test\lib\site-packages\urllib3\connectionpool.py", line 536, in _make_request
    self._raise_timeout(err=e, url=url, timeout_value=read_timeout)
  File "D:\Projects\miniconda3\envs\ui_test\lib\site-packages\urllib3\connectionpool.py", line 367, in _raise_timeout
    raise ReadTimeoutError(
urllib3.exceptions.ReadTimeoutError: HTTPConnectionPool(host='localhost', port=55272): Read timed out. (read timeout=30)

The above exception was the direct cause of the following exception:

Traceback (most recent call last):
  File "D:\Projects\workspace\test-practice-collection\03_ui_automation\framework\selenium_login_163music\pages\login_page.py", line 134, in debug_page_state
    screenshot_path = self.take_screenshot(f"debug_{tag}")
  File "D:\Projects\workspace\test-practice-collection\03_ui_automation\framework\selenium_login_163music\pages\base_page.py", line 66, in take_screenshot
    screenshot_path = save_driver_screenshot(self.driver, name)
  File "D:\Projects\workspace\test-practice-collection\03_ui_automation\framework\selenium_login_163music\utils\log_helper.py", line 68, in save_driver_screenshot
    if driver.save_screenshot(str(screenshot_path)):
  File "D:\Projects\miniconda3\envs\ui_test\lib\site-packages\selenium\webdriver\remote\webdriver.py", line 903, in save_screenshot
    return self.get_screenshot_as_file(filename)
  File "D:\Projects\miniconda3\envs\ui_test\lib\site-packages\selenium\webdriver\remote\webdriver.py", line 880, in get_screenshot_as_file
    png = self.get_screenshot_as_png()
  File "D:\Projects\miniconda3\envs\ui_test\lib\site-packages\selenium\webdriver\remote\webdriver.py", line 911, in get_screenshot_as_png
    return b64decode(self.get_screenshot_as_base64().encode("ascii"))
  File "D:\Projects\miniconda3\envs\ui_test\lib\site-packages\selenium\webdriver\remote\webdriver.py", line 921, in get_screenshot_as_base64
    return self.execute(Command.SCREENSHOT)["value"]
  File "D:\Projects\miniconda3\envs\ui_test\lib\site-packages\selenium\webdriver\remote\webdriver.py", line 447, in execute
    response = cast(RemoteConnection, self.command_executor).execute(driver_command, params)
  File "D:\Projects\miniconda3\envs\ui_test\lib\site-packages\selenium\webdriver\remote\remote_connection.py", line 407, in execute
    return self._request(command_info[0], url, body=data)
  File "D:\Projects\miniconda3\envs\ui_test\lib\site-packages\selenium\webdriver\remote\remote_connection.py", line 431, in _request
    response = self._conn.request(method, url, body=body, headers=headers, timeout=self._client_config.timeout)
  File "D:\Projects\miniconda3\envs\ui_test\lib\site-packages\urllib3\_request_methods.py", line 135, in request
    return self.request_encode_url(
  File "D:\Projects\miniconda3\envs\ui_test\lib\site-packages\urllib3\_request_methods.py", line 182, in request_encode_url
    return self.urlopen(method, url, **extra_kw)
  File "D:\Projects\miniconda3\envs\ui_test\lib\site-packages\urllib3\poolmanager.py", line 457, in urlopen
    response = conn.urlopen(method, u.request_uri, **kw)
  File "D:\Projects\miniconda3\envs\ui_test\lib\site-packages\urllib3\connectionpool.py", line 871, in urlopen
    return self.urlopen(
  File "D:\Projects\miniconda3\envs\ui_test\lib\site-packages\urllib3\connectionpool.py", line 871, in urlopen
    return self.urlopen(
  File "D:\Projects\miniconda3\envs\ui_test\lib\site-packages\urllib3\connectionpool.py", line 871, in urlopen
    return self.urlopen(
  File "D:\Projects\miniconda3\envs\ui_test\lib\site-packages\urllib3\connectionpool.py", line 841, in urlopen
    retries = retries.increment(
  File "D:\Projects\miniconda3\envs\ui_test\lib\site-packages\urllib3\util\retry.py", line 535, in increment
    raise MaxRetryError(_pool, url, reason) from reason  # type: ignore[arg-type]
urllib3.exceptions.MaxRetryError: HTTPConnectionPool(host='localhost', port=55272): Max retries exceeded with url: /session/3d17135d5c6f2e8aef193fcfe65f23e4/screenshot (Caused by ReadTimeoutError("HTTPConnectionPool(host='localhost', port=55272): Read timed out. (read timeout=30)"))
2026-05-23 16:09:20 | INFO | ui_test.pages.login_page | 【ERROR】卡在步骤 click_other_link，具体错误: HTTPConnectionPool(host='localhost', port=55272): Read timed out. (read timeout=30)
2026-05-23 16:09:20 | INFO | ui_test.framework.selenium_login_163music.conftest | 用例执行结果: tests/test_163.py::test_login_failure[case3] -> failed
2026-05-23 16:09:20 | ERROR | ui_test.framework.selenium_login_163music.conftest | 用例失败阶段: call -> tests/test_163.py::test_login_failure[case3]
2026-05-23 16:09:20 | ERROR | ui_test.framework.selenium_login_163music.conftest | 失败堆栈:
D:\Projects\miniconda3\envs\ui_test\lib\site-packages\urllib3\connectionpool.py:534: in _make_request
    response = conn.getresponse()
D:\Projects\miniconda3\envs\ui_test\lib\site-packages\urllib3\connection.py:571: in getresponse
    httplib_response = super().getresponse()
D:\Projects\miniconda3\envs\ui_test\lib\http\client.py:1395: in getresponse
    response.begin()
D:\Projects\miniconda3\envs\ui_test\lib\http\client.py:323: in begin
    version, status, reason = self._read_status()
D:\Projects\miniconda3\envs\ui_test\lib\http\client.py:284: in _read_status
    line = str(self.fp.readline(_MAXLINE + 1), "iso-8859-1")
D:\Projects\miniconda3\envs\ui_test\lib\socket.py:717: in readinto
    return self._sock.recv_into(b)
E   TimeoutError: timed out

The above exception was the direct cause of the following exception:
tests\test_163.py:14: in test_login_failure
    login_page.login(case["phone"], case["password"])
pages\login_page.py:239: in login
    self.click_other_link()
pages\login_page.py:193: in click_other_link
    self.safe_click_raw(self.OTHER_LINK, step_name="click_other_link")
pages\login_page.py:154: in safe_click_raw
    element = self.find_element(locator, timeout=timeout)
pages\base_page.py:26: in find_element
    return self._build_wait(timeout).until(EC.visibility_of_element_located(locator))
D:\Projects\miniconda3\envs\ui_test\lib\site-packages\selenium\webdriver\support\wait.py:112: in until
    value = method(self._driver)
D:\Projects\miniconda3\envs\ui_test\lib\site-packages\selenium\webdriver\support\expected_conditions.py:184: in _predicate
    return _element_if_visible(driver.find_element(*locator))
D:\Projects\miniconda3\envs\ui_test\lib\site-packages\selenium\webdriver\remote\webdriver.py:823: in find_element
    return self.execute(Command.FIND_ELEMENT, {"using": by, "value": value})["value"]
D:\Projects\miniconda3\envs\ui_test\lib\site-packages\selenium\webdriver\remote\webdriver.py:447: in execute
    response = cast(RemoteConnection, self.command_executor).execute(driver_command, params)
D:\Projects\miniconda3\envs\ui_test\lib\site-packages\selenium\webdriver\remote\remote_connection.py:407: in execute
    return self._request(command_info[0], url, body=data)
D:\Projects\miniconda3\envs\ui_test\lib\site-packages\selenium\webdriver\remote\remote_connection.py:431: in _request
    response = self._conn.request(method, url, body=body, headers=headers, timeout=self._client_config.timeout)
D:\Projects\miniconda3\envs\ui_test\lib\site-packages\urllib3\_request_methods.py:143: in request
    return self.request_encode_body(
D:\Projects\miniconda3\envs\ui_test\lib\site-packages\urllib3\_request_methods.py:278: in request_encode_body
    return self.urlopen(method, url, **extra_kw)
D:\Projects\miniconda3\envs\ui_test\lib\site-packages\urllib3\poolmanager.py:457: in urlopen
    response = conn.urlopen(method, u.request_uri, **kw)
D:\Projects\miniconda3\envs\ui_test\lib\site-packages\urllib3\connectionpool.py:841: in urlopen
    retries = retries.increment(
D:\Projects\miniconda3\envs\ui_test\lib\site-packages\urllib3\util\retry.py:490: in increment
    raise reraise(type(error), error, _stacktrace)
D:\Projects\miniconda3\envs\ui_test\lib\site-packages\urllib3\util\util.py:39: in reraise
    raise value
D:\Projects\miniconda3\envs\ui_test\lib\site-packages\urllib3\connectionpool.py:787: in urlopen
    response = self._make_request(
D:\Projects\miniconda3\envs\ui_test\lib\site-packages\urllib3\connectionpool.py:536: in _make_request
    self._raise_timeout(err=e, url=url, timeout_value=read_timeout)
D:\Projects\miniconda3\envs\ui_test\lib\site-packages\urllib3\connectionpool.py:367: in _raise_timeout
    raise ReadTimeoutError(
E   urllib3.exceptions.ReadTimeoutError: HTTPConnectionPool(host='localhost', port=55272): Read timed out. (read timeout=30)
2026-05-23 16:09:20 | WARNING | ui_test.framework.selenium_login_163music.conftest | 检测到 driver 已失联，本次失败跳过截图
2026-05-23 16:09:20 | WARNING | ui_test.framework.selenium_login_163music.conftest | 本次跳过 driver.quit()，直接清理 EdgeDriver 进程
2026-05-23 16:09:23 | INFO | ui_test.framework.selenium_login_163music.conftest | EdgeDriver 进程已结束: 4608
2026-05-23 16:09:23 | INFO | ui_test.framework.selenium_login_163music.conftest | 已清理独立浏览器环境: D:\Projects\workspace\test-practice-collection\03_ui_automation\framework\selenium_login_163music\.runtime_profiles\profile_1779523407695
2026-05-23 16:09:23 | INFO | ui_test.framework.selenium_login_163music.conftest | 冷却 5 秒后进入下一个 case
2026-05-23 16:09:28 | INFO | ui_test.framework.selenium_login_163music.conftest | 开始执行用例: tests/test_163.py::test_login_failure[case4]
2026-05-23 16:09:28 | INFO | ui_test.framework.selenium_login_163music.conftest | 准备启动 EdgeDriver: D:\Projects\workspace\test-practice-collection\03_ui_automation\framework\selenium_login_163music\utils\edgedriver_win64\msedgedriver.exe
2026-05-23 16:09:28 | INFO | ui_test.framework.selenium_login_163music.conftest | 创建独立浏览器环境: D:\Projects\workspace\test-practice-collection\03_ui_automation\framework\selenium_login_163music\.runtime_profiles\profile_1779523768380
2026-05-23 16:09:29 | INFO | ui_test.framework.selenium_login_163music.conftest | Edge 会话已创建: fdbc267eb3ea4de4b70fdaa95d03b492
2026-05-23 16:09:33 | INFO | ui_test.pages.login_page | 准备点击步骤: click_login_link, locator=('css selector', '.m-tophead.f-pr.j-tflag a')
2026-05-23 16:09:33 | INFO | ui_test.pages.login_page | 【1】success click_login_link
2026-05-23 16:09:33 | INFO | ui_test.pages.login_page | 等待页面稳定: 2 秒
2026-05-23 16:09:35 | INFO | ui_test.pages.login_page | 开始记录调试信息: after_click_login_link
2026-05-23 16:09:35 | INFO | ui_test.pages.login_page | 页面调试信息[after_click_login_link]: {"agreementLink": null, "bodyHints": {"hasAccountErrorText": false, "hasAgreementText": false, "hasOtherLoginText": true, "hasPasswordLoginText": false, "hasPasswordRequiredText": false, "hasPhoneRegisterText": false, "hasPhoneRequiredText": false, "hasSliderText": false}, "errorTip": null, "loginLink": {"className": "link s-fc3", "display": "block", "height": 17, "id": "", "opacity": "1", "tag": "A", "text": "登录", "visibility": "visible", "width": 28, "x": 1257, "y": 26}, "modalPreview": {"className": "mrc-modal-wrapper mrc-modal-wrapper-center mrc-modal-center", "display": "flex", "height": 732, "id": "", "opacity": "1", "tag": "DIV", "text": "登录 扫码登录 使用 网易云音乐APP 扫码登录 选择其他登录模式 下载客户端，VIP歌曲免费听", "visibility": "visible", "width": 1528, "x": 0, "y": 0}, "otherLink": {"className": "_3xIXD0Q6", "display": "block", "height": 30, "id": "", "opacity": "1", "tag": "A", "text": "选择其他登录模式", "visibility": "visible", "width": 120, "x": 704, "y": 463}, "passwordLink": null, "phoneLink": null, "readyState": "complete", "title": "网易云音乐", "url": "https://music.163.com/"}
2026-05-23 16:09:35 | INFO | ui_test.pages.login_page | 准备点击步骤: click_other_link, locator=('xpath', '//a[contains(text(), "选择其他登录模式")]')
2026-05-23 16:09:35 | INFO | ui_test.pages.login_page | 【2】success click_other_link
2026-05-23 16:09:35 | INFO | ui_test.pages.login_page | 等待页面稳定: 2 秒
2026-05-23 16:09:37 | INFO | ui_test.pages.login_page | 开始记录调试信息: after_click_other_link
2026-05-23 16:09:37 | INFO | ui_test.pages.login_page | 页面调试信息[after_click_other_link]: {"agreementLink": {"className": "", "display": "inline-block", "height": 13, "id": "j-official-terms", "opacity": "1", "tag": "INPUT", "text": "", "visibility": "visible", "width": 13, "x": 535, "y": 504}, "bodyHints": {"hasAccountErrorText": false, "hasAgreementText": true, "hasOtherLoginText": false, "hasPasswordLoginText": false, "hasPasswordRequiredText": false, "hasPhoneRegisterText": true, "hasPhoneRequiredText": false, "hasSliderText": false}, "errorTip": null, "loginLink": {"className": "link s-fc3", "display": "block", "height": 17, "id": "", "opacity": "1", "tag": "A", "text": "登录", "visibility": "visible", "width": 28, "x": 1257, "y": 26}, "modalPreview": {"className": "mrc-modal-wrapper mrc-modal-wrapper-center mrc-modal-center", "display": "flex", "height": 732, "id": "", "opacity": "1", "tag": "DIV", "text": "登录 手机号登录/注册 微信登录 QQ登录 微博登录 网易邮箱账号登录 同意《服务条款》《隐私政策》《儿童隐私政策》", "visibility": "visible", "width": 1528, "x": 0, "y": 0}, "otherLink": null, "passwordLink": null, "phoneLink": {"className": "tan2MIhq", "display": "block", "height": 31, "id": "", "opacity": "1", "tag": "DIV", "text": "手机号登录/注册", "visibility": "visible", "width": 219, "x": 561, "y": 424}, "readyState": "complete", "title": "网易云音乐", "url": "https://music.163.com/"}
2026-05-23 16:09:37 | INFO | ui_test.pages.login_page | 直接定位元素: ('xpath', '//*[@id="j-official-terms"]')
2026-05-23 16:09:37 | INFO | ui_test.pages.login_page | 【3】success click_agreement_link
2026-05-23 16:09:37 | INFO | ui_test.pages.login_page | 等待页面稳定: 1 秒
2026-05-23 16:09:39 | INFO | ui_test.pages.login_page | 直接定位元素: ('xpath', '//div[contains(text(), "手机号登录/注册")]')
2026-05-23 16:09:39 | INFO | ui_test.pages.login_page | 【4】success click_phone_link
2026-05-23 16:09:39 | INFO | ui_test.pages.login_page | 等待页面稳定: 3 秒
2026-05-23 16:09:42 | INFO | ui_test.pages.login_page | 开始记录调试信息: after_click_phone_link
2026-05-23 16:09:56 | INFO | ui_test.pages.login_page | 页面调试信息[after_click_phone_link]: {"agreementLink": null, "bodyHints": {"hasAccountErrorText": false, "hasAgreementText": false, "hasOtherLoginText": false, "hasPasswordLoginText": false, "hasPasswordRequiredText": false, "hasPhoneRegisterText": false, "hasPhoneRequiredText": false, "hasSliderText": false}, "errorTip": null, "loginLink": {"className": "link s-fc3", "display": "block", "height": 17, "id": "", "opacity": "1", "tag": "A", "text": "登录", "visibility": "visible", "width": 28, "x": 1257, "y": 26}, "modalPreview": {"className": "mrc-modal-wrapper mrc-modal-wrapper-center mrc-modal-center", "display": "flex", "height": 732, "id": "", "opacity": "1", "tag": "DIV", "text": "手机号登录 < 其他登录方式", "visibility": "visible", "width": 1528, "x": 0, "y": 0}, "otherLink": null, "passwordLink": {"className": "Z90NHNuv", "display": "block", "height": 48, "id": "", "opacity": "1", "tag": "A", "text": "< 其他登录方式", "visibility": "visible", "width": 86, "x": 513, "y": 502}, "phoneLink": null, "readyState": "complete", "title": "网易云音乐", "url": "https://music.163.com/"}
2026-05-23 16:09:56 | INFO | ui_test.pages.login_page | 直接定位元素: ('xpath', '/html/body/div[7]/div/div[2]/div/div/div[2]/div[1]/a')
2026-05-23 16:10:26 | INFO | ui_test.pages.login_page | 开始记录调试信息: click_password_link_js_click_failed
2026-05-23 16:10:56 | ERROR | ui_test.pages.login_page | 记录页面调试信息失败: click_password_link_js_click_failed
Traceback (most recent call last):
  File "D:\Projects\miniconda3\envs\ui_test\lib\site-packages\urllib3\connectionpool.py", line 534, in _make_request
    response = conn.getresponse()
  File "D:\Projects\miniconda3\envs\ui_test\lib\site-packages\urllib3\connection.py", line 571, in getresponse
    httplib_response = super().getresponse()
  File "D:\Projects\miniconda3\envs\ui_test\lib\http\client.py", line 1395, in getresponse
    response.begin()
  File "D:\Projects\miniconda3\envs\ui_test\lib\http\client.py", line 323, in begin
    version, status, reason = self._read_status()
  File "D:\Projects\miniconda3\envs\ui_test\lib\http\client.py", line 284, in _read_status
    line = str(self.fp.readline(_MAXLINE + 1), "iso-8859-1")
  File "D:\Projects\miniconda3\envs\ui_test\lib\socket.py", line 717, in readinto
    return self._sock.recv_into(b)
TimeoutError: timed out

The above exception was the direct cause of the following exception:

Traceback (most recent call last):
  File "D:\Projects\workspace\test-practice-collection\03_ui_automation\framework\selenium_login_163music\pages\login_page.py", line 142, in js_click_raw
    element = self.find_raw_element(locator)
  File "D:\Projects\workspace\test-practice-collection\03_ui_automation\framework\selenium_login_163music\pages\login_page.py", line 49, in find_raw_element
    return self.driver.find_element(*locator)
  File "D:\Projects\miniconda3\envs\ui_test\lib\site-packages\selenium\webdriver\remote\webdriver.py", line 823, in find_element
    return self.execute(Command.FIND_ELEMENT, {"using": by, "value": value})["value"]
  File "D:\Projects\miniconda3\envs\ui_test\lib\site-packages\selenium\webdriver\remote\webdriver.py", line 447, in execute
    response = cast(RemoteConnection, self.command_executor).execute(driver_command, params)
  File "D:\Projects\miniconda3\envs\ui_test\lib\site-packages\selenium\webdriver\remote\remote_connection.py", line 407, in execute
    return self._request(command_info[0], url, body=data)
  File "D:\Projects\miniconda3\envs\ui_test\lib\site-packages\selenium\webdriver\remote\remote_connection.py", line 431, in _request
    response = self._conn.request(method, url, body=body, headers=headers, timeout=self._client_config.timeout)
  File "D:\Projects\miniconda3\envs\ui_test\lib\site-packages\urllib3\_request_methods.py", line 143, in request
    return self.request_encode_body(
  File "D:\Projects\miniconda3\envs\ui_test\lib\site-packages\urllib3\_request_methods.py", line 278, in request_encode_body
    return self.urlopen(method, url, **extra_kw)
  File "D:\Projects\miniconda3\envs\ui_test\lib\site-packages\urllib3\poolmanager.py", line 457, in urlopen
    response = conn.urlopen(method, u.request_uri, **kw)
  File "D:\Projects\miniconda3\envs\ui_test\lib\site-packages\urllib3\connectionpool.py", line 841, in urlopen
    retries = retries.increment(
  File "D:\Projects\miniconda3\envs\ui_test\lib\site-packages\urllib3\util\retry.py", line 490, in increment
    raise reraise(type(error), error, _stacktrace)
  File "D:\Projects\miniconda3\envs\ui_test\lib\site-packages\urllib3\util\util.py", line 39, in reraise
    raise value
  File "D:\Projects\miniconda3\envs\ui_test\lib\site-packages\urllib3\connectionpool.py", line 787, in urlopen
    response = self._make_request(
  File "D:\Projects\miniconda3\envs\ui_test\lib\site-packages\urllib3\connectionpool.py", line 536, in _make_request
    self._raise_timeout(err=e, url=url, timeout_value=read_timeout)
  File "D:\Projects\miniconda3\envs\ui_test\lib\site-packages\urllib3\connectionpool.py", line 367, in _raise_timeout
    raise ReadTimeoutError(
urllib3.exceptions.ReadTimeoutError: HTTPConnectionPool(host='localhost', port=59537): Read timed out. (read timeout=30)

During handling of the above exception, another exception occurred:

Traceback (most recent call last):
  File "D:\Projects\miniconda3\envs\ui_test\lib\site-packages\urllib3\connectionpool.py", line 534, in _make_request
    response = conn.getresponse()
  File "D:\Projects\miniconda3\envs\ui_test\lib\site-packages\urllib3\connection.py", line 571, in getresponse
    httplib_response = super().getresponse()
  File "D:\Projects\miniconda3\envs\ui_test\lib\http\client.py", line 1395, in getresponse
    response.begin()
  File "D:\Projects\miniconda3\envs\ui_test\lib\http\client.py", line 323, in begin
    version, status, reason = self._read_status()
  File "D:\Projects\miniconda3\envs\ui_test\lib\http\client.py", line 284, in _read_status
    line = str(self.fp.readline(_MAXLINE + 1), "iso-8859-1")
  File "D:\Projects\miniconda3\envs\ui_test\lib\socket.py", line 717, in readinto
    return self._sock.recv_into(b)
TimeoutError: timed out

The above exception was the direct cause of the following exception:

Traceback (most recent call last):
  File "D:\Projects\workspace\test-practice-collection\03_ui_automation\framework\selenium_login_163music\pages\login_page.py", line 54, in debug_page_state
    state = self.driver.execute_script(
  File "D:\Projects\miniconda3\envs\ui_test\lib\site-packages\selenium\webdriver\remote\webdriver.py", line 536, in execute_script
    return self.execute(command, {"script": script, "args": converted_args})["value"]
  File "D:\Projects\miniconda3\envs\ui_test\lib\site-packages\selenium\webdriver\remote\webdriver.py", line 447, in execute
    response = cast(RemoteConnection, self.command_executor).execute(driver_command, params)
  File "D:\Projects\miniconda3\envs\ui_test\lib\site-packages\selenium\webdriver\remote\remote_connection.py", line 407, in execute
    return self._request(command_info[0], url, body=data)
  File "D:\Projects\miniconda3\envs\ui_test\lib\site-packages\selenium\webdriver\remote\remote_connection.py", line 431, in _request
    response = self._conn.request(method, url, body=body, headers=headers, timeout=self._client_config.timeout)
  File "D:\Projects\miniconda3\envs\ui_test\lib\site-packages\urllib3\_request_methods.py", line 143, in request
    return self.request_encode_body(
  File "D:\Projects\miniconda3\envs\ui_test\lib\site-packages\urllib3\_request_methods.py", line 278, in request_encode_body
    return self.urlopen(method, url, **extra_kw)
  File "D:\Projects\miniconda3\envs\ui_test\lib\site-packages\urllib3\poolmanager.py", line 457, in urlopen
    response = conn.urlopen(method, u.request_uri, **kw)
  File "D:\Projects\miniconda3\envs\ui_test\lib\site-packages\urllib3\connectionpool.py", line 841, in urlopen
    retries = retries.increment(
  File "D:\Projects\miniconda3\envs\ui_test\lib\site-packages\urllib3\util\retry.py", line 490, in increment
    raise reraise(type(error), error, _stacktrace)
  File "D:\Projects\miniconda3\envs\ui_test\lib\site-packages\urllib3\util\util.py", line 39, in reraise
    raise value
  File "D:\Projects\miniconda3\envs\ui_test\lib\site-packages\urllib3\connectionpool.py", line 787, in urlopen
    response = self._make_request(
  File "D:\Projects\miniconda3\envs\ui_test\lib\site-packages\urllib3\connectionpool.py", line 536, in _make_request
    self._raise_timeout(err=e, url=url, timeout_value=read_timeout)
  File "D:\Projects\miniconda3\envs\ui_test\lib\site-packages\urllib3\connectionpool.py", line 367, in _raise_timeout
    raise ReadTimeoutError(
urllib3.exceptions.ReadTimeoutError: HTTPConnectionPool(host='localhost', port=59537): Read timed out. (read timeout=30)
2026-05-23 16:12:56 | ERROR | ui_test.pages.login_page | 保存调试截图失败: click_password_link_js_click_failed
Traceback (most recent call last):
  File "D:\Projects\miniconda3\envs\ui_test\lib\site-packages\urllib3\connectionpool.py", line 534, in _make_request
    response = conn.getresponse()
  File "D:\Projects\miniconda3\envs\ui_test\lib\site-packages\urllib3\connection.py", line 571, in getresponse
    httplib_response = super().getresponse()
  File "D:\Projects\miniconda3\envs\ui_test\lib\http\client.py", line 1395, in getresponse
    response.begin()
  File "D:\Projects\miniconda3\envs\ui_test\lib\http\client.py", line 323, in begin
    version, status, reason = self._read_status()
  File "D:\Projects\miniconda3\envs\ui_test\lib\http\client.py", line 284, in _read_status
    line = str(self.fp.readline(_MAXLINE + 1), "iso-8859-1")
  File "D:\Projects\miniconda3\envs\ui_test\lib\socket.py", line 717, in readinto
    return self._sock.recv_into(b)
TimeoutError: timed out

The above exception was the direct cause of the following exception:

Traceback (most recent call last):
  File "D:\Projects\workspace\test-practice-collection\03_ui_automation\framework\selenium_login_163music\pages\login_page.py", line 142, in js_click_raw
    element = self.find_raw_element(locator)
  File "D:\Projects\workspace\test-practice-collection\03_ui_automation\framework\selenium_login_163music\pages\login_page.py", line 49, in find_raw_element
    return self.driver.find_element(*locator)
  File "D:\Projects\miniconda3\envs\ui_test\lib\site-packages\selenium\webdriver\remote\webdriver.py", line 823, in find_element
    return self.execute(Command.FIND_ELEMENT, {"using": by, "value": value})["value"]
  File "D:\Projects\miniconda3\envs\ui_test\lib\site-packages\selenium\webdriver\remote\webdriver.py", line 447, in execute
    response = cast(RemoteConnection, self.command_executor).execute(driver_command, params)
  File "D:\Projects\miniconda3\envs\ui_test\lib\site-packages\selenium\webdriver\remote\remote_connection.py", line 407, in execute
    return self._request(command_info[0], url, body=data)
  File "D:\Projects\miniconda3\envs\ui_test\lib\site-packages\selenium\webdriver\remote\remote_connection.py", line 431, in _request
    response = self._conn.request(method, url, body=body, headers=headers, timeout=self._client_config.timeout)
  File "D:\Projects\miniconda3\envs\ui_test\lib\site-packages\urllib3\_request_methods.py", line 143, in request
    return self.request_encode_body(
  File "D:\Projects\miniconda3\envs\ui_test\lib\site-packages\urllib3\_request_methods.py", line 278, in request_encode_body
    return self.urlopen(method, url, **extra_kw)
  File "D:\Projects\miniconda3\envs\ui_test\lib\site-packages\urllib3\poolmanager.py", line 457, in urlopen
    response = conn.urlopen(method, u.request_uri, **kw)
  File "D:\Projects\miniconda3\envs\ui_test\lib\site-packages\urllib3\connectionpool.py", line 841, in urlopen
    retries = retries.increment(
  File "D:\Projects\miniconda3\envs\ui_test\lib\site-packages\urllib3\util\retry.py", line 490, in increment
    raise reraise(type(error), error, _stacktrace)
  File "D:\Projects\miniconda3\envs\ui_test\lib\site-packages\urllib3\util\util.py", line 39, in reraise
    raise value
  File "D:\Projects\miniconda3\envs\ui_test\lib\site-packages\urllib3\connectionpool.py", line 787, in urlopen
    response = self._make_request(
  File "D:\Projects\miniconda3\envs\ui_test\lib\site-packages\urllib3\connectionpool.py", line 536, in _make_request
    self._raise_timeout(err=e, url=url, timeout_value=read_timeout)
  File "D:\Projects\miniconda3\envs\ui_test\lib\site-packages\urllib3\connectionpool.py", line 367, in _raise_timeout
    raise ReadTimeoutError(
urllib3.exceptions.ReadTimeoutError: HTTPConnectionPool(host='localhost', port=59537): Read timed out. (read timeout=30)

During handling of the above exception, another exception occurred:

Traceback (most recent call last):
  File "D:\Projects\miniconda3\envs\ui_test\lib\site-packages\urllib3\connectionpool.py", line 534, in _make_request
    response = conn.getresponse()
  File "D:\Projects\miniconda3\envs\ui_test\lib\site-packages\urllib3\connection.py", line 571, in getresponse
    httplib_response = super().getresponse()
  File "D:\Projects\miniconda3\envs\ui_test\lib\http\client.py", line 1395, in getresponse
    response.begin()
  File "D:\Projects\miniconda3\envs\ui_test\lib\http\client.py", line 323, in begin
    version, status, reason = self._read_status()
  File "D:\Projects\miniconda3\envs\ui_test\lib\http\client.py", line 284, in _read_status
    line = str(self.fp.readline(_MAXLINE + 1), "iso-8859-1")
  File "D:\Projects\miniconda3\envs\ui_test\lib\socket.py", line 717, in readinto
    return self._sock.recv_into(b)
TimeoutError: timed out

The above exception was the direct cause of the following exception:

Traceback (most recent call last):
  File "D:\Projects\miniconda3\envs\ui_test\lib\site-packages\urllib3\connectionpool.py", line 787, in urlopen
    response = self._make_request(
  File "D:\Projects\miniconda3\envs\ui_test\lib\site-packages\urllib3\connectionpool.py", line 536, in _make_request
    self._raise_timeout(err=e, url=url, timeout_value=read_timeout)
  File "D:\Projects\miniconda3\envs\ui_test\lib\site-packages\urllib3\connectionpool.py", line 367, in _raise_timeout
    raise ReadTimeoutError(
urllib3.exceptions.ReadTimeoutError: HTTPConnectionPool(host='localhost', port=59537): Read timed out. (read timeout=30)

The above exception was the direct cause of the following exception:

Traceback (most recent call last):
  File "D:\Projects\workspace\test-practice-collection\03_ui_automation\framework\selenium_login_163music\pages\login_page.py", line 134, in debug_page_state
    screenshot_path = self.take_screenshot(f"debug_{tag}")
  File "D:\Projects\workspace\test-practice-collection\03_ui_automation\framework\selenium_login_163music\pages\base_page.py", line 66, in take_screenshot
    screenshot_path = save_driver_screenshot(self.driver, name)
  File "D:\Projects\workspace\test-practice-collection\03_ui_automation\framework\selenium_login_163music\utils\log_helper.py", line 68, in save_driver_screenshot
    if driver.save_screenshot(str(screenshot_path)):
  File "D:\Projects\miniconda3\envs\ui_test\lib\site-packages\selenium\webdriver\remote\webdriver.py", line 903, in save_screenshot
    return self.get_screenshot_as_file(filename)
  File "D:\Projects\miniconda3\envs\ui_test\lib\site-packages\selenium\webdriver\remote\webdriver.py", line 880, in get_screenshot_as_file
    png = self.get_screenshot_as_png()
  File "D:\Projects\miniconda3\envs\ui_test\lib\site-packages\selenium\webdriver\remote\webdriver.py", line 911, in get_screenshot_as_png
    return b64decode(self.get_screenshot_as_base64().encode("ascii"))
  File "D:\Projects\miniconda3\envs\ui_test\lib\site-packages\selenium\webdriver\remote\webdriver.py", line 921, in get_screenshot_as_base64
    return self.execute(Command.SCREENSHOT)["value"]
  File "D:\Projects\miniconda3\envs\ui_test\lib\site-packages\selenium\webdriver\remote\webdriver.py", line 447, in execute
    response = cast(RemoteConnection, self.command_executor).execute(driver_command, params)
  File "D:\Projects\miniconda3\envs\ui_test\lib\site-packages\selenium\webdriver\remote\remote_connection.py", line 407, in execute
    return self._request(command_info[0], url, body=data)
  File "D:\Projects\miniconda3\envs\ui_test\lib\site-packages\selenium\webdriver\remote\remote_connection.py", line 431, in _request
    response = self._conn.request(method, url, body=body, headers=headers, timeout=self._client_config.timeout)
  File "D:\Projects\miniconda3\envs\ui_test\lib\site-packages\urllib3\_request_methods.py", line 135, in request
    return self.request_encode_url(
  File "D:\Projects\miniconda3\envs\ui_test\lib\site-packages\urllib3\_request_methods.py", line 182, in request_encode_url
    return self.urlopen(method, url, **extra_kw)
  File "D:\Projects\miniconda3\envs\ui_test\lib\site-packages\urllib3\poolmanager.py", line 457, in urlopen
    response = conn.urlopen(method, u.request_uri, **kw)
  File "D:\Projects\miniconda3\envs\ui_test\lib\site-packages\urllib3\connectionpool.py", line 871, in urlopen
    return self.urlopen(
  File "D:\Projects\miniconda3\envs\ui_test\lib\site-packages\urllib3\connectionpool.py", line 871, in urlopen
    return self.urlopen(
  File "D:\Projects\miniconda3\envs\ui_test\lib\site-packages\urllib3\connectionpool.py", line 871, in urlopen
    return self.urlopen(
  File "D:\Projects\miniconda3\envs\ui_test\lib\site-packages\urllib3\connectionpool.py", line 841, in urlopen
    retries = retries.increment(
  File "D:\Projects\miniconda3\envs\ui_test\lib\site-packages\urllib3\util\retry.py", line 535, in increment
    raise MaxRetryError(_pool, url, reason) from reason  # type: ignore[arg-type]
urllib3.exceptions.MaxRetryError: HTTPConnectionPool(host='localhost', port=59537): Max retries exceeded with url: /session/fdbc267eb3ea4de4b70fdaa95d03b492/screenshot (Caused by ReadTimeoutError("HTTPConnectionPool(host='localhost', port=59537): Read timed out. (read timeout=30)"))
2026-05-23 16:12:56 | ERROR | ui_test.pages.login_page | 登录流程执行失败，失败步骤: click_password_link
Traceback (most recent call last):
  File "D:\Projects\miniconda3\envs\ui_test\lib\site-packages\urllib3\connectionpool.py", line 534, in _make_request
    response = conn.getresponse()
  File "D:\Projects\miniconda3\envs\ui_test\lib\site-packages\urllib3\connection.py", line 571, in getresponse
    httplib_response = super().getresponse()
  File "D:\Projects\miniconda3\envs\ui_test\lib\http\client.py", line 1395, in getresponse
    response.begin()
  File "D:\Projects\miniconda3\envs\ui_test\lib\http\client.py", line 323, in begin
    version, status, reason = self._read_status()
  File "D:\Projects\miniconda3\envs\ui_test\lib\http\client.py", line 284, in _read_status
    line = str(self.fp.readline(_MAXLINE + 1), "iso-8859-1")
  File "D:\Projects\miniconda3\envs\ui_test\lib\socket.py", line 717, in readinto
    return self._sock.recv_into(b)
TimeoutError: timed out

The above exception was the direct cause of the following exception:

Traceback (most recent call last):
  File "D:\Projects\workspace\test-practice-collection\03_ui_automation\framework\selenium_login_163music\pages\login_page.py", line 256, in login
    self.click_password_link()
  File "D:\Projects\workspace\test-practice-collection\03_ui_automation\framework\selenium_login_163music\pages\login_page.py", line 202, in click_password_link
    self.js_click_raw(self.PASSWORD_LINK, step_name="click_password_link")
  File "D:\Projects\workspace\test-practice-collection\03_ui_automation\framework\selenium_login_163music\pages\login_page.py", line 142, in js_click_raw
    element = self.find_raw_element(locator)
  File "D:\Projects\workspace\test-practice-collection\03_ui_automation\framework\selenium_login_163music\pages\login_page.py", line 49, in find_raw_element
    return self.driver.find_element(*locator)
  File "D:\Projects\miniconda3\envs\ui_test\lib\site-packages\selenium\webdriver\remote\webdriver.py", line 823, in find_element
    return self.execute(Command.FIND_ELEMENT, {"using": by, "value": value})["value"]
  File "D:\Projects\miniconda3\envs\ui_test\lib\site-packages\selenium\webdriver\remote\webdriver.py", line 447, in execute
    response = cast(RemoteConnection, self.command_executor).execute(driver_command, params)
  File "D:\Projects\miniconda3\envs\ui_test\lib\site-packages\selenium\webdriver\remote\remote_connection.py", line 407, in execute
    return self._request(command_info[0], url, body=data)
  File "D:\Projects\miniconda3\envs\ui_test\lib\site-packages\selenium\webdriver\remote\remote_connection.py", line 431, in _request
    response = self._conn.request(method, url, body=body, headers=headers, timeout=self._client_config.timeout)
  File "D:\Projects\miniconda3\envs\ui_test\lib\site-packages\urllib3\_request_methods.py", line 143, in request
    return self.request_encode_body(
  File "D:\Projects\miniconda3\envs\ui_test\lib\site-packages\urllib3\_request_methods.py", line 278, in request_encode_body
    return self.urlopen(method, url, **extra_kw)
  File "D:\Projects\miniconda3\envs\ui_test\lib\site-packages\urllib3\poolmanager.py", line 457, in urlopen
    response = conn.urlopen(method, u.request_uri, **kw)
  File "D:\Projects\miniconda3\envs\ui_test\lib\site-packages\urllib3\connectionpool.py", line 841, in urlopen
    retries = retries.increment(
  File "D:\Projects\miniconda3\envs\ui_test\lib\site-packages\urllib3\util\retry.py", line 490, in increment
    raise reraise(type(error), error, _stacktrace)
  File "D:\Projects\miniconda3\envs\ui_test\lib\site-packages\urllib3\util\util.py", line 39, in reraise
    raise value
  File "D:\Projects\miniconda3\envs\ui_test\lib\site-packages\urllib3\connectionpool.py", line 787, in urlopen
    response = self._make_request(
  File "D:\Projects\miniconda3\envs\ui_test\lib\site-packages\urllib3\connectionpool.py", line 536, in _make_request
    self._raise_timeout(err=e, url=url, timeout_value=read_timeout)
  File "D:\Projects\miniconda3\envs\ui_test\lib\site-packages\urllib3\connectionpool.py", line 367, in _raise_timeout
    raise ReadTimeoutError(
urllib3.exceptions.ReadTimeoutError: HTTPConnectionPool(host='localhost', port=59537): Read timed out. (read timeout=30)
2026-05-23 16:12:56 | INFO | ui_test.pages.login_page | 开始记录调试信息: login_exception_click_password_link
2026-05-23 16:13:26 | ERROR | ui_test.pages.login_page | 记录页面调试信息失败: login_exception_click_password_link
Traceback (most recent call last):
  File "D:\Projects\miniconda3\envs\ui_test\lib\site-packages\urllib3\connectionpool.py", line 534, in _make_request
    response = conn.getresponse()
  File "D:\Projects\miniconda3\envs\ui_test\lib\site-packages\urllib3\connection.py", line 571, in getresponse
    httplib_response = super().getresponse()
  File "D:\Projects\miniconda3\envs\ui_test\lib\http\client.py", line 1395, in getresponse
    response.begin()
  File "D:\Projects\miniconda3\envs\ui_test\lib\http\client.py", line 323, in begin
    version, status, reason = self._read_status()
  File "D:\Projects\miniconda3\envs\ui_test\lib\http\client.py", line 284, in _read_status
    line = str(self.fp.readline(_MAXLINE + 1), "iso-8859-1")
  File "D:\Projects\miniconda3\envs\ui_test\lib\socket.py", line 717, in readinto
    return self._sock.recv_into(b)
TimeoutError: timed out

The above exception was the direct cause of the following exception:

Traceback (most recent call last):
  File "D:\Projects\workspace\test-practice-collection\03_ui_automation\framework\selenium_login_163music\pages\login_page.py", line 256, in login
    self.click_password_link()
  File "D:\Projects\workspace\test-practice-collection\03_ui_automation\framework\selenium_login_163music\pages\login_page.py", line 202, in click_password_link
    self.js_click_raw(self.PASSWORD_LINK, step_name="click_password_link")
  File "D:\Projects\workspace\test-practice-collection\03_ui_automation\framework\selenium_login_163music\pages\login_page.py", line 142, in js_click_raw
    element = self.find_raw_element(locator)
  File "D:\Projects\workspace\test-practice-collection\03_ui_automation\framework\selenium_login_163music\pages\login_page.py", line 49, in find_raw_element
    return self.driver.find_element(*locator)
  File "D:\Projects\miniconda3\envs\ui_test\lib\site-packages\selenium\webdriver\remote\webdriver.py", line 823, in find_element
    return self.execute(Command.FIND_ELEMENT, {"using": by, "value": value})["value"]
  File "D:\Projects\miniconda3\envs\ui_test\lib\site-packages\selenium\webdriver\remote\webdriver.py", line 447, in execute
    response = cast(RemoteConnection, self.command_executor).execute(driver_command, params)
  File "D:\Projects\miniconda3\envs\ui_test\lib\site-packages\selenium\webdriver\remote\remote_connection.py", line 407, in execute
    return self._request(command_info[0], url, body=data)
  File "D:\Projects\miniconda3\envs\ui_test\lib\site-packages\selenium\webdriver\remote\remote_connection.py", line 431, in _request
    response = self._conn.request(method, url, body=body, headers=headers, timeout=self._client_config.timeout)
  File "D:\Projects\miniconda3\envs\ui_test\lib\site-packages\urllib3\_request_methods.py", line 143, in request
    return self.request_encode_body(
  File "D:\Projects\miniconda3\envs\ui_test\lib\site-packages\urllib3\_request_methods.py", line 278, in request_encode_body
    return self.urlopen(method, url, **extra_kw)
  File "D:\Projects\miniconda3\envs\ui_test\lib\site-packages\urllib3\poolmanager.py", line 457, in urlopen
    response = conn.urlopen(method, u.request_uri, **kw)
  File "D:\Projects\miniconda3\envs\ui_test\lib\site-packages\urllib3\connectionpool.py", line 841, in urlopen
    retries = retries.increment(
  File "D:\Projects\miniconda3\envs\ui_test\lib\site-packages\urllib3\util\retry.py", line 490, in increment
    raise reraise(type(error), error, _stacktrace)
  File "D:\Projects\miniconda3\envs\ui_test\lib\site-packages\urllib3\util\util.py", line 39, in reraise
    raise value
  File "D:\Projects\miniconda3\envs\ui_test\lib\site-packages\urllib3\connectionpool.py", line 787, in urlopen
    response = self._make_request(
  File "D:\Projects\miniconda3\envs\ui_test\lib\site-packages\urllib3\connectionpool.py", line 536, in _make_request
    self._raise_timeout(err=e, url=url, timeout_value=read_timeout)
  File "D:\Projects\miniconda3\envs\ui_test\lib\site-packages\urllib3\connectionpool.py", line 367, in _raise_timeout
    raise ReadTimeoutError(
urllib3.exceptions.ReadTimeoutError: HTTPConnectionPool(host='localhost', port=59537): Read timed out. (read timeout=30)

During handling of the above exception, another exception occurred:

Traceback (most recent call last):
  File "D:\Projects\miniconda3\envs\ui_test\lib\site-packages\urllib3\connectionpool.py", line 534, in _make_request
    response = conn.getresponse()
  File "D:\Projects\miniconda3\envs\ui_test\lib\site-packages\urllib3\connection.py", line 571, in getresponse
    httplib_response = super().getresponse()
  File "D:\Projects\miniconda3\envs\ui_test\lib\http\client.py", line 1395, in getresponse
    response.begin()
  File "D:\Projects\miniconda3\envs\ui_test\lib\http\client.py", line 323, in begin
    version, status, reason = self._read_status()
  File "D:\Projects\miniconda3\envs\ui_test\lib\http\client.py", line 284, in _read_status
    line = str(self.fp.readline(_MAXLINE + 1), "iso-8859-1")
  File "D:\Projects\miniconda3\envs\ui_test\lib\socket.py", line 717, in readinto
    return self._sock.recv_into(b)
TimeoutError: timed out

The above exception was the direct cause of the following exception:

Traceback (most recent call last):
  File "D:\Projects\workspace\test-practice-collection\03_ui_automation\framework\selenium_login_163music\pages\login_page.py", line 54, in debug_page_state
    state = self.driver.execute_script(
  File "D:\Projects\miniconda3\envs\ui_test\lib\site-packages\selenium\webdriver\remote\webdriver.py", line 536, in execute_script
    return self.execute(command, {"script": script, "args": converted_args})["value"]
  File "D:\Projects\miniconda3\envs\ui_test\lib\site-packages\selenium\webdriver\remote\webdriver.py", line 447, in execute
    response = cast(RemoteConnection, self.command_executor).execute(driver_command, params)
  File "D:\Projects\miniconda3\envs\ui_test\lib\site-packages\selenium\webdriver\remote\remote_connection.py", line 407, in execute
    return self._request(command_info[0], url, body=data)
  File "D:\Projects\miniconda3\envs\ui_test\lib\site-packages\selenium\webdriver\remote\remote_connection.py", line 431, in _request
    response = self._conn.request(method, url, body=body, headers=headers, timeout=self._client_config.timeout)
  File "D:\Projects\miniconda3\envs\ui_test\lib\site-packages\urllib3\_request_methods.py", line 143, in request
    return self.request_encode_body(
  File "D:\Projects\miniconda3\envs\ui_test\lib\site-packages\urllib3\_request_methods.py", line 278, in request_encode_body
    return self.urlopen(method, url, **extra_kw)
  File "D:\Projects\miniconda3\envs\ui_test\lib\site-packages\urllib3\poolmanager.py", line 457, in urlopen
    response = conn.urlopen(method, u.request_uri, **kw)
  File "D:\Projects\miniconda3\envs\ui_test\lib\site-packages\urllib3\connectionpool.py", line 841, in urlopen
    retries = retries.increment(
  File "D:\Projects\miniconda3\envs\ui_test\lib\site-packages\urllib3\util\retry.py", line 490, in increment
    raise reraise(type(error), error, _stacktrace)
  File "D:\Projects\miniconda3\envs\ui_test\lib\site-packages\urllib3\util\util.py", line 39, in reraise
    raise value
  File "D:\Projects\miniconda3\envs\ui_test\lib\site-packages\urllib3\connectionpool.py", line 787, in urlopen
    response = self._make_request(
  File "D:\Projects\miniconda3\envs\ui_test\lib\site-packages\urllib3\connectionpool.py", line 536, in _make_request
    self._raise_timeout(err=e, url=url, timeout_value=read_timeout)
  File "D:\Projects\miniconda3\envs\ui_test\lib\site-packages\urllib3\connectionpool.py", line 367, in _raise_timeout
    raise ReadTimeoutError(
urllib3.exceptions.ReadTimeoutError: HTTPConnectionPool(host='localhost', port=59537): Read timed out. (read timeout=30)
2026-05-23 16:15:26 | ERROR | ui_test.pages.login_page | 保存调试截图失败: login_exception_click_password_link
Traceback (most recent call last):
  File "D:\Projects\miniconda3\envs\ui_test\lib\site-packages\urllib3\connectionpool.py", line 534, in _make_request
    response = conn.getresponse()
  File "D:\Projects\miniconda3\envs\ui_test\lib\site-packages\urllib3\connection.py", line 571, in getresponse
    httplib_response = super().getresponse()
  File "D:\Projects\miniconda3\envs\ui_test\lib\http\client.py", line 1395, in getresponse
    response.begin()
  File "D:\Projects\miniconda3\envs\ui_test\lib\http\client.py", line 323, in begin
    version, status, reason = self._read_status()
  File "D:\Projects\miniconda3\envs\ui_test\lib\http\client.py", line 284, in _read_status
    line = str(self.fp.readline(_MAXLINE + 1), "iso-8859-1")
  File "D:\Projects\miniconda3\envs\ui_test\lib\socket.py", line 717, in readinto
    return self._sock.recv_into(b)
TimeoutError: timed out

The above exception was the direct cause of the following exception:

Traceback (most recent call last):
  File "D:\Projects\workspace\test-practice-collection\03_ui_automation\framework\selenium_login_163music\pages\login_page.py", line 256, in login
    self.click_password_link()
  File "D:\Projects\workspace\test-practice-collection\03_ui_automation\framework\selenium_login_163music\pages\login_page.py", line 202, in click_password_link
    self.js_click_raw(self.PASSWORD_LINK, step_name="click_password_link")
  File "D:\Projects\workspace\test-practice-collection\03_ui_automation\framework\selenium_login_163music\pages\login_page.py", line 142, in js_click_raw
    element = self.find_raw_element(locator)
  File "D:\Projects\workspace\test-practice-collection\03_ui_automation\framework\selenium_login_163music\pages\login_page.py", line 49, in find_raw_element
    return self.driver.find_element(*locator)
  File "D:\Projects\miniconda3\envs\ui_test\lib\site-packages\selenium\webdriver\remote\webdriver.py", line 823, in find_element
    return self.execute(Command.FIND_ELEMENT, {"using": by, "value": value})["value"]
  File "D:\Projects\miniconda3\envs\ui_test\lib\site-packages\selenium\webdriver\remote\webdriver.py", line 447, in execute
    response = cast(RemoteConnection, self.command_executor).execute(driver_command, params)
  File "D:\Projects\miniconda3\envs\ui_test\lib\site-packages\selenium\webdriver\remote\remote_connection.py", line 407, in execute
    return self._request(command_info[0], url, body=data)
  File "D:\Projects\miniconda3\envs\ui_test\lib\site-packages\selenium\webdriver\remote\remote_connection.py", line 431, in _request
    response = self._conn.request(method, url, body=body, headers=headers, timeout=self._client_config.timeout)
  File "D:\Projects\miniconda3\envs\ui_test\lib\site-packages\urllib3\_request_methods.py", line 143, in request
    return self.request_encode_body(
  File "D:\Projects\miniconda3\envs\ui_test\lib\site-packages\urllib3\_request_methods.py", line 278, in request_encode_body
    return self.urlopen(method, url, **extra_kw)
  File "D:\Projects\miniconda3\envs\ui_test\lib\site-packages\urllib3\poolmanager.py", line 457, in urlopen
    response = conn.urlopen(method, u.request_uri, **kw)
  File "D:\Projects\miniconda3\envs\ui_test\lib\site-packages\urllib3\connectionpool.py", line 841, in urlopen
    retries = retries.increment(
  File "D:\Projects\miniconda3\envs\ui_test\lib\site-packages\urllib3\util\retry.py", line 490, in increment
    raise reraise(type(error), error, _stacktrace)
  File "D:\Projects\miniconda3\envs\ui_test\lib\site-packages\urllib3\util\util.py", line 39, in reraise
    raise value
  File "D:\Projects\miniconda3\envs\ui_test\lib\site-packages\urllib3\connectionpool.py", line 787, in urlopen
    response = self._make_request(
  File "D:\Projects\miniconda3\envs\ui_test\lib\site-packages\urllib3\connectionpool.py", line 536, in _make_request
    self._raise_timeout(err=e, url=url, timeout_value=read_timeout)
  File "D:\Projects\miniconda3\envs\ui_test\lib\site-packages\urllib3\connectionpool.py", line 367, in _raise_timeout
    raise ReadTimeoutError(
urllib3.exceptions.ReadTimeoutError: HTTPConnectionPool(host='localhost', port=59537): Read timed out. (read timeout=30)

During handling of the above exception, another exception occurred:

Traceback (most recent call last):
  File "D:\Projects\miniconda3\envs\ui_test\lib\site-packages\urllib3\connectionpool.py", line 534, in _make_request
    response = conn.getresponse()
  File "D:\Projects\miniconda3\envs\ui_test\lib\site-packages\urllib3\connection.py", line 571, in getresponse
    httplib_response = super().getresponse()
  File "D:\Projects\miniconda3\envs\ui_test\lib\http\client.py", line 1395, in getresponse
    response.begin()
  File "D:\Projects\miniconda3\envs\ui_test\lib\http\client.py", line 323, in begin
    version, status, reason = self._read_status()
  File "D:\Projects\miniconda3\envs\ui_test\lib\http\client.py", line 284, in _read_status
    line = str(self.fp.readline(_MAXLINE + 1), "iso-8859-1")
  File "D:\Projects\miniconda3\envs\ui_test\lib\socket.py", line 717, in readinto
    return self._sock.recv_into(b)
TimeoutError: timed out

The above exception was the direct cause of the following exception:

Traceback (most recent call last):
  File "D:\Projects\miniconda3\envs\ui_test\lib\site-packages\urllib3\connectionpool.py", line 787, in urlopen
    response = self._make_request(
  File "D:\Projects\miniconda3\envs\ui_test\lib\site-packages\urllib3\connectionpool.py", line 536, in _make_request
    self._raise_timeout(err=e, url=url, timeout_value=read_timeout)
  File "D:\Projects\miniconda3\envs\ui_test\lib\site-packages\urllib3\connectionpool.py", line 367, in _raise_timeout
    raise ReadTimeoutError(
urllib3.exceptions.ReadTimeoutError: HTTPConnectionPool(host='localhost', port=59537): Read timed out. (read timeout=30)

The above exception was the direct cause of the following exception:

Traceback (most recent call last):
  File "D:\Projects\workspace\test-practice-collection\03_ui_automation\framework\selenium_login_163music\pages\login_page.py", line 134, in debug_page_state
    screenshot_path = self.take_screenshot(f"debug_{tag}")
  File "D:\Projects\workspace\test-practice-collection\03_ui_automation\framework\selenium_login_163music\pages\base_page.py", line 66, in take_screenshot
    screenshot_path = save_driver_screenshot(self.driver, name)
  File "D:\Projects\workspace\test-practice-collection\03_ui_automation\framework\selenium_login_163music\utils\log_helper.py", line 68, in save_driver_screenshot
    if driver.save_screenshot(str(screenshot_path)):
  File "D:\Projects\miniconda3\envs\ui_test\lib\site-packages\selenium\webdriver\remote\webdriver.py", line 903, in save_screenshot
    return self.get_screenshot_as_file(filename)
  File "D:\Projects\miniconda3\envs\ui_test\lib\site-packages\selenium\webdriver\remote\webdriver.py", line 880, in get_screenshot_as_file
    png = self.get_screenshot_as_png()
  File "D:\Projects\miniconda3\envs\ui_test\lib\site-packages\selenium\webdriver\remote\webdriver.py", line 911, in get_screenshot_as_png
    return b64decode(self.get_screenshot_as_base64().encode("ascii"))
  File "D:\Projects\miniconda3\envs\ui_test\lib\site-packages\selenium\webdriver\remote\webdriver.py", line 921, in get_screenshot_as_base64
    return self.execute(Command.SCREENSHOT)["value"]
  File "D:\Projects\miniconda3\envs\ui_test\lib\site-packages\selenium\webdriver\remote\webdriver.py", line 447, in execute
    response = cast(RemoteConnection, self.command_executor).execute(driver_command, params)
  File "D:\Projects\miniconda3\envs\ui_test\lib\site-packages\selenium\webdriver\remote\remote_connection.py", line 407, in execute
    return self._request(command_info[0], url, body=data)
  File "D:\Projects\miniconda3\envs\ui_test\lib\site-packages\selenium\webdriver\remote\remote_connection.py", line 431, in _request
    response = self._conn.request(method, url, body=body, headers=headers, timeout=self._client_config.timeout)
  File "D:\Projects\miniconda3\envs\ui_test\lib\site-packages\urllib3\_request_methods.py", line 135, in request
    return self.request_encode_url(
  File "D:\Projects\miniconda3\envs\ui_test\lib\site-packages\urllib3\_request_methods.py", line 182, in request_encode_url
    return self.urlopen(method, url, **extra_kw)
  File "D:\Projects\miniconda3\envs\ui_test\lib\site-packages\urllib3\poolmanager.py", line 457, in urlopen
    response = conn.urlopen(method, u.request_uri, **kw)
  File "D:\Projects\miniconda3\envs\ui_test\lib\site-packages\urllib3\connectionpool.py", line 871, in urlopen
    return self.urlopen(
  File "D:\Projects\miniconda3\envs\ui_test\lib\site-packages\urllib3\connectionpool.py", line 871, in urlopen
    return self.urlopen(
  File "D:\Projects\miniconda3\envs\ui_test\lib\site-packages\urllib3\connectionpool.py", line 871, in urlopen
    return self.urlopen(
  File "D:\Projects\miniconda3\envs\ui_test\lib\site-packages\urllib3\connectionpool.py", line 841, in urlopen
    retries = retries.increment(
  File "D:\Projects\miniconda3\envs\ui_test\lib\site-packages\urllib3\util\retry.py", line 535, in increment
    raise MaxRetryError(_pool, url, reason) from reason  # type: ignore[arg-type]
urllib3.exceptions.MaxRetryError: HTTPConnectionPool(host='localhost', port=59537): Max retries exceeded with url: /session/fdbc267eb3ea4de4b70fdaa95d03b492/screenshot (Caused by ReadTimeoutError("HTTPConnectionPool(host='localhost', port=59537): Read timed out. (read timeout=30)"))
2026-05-23 16:15:26 | INFO | ui_test.pages.login_page | 【ERROR】卡在步骤 click_password_link，具体错误: HTTPConnectionPool(host='localhost', port=59537): Read timed out. (read timeout=30)
2026-05-23 16:15:26 | INFO | ui_test.framework.selenium_login_163music.conftest | 用例执行结果: tests/test_163.py::test_login_failure[case4] -> failed
2026-05-23 16:15:26 | ERROR | ui_test.framework.selenium_login_163music.conftest | 用例失败阶段: call -> tests/test_163.py::test_login_failure[case4]
2026-05-23 16:15:26 | ERROR | ui_test.framework.selenium_login_163music.conftest | 失败堆栈:
D:\Projects\miniconda3\envs\ui_test\lib\site-packages\urllib3\connectionpool.py:534: in _make_request
    response = conn.getresponse()
D:\Projects\miniconda3\envs\ui_test\lib\site-packages\urllib3\connection.py:571: in getresponse
    httplib_response = super().getresponse()
D:\Projects\miniconda3\envs\ui_test\lib\http\client.py:1395: in getresponse
    response.begin()
D:\Projects\miniconda3\envs\ui_test\lib\http\client.py:323: in begin
    version, status, reason = self._read_status()
D:\Projects\miniconda3\envs\ui_test\lib\http\client.py:284: in _read_status
    line = str(self.fp.readline(_MAXLINE + 1), "iso-8859-1")
D:\Projects\miniconda3\envs\ui_test\lib\socket.py:717: in readinto
    return self._sock.recv_into(b)
E   TimeoutError: timed out

The above exception was the direct cause of the following exception:
tests\test_163.py:14: in test_login_failure
    login_page.login(case["phone"], case["password"])
pages\login_page.py:256: in login
    self.click_password_link()
pages\login_page.py:202: in click_password_link
    self.js_click_raw(self.PASSWORD_LINK, step_name="click_password_link")
pages\login_page.py:142: in js_click_raw
    element = self.find_raw_element(locator)
pages\login_page.py:49: in find_raw_element
    return self.driver.find_element(*locator)
D:\Projects\miniconda3\envs\ui_test\lib\site-packages\selenium\webdriver\remote\webdriver.py:823: in find_element
    return self.execute(Command.FIND_ELEMENT, {"using": by, "value": value})["value"]
D:\Projects\miniconda3\envs\ui_test\lib\site-packages\selenium\webdriver\remote\webdriver.py:447: in execute
    response = cast(RemoteConnection, self.command_executor).execute(driver_command, params)
D:\Projects\miniconda3\envs\ui_test\lib\site-packages\selenium\webdriver\remote\remote_connection.py:407: in execute
    return self._request(command_info[0], url, body=data)
D:\Projects\miniconda3\envs\ui_test\lib\site-packages\selenium\webdriver\remote\remote_connection.py:431: in _request
    response = self._conn.request(method, url, body=body, headers=headers, timeout=self._client_config.timeout)
D:\Projects\miniconda3\envs\ui_test\lib\site-packages\urllib3\_request_methods.py:143: in request
    return self.request_encode_body(
D:\Projects\miniconda3\envs\ui_test\lib\site-packages\urllib3\_request_methods.py:278: in request_encode_body
    return self.urlopen(method, url, **extra_kw)
D:\Projects\miniconda3\envs\ui_test\lib\site-packages\urllib3\poolmanager.py:457: in urlopen
    response = conn.urlopen(method, u.request_uri, **kw)
D:\Projects\miniconda3\envs\ui_test\lib\site-packages\urllib3\connectionpool.py:841: in urlopen
    retries = retries.increment(
D:\Projects\miniconda3\envs\ui_test\lib\site-packages\urllib3\util\retry.py:490: in increment
    raise reraise(type(error), error, _stacktrace)
D:\Projects\miniconda3\envs\ui_test\lib\site-packages\urllib3\util\util.py:39: in reraise
    raise value
D:\Projects\miniconda3\envs\ui_test\lib\site-packages\urllib3\connectionpool.py:787: in urlopen
    response = self._make_request(
D:\Projects\miniconda3\envs\ui_test\lib\site-packages\urllib3\connectionpool.py:536: in _make_request
    self._raise_timeout(err=e, url=url, timeout_value=read_timeout)
D:\Projects\miniconda3\envs\ui_test\lib\site-packages\urllib3\connectionpool.py:367: in _raise_timeout
    raise ReadTimeoutError(
E   urllib3.exceptions.ReadTimeoutError: HTTPConnectionPool(host='localhost', port=59537): Read timed out. (read timeout=30)
2026-05-23 16:15:26 | WARNING | ui_test.framework.selenium_login_163music.conftest | 检测到 driver 已失联，本次失败跳过截图
2026-05-23 16:15:26 | WARNING | ui_test.framework.selenium_login_163music.conftest | 本次跳过 driver.quit()，直接清理 EdgeDriver 进程
2026-05-23 16:15:29 | INFO | ui_test.framework.selenium_login_163music.conftest | EdgeDriver 进程已结束: 21508
2026-05-23 16:15:29 | INFO | ui_test.framework.selenium_login_163music.conftest | 已清理独立浏览器环境: D:\Projects\workspace\test-practice-collection\03_ui_automation\framework\selenium_login_163music\.runtime_profiles\profile_1779523768380
2026-05-23 16:15:29 | INFO | ui_test.framework.selenium_login_163music.conftest | 冷却 5 秒后进入下一个 case
2026-05-23 16:15:35 | INFO | ui_test.framework.selenium_login_163music.conftest | 开始执行用例: tests/test_163.py::test_login_failure[case5]
2026-05-23 16:15:35 | INFO | ui_test.framework.selenium_login_163music.conftest | 准备启动 EdgeDriver: D:\Projects\workspace\test-practice-collection\03_ui_automation\framework\selenium_login_163music\utils\edgedriver_win64\msedgedriver.exe
2026-05-23 16:15:35 | INFO | ui_test.framework.selenium_login_163music.conftest | 创建独立浏览器环境: D:\Projects\workspace\test-practice-collection\03_ui_automation\framework\selenium_login_163music\.runtime_profiles\profile_1779524135009
2026-05-23 16:15:36 | INFO | ui_test.framework.selenium_login_163music.conftest | Edge 会话已创建: c6f77554ef8c7c973328c68375e54168
2026-05-23 16:15:39 | INFO | ui_test.pages.login_page | 准备点击步骤: click_login_link, locator=('css selector', '.m-tophead.f-pr.j-tflag a')
2026-05-23 16:15:40 | INFO | ui_test.pages.login_page | 【1】success click_login_link
2026-05-23 16:15:40 | INFO | ui_test.pages.login_page | 等待页面稳定: 2 秒
2026-05-23 16:15:42 | INFO | ui_test.pages.login_page | 开始记录调试信息: after_click_login_link
2026-05-23 16:16:02 | INFO | ui_test.pages.login_page | 页面调试信息[after_click_login_link]: {"agreementLink": null, "bodyHints": {"hasAccountErrorText": false, "hasAgreementText": false, "hasOtherLoginText": true, "hasPasswordLoginText": false, "hasPasswordRequiredText": false, "hasPhoneRegisterText": false, "hasPhoneRequiredText": false, "hasSliderText": false}, "errorTip": null, "loginLink": {"className": "link s-fc3", "display": "block", "height": 17, "id": "", "opacity": "1", "tag": "A", "text": "登录", "visibility": "visible", "width": 28, "x": 1257, "y": 26}, "modalPreview": {"className": "mrc-modal-wrapper mrc-modal-wrapper-center mrc-modal-center", "display": "flex", "height": 732, "id": "", "opacity": "1", "tag": "DIV", "text": "登录 扫码登录 使用 网易云音乐APP 扫码登录 选择其他登录模式 下载客户端，VIP歌曲免费听", "visibility": "visible", "width": 1528, "x": 0, "y": 0}, "otherLink": {"className": "_3xIXD0Q6", "display": "block", "height": 30, "id": "", "opacity": "1", "tag": "A", "text": "选择其他登录模式", "visibility": "visible", "width": 120, "x": 704, "y": 463}, "passwordLink": null, "phoneLink": null, "readyState": "complete", "title": "网易云音乐", "url": "https://music.163.com/"}
2026-05-23 16:16:02 | INFO | ui_test.pages.login_page | 准备点击步骤: click_other_link, locator=('xpath', '//a[contains(text(), "选择其他登录模式")]')
2026-05-23 16:16:32 | INFO | ui_test.pages.login_page | 开始记录调试信息: click_other_link_find_failed
2026-05-23 16:17:02 | ERROR | ui_test.pages.login_page | 记录页面调试信息失败: click_other_link_find_failed
Traceback (most recent call last):
  File "D:\Projects\miniconda3\envs\ui_test\lib\site-packages\urllib3\connectionpool.py", line 534, in _make_request
    response = conn.getresponse()
  File "D:\Projects\miniconda3\envs\ui_test\lib\site-packages\urllib3\connection.py", line 571, in getresponse
    httplib_response = super().getresponse()
  File "D:\Projects\miniconda3\envs\ui_test\lib\http\client.py", line 1395, in getresponse
    response.begin()
  File "D:\Projects\miniconda3\envs\ui_test\lib\http\client.py", line 323, in begin
    version, status, reason = self._read_status()
  File "D:\Projects\miniconda3\envs\ui_test\lib\http\client.py", line 284, in _read_status
    line = str(self.fp.readline(_MAXLINE + 1), "iso-8859-1")
  File "D:\Projects\miniconda3\envs\ui_test\lib\socket.py", line 717, in readinto
    return self._sock.recv_into(b)
TimeoutError: timed out

The above exception was the direct cause of the following exception:

Traceback (most recent call last):
  File "D:\Projects\workspace\test-practice-collection\03_ui_automation\framework\selenium_login_163music\pages\login_page.py", line 154, in safe_click_raw
    element = self.find_element(locator, timeout=timeout)
  File "D:\Projects\workspace\test-practice-collection\03_ui_automation\framework\selenium_login_163music\pages\base_page.py", line 26, in find_element
    return self._build_wait(timeout).until(EC.visibility_of_element_located(locator))
  File "D:\Projects\miniconda3\envs\ui_test\lib\site-packages\selenium\webdriver\support\wait.py", line 112, in until
    value = method(self._driver)
  File "D:\Projects\miniconda3\envs\ui_test\lib\site-packages\selenium\webdriver\support\expected_conditions.py", line 184, in _predicate
    return _element_if_visible(driver.find_element(*locator))
  File "D:\Projects\miniconda3\envs\ui_test\lib\site-packages\selenium\webdriver\remote\webdriver.py", line 823, in find_element
    return self.execute(Command.FIND_ELEMENT, {"using": by, "value": value})["value"]
  File "D:\Projects\miniconda3\envs\ui_test\lib\site-packages\selenium\webdriver\remote\webdriver.py", line 447, in execute
    response = cast(RemoteConnection, self.command_executor).execute(driver_command, params)
  File "D:\Projects\miniconda3\envs\ui_test\lib\site-packages\selenium\webdriver\remote\remote_connection.py", line 407, in execute
    return self._request(command_info[0], url, body=data)
  File "D:\Projects\miniconda3\envs\ui_test\lib\site-packages\selenium\webdriver\remote\remote_connection.py", line 431, in _request
    response = self._conn.request(method, url, body=body, headers=headers, timeout=self._client_config.timeout)
  File "D:\Projects\miniconda3\envs\ui_test\lib\site-packages\urllib3\_request_methods.py", line 143, in request
    return self.request_encode_body(
  File "D:\Projects\miniconda3\envs\ui_test\lib\site-packages\urllib3\_request_methods.py", line 278, in request_encode_body
    return self.urlopen(method, url, **extra_kw)
  File "D:\Projects\miniconda3\envs\ui_test\lib\site-packages\urllib3\poolmanager.py", line 457, in urlopen
    response = conn.urlopen(method, u.request_uri, **kw)
  File "D:\Projects\miniconda3\envs\ui_test\lib\site-packages\urllib3\connectionpool.py", line 841, in urlopen
    retries = retries.increment(
  File "D:\Projects\miniconda3\envs\ui_test\lib\site-packages\urllib3\util\retry.py", line 490, in increment
    raise reraise(type(error), error, _stacktrace)
  File "D:\Projects\miniconda3\envs\ui_test\lib\site-packages\urllib3\util\util.py", line 39, in reraise
    raise value
  File "D:\Projects\miniconda3\envs\ui_test\lib\site-packages\urllib3\connectionpool.py", line 787, in urlopen
    response = self._make_request(
  File "D:\Projects\miniconda3\envs\ui_test\lib\site-packages\urllib3\connectionpool.py", line 536, in _make_request
    self._raise_timeout(err=e, url=url, timeout_value=read_timeout)
  File "D:\Projects\miniconda3\envs\ui_test\lib\site-packages\urllib3\connectionpool.py", line 367, in _raise_timeout
    raise ReadTimeoutError(
urllib3.exceptions.ReadTimeoutError: HTTPConnectionPool(host='localhost', port=59461): Read timed out. (read timeout=30)

During handling of the above exception, another exception occurred:

Traceback (most recent call last):
  File "D:\Projects\miniconda3\envs\ui_test\lib\site-packages\urllib3\connectionpool.py", line 534, in _make_request
    response = conn.getresponse()
  File "D:\Projects\miniconda3\envs\ui_test\lib\site-packages\urllib3\connection.py", line 571, in getresponse
    httplib_response = super().getresponse()
  File "D:\Projects\miniconda3\envs\ui_test\lib\http\client.py", line 1395, in getresponse
    response.begin()
  File "D:\Projects\miniconda3\envs\ui_test\lib\http\client.py", line 323, in begin
    version, status, reason = self._read_status()
  File "D:\Projects\miniconda3\envs\ui_test\lib\http\client.py", line 284, in _read_status
    line = str(self.fp.readline(_MAXLINE + 1), "iso-8859-1")
  File "D:\Projects\miniconda3\envs\ui_test\lib\socket.py", line 717, in readinto
    return self._sock.recv_into(b)
TimeoutError: timed out

The above exception was the direct cause of the following exception:

Traceback (most recent call last):
  File "D:\Projects\workspace\test-practice-collection\03_ui_automation\framework\selenium_login_163music\pages\login_page.py", line 54, in debug_page_state
    state = self.driver.execute_script(
  File "D:\Projects\miniconda3\envs\ui_test\lib\site-packages\selenium\webdriver\remote\webdriver.py", line 536, in execute_script
    return self.execute(command, {"script": script, "args": converted_args})["value"]
  File "D:\Projects\miniconda3\envs\ui_test\lib\site-packages\selenium\webdriver\remote\webdriver.py", line 447, in execute
    response = cast(RemoteConnection, self.command_executor).execute(driver_command, params)
  File "D:\Projects\miniconda3\envs\ui_test\lib\site-packages\selenium\webdriver\remote\remote_connection.py", line 407, in execute
    return self._request(command_info[0], url, body=data)
  File "D:\Projects\miniconda3\envs\ui_test\lib\site-packages\selenium\webdriver\remote\remote_connection.py", line 431, in _request
    response = self._conn.request(method, url, body=body, headers=headers, timeout=self._client_config.timeout)
  File "D:\Projects\miniconda3\envs\ui_test\lib\site-packages\urllib3\_request_methods.py", line 143, in request
    return self.request_encode_body(
  File "D:\Projects\miniconda3\envs\ui_test\lib\site-packages\urllib3\_request_methods.py", line 278, in request_encode_body
    return self.urlopen(method, url, **extra_kw)
  File "D:\Projects\miniconda3\envs\ui_test\lib\site-packages\urllib3\poolmanager.py", line 457, in urlopen
    response = conn.urlopen(method, u.request_uri, **kw)
  File "D:\Projects\miniconda3\envs\ui_test\lib\site-packages\urllib3\connectionpool.py", line 841, in urlopen
    retries = retries.increment(
  File "D:\Projects\miniconda3\envs\ui_test\lib\site-packages\urllib3\util\retry.py", line 490, in increment
    raise reraise(type(error), error, _stacktrace)
  File "D:\Projects\miniconda3\envs\ui_test\lib\site-packages\urllib3\util\util.py", line 39, in reraise
    raise value
  File "D:\Projects\miniconda3\envs\ui_test\lib\site-packages\urllib3\connectionpool.py", line 787, in urlopen
    response = self._make_request(
  File "D:\Projects\miniconda3\envs\ui_test\lib\site-packages\urllib3\connectionpool.py", line 536, in _make_request
    self._raise_timeout(err=e, url=url, timeout_value=read_timeout)
  File "D:\Projects\miniconda3\envs\ui_test\lib\site-packages\urllib3\connectionpool.py", line 367, in _raise_timeout
    raise ReadTimeoutError(
urllib3.exceptions.ReadTimeoutError: HTTPConnectionPool(host='localhost', port=59461): Read timed out. (read timeout=30)
2026-05-23 16:19:02 | ERROR | ui_test.pages.login_page | 保存调试截图失败: click_other_link_find_failed
Traceback (most recent call last):
  File "D:\Projects\miniconda3\envs\ui_test\lib\site-packages\urllib3\connectionpool.py", line 534, in _make_request
    response = conn.getresponse()
  File "D:\Projects\miniconda3\envs\ui_test\lib\site-packages\urllib3\connection.py", line 571, in getresponse
    httplib_response = super().getresponse()
  File "D:\Projects\miniconda3\envs\ui_test\lib\http\client.py", line 1395, in getresponse
    response.begin()
  File "D:\Projects\miniconda3\envs\ui_test\lib\http\client.py", line 323, in begin
    version, status, reason = self._read_status()
  File "D:\Projects\miniconda3\envs\ui_test\lib\http\client.py", line 284, in _read_status
    line = str(self.fp.readline(_MAXLINE + 1), "iso-8859-1")
  File "D:\Projects\miniconda3\envs\ui_test\lib\socket.py", line 717, in readinto
    return self._sock.recv_into(b)
TimeoutError: timed out

The above exception was the direct cause of the following exception:

Traceback (most recent call last):
  File "D:\Projects\workspace\test-practice-collection\03_ui_automation\framework\selenium_login_163music\pages\login_page.py", line 154, in safe_click_raw
    element = self.find_element(locator, timeout=timeout)
  File "D:\Projects\workspace\test-practice-collection\03_ui_automation\framework\selenium_login_163music\pages\base_page.py", line 26, in find_element
    return self._build_wait(timeout).until(EC.visibility_of_element_located(locator))
  File "D:\Projects\miniconda3\envs\ui_test\lib\site-packages\selenium\webdriver\support\wait.py", line 112, in until
    value = method(self._driver)
  File "D:\Projects\miniconda3\envs\ui_test\lib\site-packages\selenium\webdriver\support\expected_conditions.py", line 184, in _predicate
    return _element_if_visible(driver.find_element(*locator))
  File "D:\Projects\miniconda3\envs\ui_test\lib\site-packages\selenium\webdriver\remote\webdriver.py", line 823, in find_element
    return self.execute(Command.FIND_ELEMENT, {"using": by, "value": value})["value"]
  File "D:\Projects\miniconda3\envs\ui_test\lib\site-packages\selenium\webdriver\remote\webdriver.py", line 447, in execute
    response = cast(RemoteConnection, self.command_executor).execute(driver_command, params)
  File "D:\Projects\miniconda3\envs\ui_test\lib\site-packages\selenium\webdriver\remote\remote_connection.py", line 407, in execute
    return self._request(command_info[0], url, body=data)
  File "D:\Projects\miniconda3\envs\ui_test\lib\site-packages\selenium\webdriver\remote\remote_connection.py", line 431, in _request
    response = self._conn.request(method, url, body=body, headers=headers, timeout=self._client_config.timeout)
  File "D:\Projects\miniconda3\envs\ui_test\lib\site-packages\urllib3\_request_methods.py", line 143, in request
    return self.request_encode_body(
  File "D:\Projects\miniconda3\envs\ui_test\lib\site-packages\urllib3\_request_methods.py", line 278, in request_encode_body
    return self.urlopen(method, url, **extra_kw)
  File "D:\Projects\miniconda3\envs\ui_test\lib\site-packages\urllib3\poolmanager.py", line 457, in urlopen
    response = conn.urlopen(method, u.request_uri, **kw)
  File "D:\Projects\miniconda3\envs\ui_test\lib\site-packages\urllib3\connectionpool.py", line 841, in urlopen
    retries = retries.increment(
  File "D:\Projects\miniconda3\envs\ui_test\lib\site-packages\urllib3\util\retry.py", line 490, in increment
    raise reraise(type(error), error, _stacktrace)
  File "D:\Projects\miniconda3\envs\ui_test\lib\site-packages\urllib3\util\util.py", line 39, in reraise
    raise value
  File "D:\Projects\miniconda3\envs\ui_test\lib\site-packages\urllib3\connectionpool.py", line 787, in urlopen
    response = self._make_request(
  File "D:\Projects\miniconda3\envs\ui_test\lib\site-packages\urllib3\connectionpool.py", line 536, in _make_request
    self._raise_timeout(err=e, url=url, timeout_value=read_timeout)
  File "D:\Projects\miniconda3\envs\ui_test\lib\site-packages\urllib3\connectionpool.py", line 367, in _raise_timeout
    raise ReadTimeoutError(
urllib3.exceptions.ReadTimeoutError: HTTPConnectionPool(host='localhost', port=59461): Read timed out. (read timeout=30)

During handling of the above exception, another exception occurred:

Traceback (most recent call last):
  File "D:\Projects\miniconda3\envs\ui_test\lib\site-packages\urllib3\connectionpool.py", line 534, in _make_request
    response = conn.getresponse()
  File "D:\Projects\miniconda3\envs\ui_test\lib\site-packages\urllib3\connection.py", line 571, in getresponse
    httplib_response = super().getresponse()
  File "D:\Projects\miniconda3\envs\ui_test\lib\http\client.py", line 1395, in getresponse
    response.begin()
  File "D:\Projects\miniconda3\envs\ui_test\lib\http\client.py", line 323, in begin
    version, status, reason = self._read_status()
  File "D:\Projects\miniconda3\envs\ui_test\lib\http\client.py", line 284, in _read_status
    line = str(self.fp.readline(_MAXLINE + 1), "iso-8859-1")
  File "D:\Projects\miniconda3\envs\ui_test\lib\socket.py", line 717, in readinto
    return self._sock.recv_into(b)
TimeoutError: timed out

The above exception was the direct cause of the following exception:

Traceback (most recent call last):
  File "D:\Projects\miniconda3\envs\ui_test\lib\site-packages\urllib3\connectionpool.py", line 787, in urlopen
    response = self._make_request(
  File "D:\Projects\miniconda3\envs\ui_test\lib\site-packages\urllib3\connectionpool.py", line 536, in _make_request
    self._raise_timeout(err=e, url=url, timeout_value=read_timeout)
  File "D:\Projects\miniconda3\envs\ui_test\lib\site-packages\urllib3\connectionpool.py", line 367, in _raise_timeout
    raise ReadTimeoutError(
urllib3.exceptions.ReadTimeoutError: HTTPConnectionPool(host='localhost', port=59461): Read timed out. (read timeout=30)

The above exception was the direct cause of the following exception:

Traceback (most recent call last):
  File "D:\Projects\workspace\test-practice-collection\03_ui_automation\framework\selenium_login_163music\pages\login_page.py", line 134, in debug_page_state
    screenshot_path = self.take_screenshot(f"debug_{tag}")
  File "D:\Projects\workspace\test-practice-collection\03_ui_automation\framework\selenium_login_163music\pages\base_page.py", line 66, in take_screenshot
    screenshot_path = save_driver_screenshot(self.driver, name)
  File "D:\Projects\workspace\test-practice-collection\03_ui_automation\framework\selenium_login_163music\utils\log_helper.py", line 68, in save_driver_screenshot
    if driver.save_screenshot(str(screenshot_path)):
  File "D:\Projects\miniconda3\envs\ui_test\lib\site-packages\selenium\webdriver\remote\webdriver.py", line 903, in save_screenshot
    return self.get_screenshot_as_file(filename)
  File "D:\Projects\miniconda3\envs\ui_test\lib\site-packages\selenium\webdriver\remote\webdriver.py", line 880, in get_screenshot_as_file
    png = self.get_screenshot_as_png()
  File "D:\Projects\miniconda3\envs\ui_test\lib\site-packages\selenium\webdriver\remote\webdriver.py", line 911, in get_screenshot_as_png
    return b64decode(self.get_screenshot_as_base64().encode("ascii"))
  File "D:\Projects\miniconda3\envs\ui_test\lib\site-packages\selenium\webdriver\remote\webdriver.py", line 921, in get_screenshot_as_base64
    return self.execute(Command.SCREENSHOT)["value"]
  File "D:\Projects\miniconda3\envs\ui_test\lib\site-packages\selenium\webdriver\remote\webdriver.py", line 447, in execute
    response = cast(RemoteConnection, self.command_executor).execute(driver_command, params)
  File "D:\Projects\miniconda3\envs\ui_test\lib\site-packages\selenium\webdriver\remote\remote_connection.py", line 407, in execute
    return self._request(command_info[0], url, body=data)
  File "D:\Projects\miniconda3\envs\ui_test\lib\site-packages\selenium\webdriver\remote\remote_connection.py", line 431, in _request
    response = self._conn.request(method, url, body=body, headers=headers, timeout=self._client_config.timeout)
  File "D:\Projects\miniconda3\envs\ui_test\lib\site-packages\urllib3\_request_methods.py", line 135, in request
    return self.request_encode_url(
  File "D:\Projects\miniconda3\envs\ui_test\lib\site-packages\urllib3\_request_methods.py", line 182, in request_encode_url
    return self.urlopen(method, url, **extra_kw)
  File "D:\Projects\miniconda3\envs\ui_test\lib\site-packages\urllib3\poolmanager.py", line 457, in urlopen
    response = conn.urlopen(method, u.request_uri, **kw)
  File "D:\Projects\miniconda3\envs\ui_test\lib\site-packages\urllib3\connectionpool.py", line 871, in urlopen
    return self.urlopen(
  File "D:\Projects\miniconda3\envs\ui_test\lib\site-packages\urllib3\connectionpool.py", line 871, in urlopen
    return self.urlopen(
  File "D:\Projects\miniconda3\envs\ui_test\lib\site-packages\urllib3\connectionpool.py", line 871, in urlopen
    return self.urlopen(
  File "D:\Projects\miniconda3\envs\ui_test\lib\site-packages\urllib3\connectionpool.py", line 841, in urlopen
    retries = retries.increment(
  File "D:\Projects\miniconda3\envs\ui_test\lib\site-packages\urllib3\util\retry.py", line 535, in increment
    raise MaxRetryError(_pool, url, reason) from reason  # type: ignore[arg-type]
urllib3.exceptions.MaxRetryError: HTTPConnectionPool(host='localhost', port=59461): Max retries exceeded with url: /session/c6f77554ef8c7c973328c68375e54168/screenshot (Caused by ReadTimeoutError("HTTPConnectionPool(host='localhost', port=59461): Read timed out. (read timeout=30)"))
2026-05-23 16:19:02 | ERROR | ui_test.pages.login_page | 登录流程执行失败，失败步骤: click_other_link
Traceback (most recent call last):
  File "D:\Projects\miniconda3\envs\ui_test\lib\site-packages\urllib3\connectionpool.py", line 534, in _make_request
    response = conn.getresponse()
  File "D:\Projects\miniconda3\envs\ui_test\lib\site-packages\urllib3\connection.py", line 571, in getresponse
    httplib_response = super().getresponse()
  File "D:\Projects\miniconda3\envs\ui_test\lib\http\client.py", line 1395, in getresponse
    response.begin()
  File "D:\Projects\miniconda3\envs\ui_test\lib\http\client.py", line 323, in begin
    version, status, reason = self._read_status()
  File "D:\Projects\miniconda3\envs\ui_test\lib\http\client.py", line 284, in _read_status
    line = str(self.fp.readline(_MAXLINE + 1), "iso-8859-1")
  File "D:\Projects\miniconda3\envs\ui_test\lib\socket.py", line 717, in readinto
    return self._sock.recv_into(b)
TimeoutError: timed out

The above exception was the direct cause of the following exception:

Traceback (most recent call last):
  File "D:\Projects\workspace\test-practice-collection\03_ui_automation\framework\selenium_login_163music\pages\login_page.py", line 239, in login
    self.click_other_link()
  File "D:\Projects\workspace\test-practice-collection\03_ui_automation\framework\selenium_login_163music\pages\login_page.py", line 193, in click_other_link
    self.safe_click_raw(self.OTHER_LINK, step_name="click_other_link")
  File "D:\Projects\workspace\test-practice-collection\03_ui_automation\framework\selenium_login_163music\pages\login_page.py", line 154, in safe_click_raw
    element = self.find_element(locator, timeout=timeout)
  File "D:\Projects\workspace\test-practice-collection\03_ui_automation\framework\selenium_login_163music\pages\base_page.py", line 26, in find_element
    return self._build_wait(timeout).until(EC.visibility_of_element_located(locator))
  File "D:\Projects\miniconda3\envs\ui_test\lib\site-packages\selenium\webdriver\support\wait.py", line 112, in until
    value = method(self._driver)
  File "D:\Projects\miniconda3\envs\ui_test\lib\site-packages\selenium\webdriver\support\expected_conditions.py", line 184, in _predicate
    return _element_if_visible(driver.find_element(*locator))
  File "D:\Projects\miniconda3\envs\ui_test\lib\site-packages\selenium\webdriver\remote\webdriver.py", line 823, in find_element
    return self.execute(Command.FIND_ELEMENT, {"using": by, "value": value})["value"]
  File "D:\Projects\miniconda3\envs\ui_test\lib\site-packages\selenium\webdriver\remote\webdriver.py", line 447, in execute
    response = cast(RemoteConnection, self.command_executor).execute(driver_command, params)
  File "D:\Projects\miniconda3\envs\ui_test\lib\site-packages\selenium\webdriver\remote\remote_connection.py", line 407, in execute
    return self._request(command_info[0], url, body=data)
  File "D:\Projects\miniconda3\envs\ui_test\lib\site-packages\selenium\webdriver\remote\remote_connection.py", line 431, in _request
    response = self._conn.request(method, url, body=body, headers=headers, timeout=self._client_config.timeout)
  File "D:\Projects\miniconda3\envs\ui_test\lib\site-packages\urllib3\_request_methods.py", line 143, in request
    return self.request_encode_body(
  File "D:\Projects\miniconda3\envs\ui_test\lib\site-packages\urllib3\_request_methods.py", line 278, in request_encode_body
    return self.urlopen(method, url, **extra_kw)
  File "D:\Projects\miniconda3\envs\ui_test\lib\site-packages\urllib3\poolmanager.py", line 457, in urlopen
    response = conn.urlopen(method, u.request_uri, **kw)
  File "D:\Projects\miniconda3\envs\ui_test\lib\site-packages\urllib3\connectionpool.py", line 841, in urlopen
    retries = retries.increment(
  File "D:\Projects\miniconda3\envs\ui_test\lib\site-packages\urllib3\util\retry.py", line 490, in increment
    raise reraise(type(error), error, _stacktrace)
  File "D:\Projects\miniconda3\envs\ui_test\lib\site-packages\urllib3\util\util.py", line 39, in reraise
    raise value
  File "D:\Projects\miniconda3\envs\ui_test\lib\site-packages\urllib3\connectionpool.py", line 787, in urlopen
    response = self._make_request(
  File "D:\Projects\miniconda3\envs\ui_test\lib\site-packages\urllib3\connectionpool.py", line 536, in _make_request
    self._raise_timeout(err=e, url=url, timeout_value=read_timeout)
  File "D:\Projects\miniconda3\envs\ui_test\lib\site-packages\urllib3\connectionpool.py", line 367, in _raise_timeout
    raise ReadTimeoutError(
urllib3.exceptions.ReadTimeoutError: HTTPConnectionPool(host='localhost', port=59461): Read timed out. (read timeout=30)
2026-05-23 16:19:02 | INFO | ui_test.pages.login_page | 开始记录调试信息: login_exception_click_other_link
2026-05-23 16:19:32 | ERROR | ui_test.pages.login_page | 记录页面调试信息失败: login_exception_click_other_link
Traceback (most recent call last):
  File "D:\Projects\miniconda3\envs\ui_test\lib\site-packages\urllib3\connectionpool.py", line 534, in _make_request
    response = conn.getresponse()
  File "D:\Projects\miniconda3\envs\ui_test\lib\site-packages\urllib3\connection.py", line 571, in getresponse
    httplib_response = super().getresponse()
  File "D:\Projects\miniconda3\envs\ui_test\lib\http\client.py", line 1395, in getresponse
    response.begin()
  File "D:\Projects\miniconda3\envs\ui_test\lib\http\client.py", line 323, in begin
    version, status, reason = self._read_status()
  File "D:\Projects\miniconda3\envs\ui_test\lib\http\client.py", line 284, in _read_status
    line = str(self.fp.readline(_MAXLINE + 1), "iso-8859-1")
  File "D:\Projects\miniconda3\envs\ui_test\lib\socket.py", line 717, in readinto
    return self._sock.recv_into(b)
TimeoutError: timed out

The above exception was the direct cause of the following exception:

Traceback (most recent call last):
  File "D:\Projects\workspace\test-practice-collection\03_ui_automation\framework\selenium_login_163music\pages\login_page.py", line 239, in login
    self.click_other_link()
  File "D:\Projects\workspace\test-practice-collection\03_ui_automation\framework\selenium_login_163music\pages\login_page.py", line 193, in click_other_link
    self.safe_click_raw(self.OTHER_LINK, step_name="click_other_link")
  File "D:\Projects\workspace\test-practice-collection\03_ui_automation\framework\selenium_login_163music\pages\login_page.py", line 154, in safe_click_raw
    element = self.find_element(locator, timeout=timeout)
  File "D:\Projects\workspace\test-practice-collection\03_ui_automation\framework\selenium_login_163music\pages\base_page.py", line 26, in find_element
    return self._build_wait(timeout).until(EC.visibility_of_element_located(locator))
  File "D:\Projects\miniconda3\envs\ui_test\lib\site-packages\selenium\webdriver\support\wait.py", line 112, in until
    value = method(self._driver)
  File "D:\Projects\miniconda3\envs\ui_test\lib\site-packages\selenium\webdriver\support\expected_conditions.py", line 184, in _predicate
    return _element_if_visible(driver.find_element(*locator))
  File "D:\Projects\miniconda3\envs\ui_test\lib\site-packages\selenium\webdriver\remote\webdriver.py", line 823, in find_element
    return self.execute(Command.FIND_ELEMENT, {"using": by, "value": value})["value"]
  File "D:\Projects\miniconda3\envs\ui_test\lib\site-packages\selenium\webdriver\remote\webdriver.py", line 447, in execute
    response = cast(RemoteConnection, self.command_executor).execute(driver_command, params)
  File "D:\Projects\miniconda3\envs\ui_test\lib\site-packages\selenium\webdriver\remote\remote_connection.py", line 407, in execute
    return self._request(command_info[0], url, body=data)
  File "D:\Projects\miniconda3\envs\ui_test\lib\site-packages\selenium\webdriver\remote\remote_connection.py", line 431, in _request
    response = self._conn.request(method, url, body=body, headers=headers, timeout=self._client_config.timeout)
  File "D:\Projects\miniconda3\envs\ui_test\lib\site-packages\urllib3\_request_methods.py", line 143, in request
    return self.request_encode_body(
  File "D:\Projects\miniconda3\envs\ui_test\lib\site-packages\urllib3\_request_methods.py", line 278, in request_encode_body
    return self.urlopen(method, url, **extra_kw)
  File "D:\Projects\miniconda3\envs\ui_test\lib\site-packages\urllib3\poolmanager.py", line 457, in urlopen
    response = conn.urlopen(method, u.request_uri, **kw)
  File "D:\Projects\miniconda3\envs\ui_test\lib\site-packages\urllib3\connectionpool.py", line 841, in urlopen
    retries = retries.increment(
  File "D:\Projects\miniconda3\envs\ui_test\lib\site-packages\urllib3\util\retry.py", line 490, in increment
    raise reraise(type(error), error, _stacktrace)
  File "D:\Projects\miniconda3\envs\ui_test\lib\site-packages\urllib3\util\util.py", line 39, in reraise
    raise value
  File "D:\Projects\miniconda3\envs\ui_test\lib\site-packages\urllib3\connectionpool.py", line 787, in urlopen
    response = self._make_request(
  File "D:\Projects\miniconda3\envs\ui_test\lib\site-packages\urllib3\connectionpool.py", line 536, in _make_request
    self._raise_timeout(err=e, url=url, timeout_value=read_timeout)
  File "D:\Projects\miniconda3\envs\ui_test\lib\site-packages\urllib3\connectionpool.py", line 367, in _raise_timeout
    raise ReadTimeoutError(
urllib3.exceptions.ReadTimeoutError: HTTPConnectionPool(host='localhost', port=59461): Read timed out. (read timeout=30)

During handling of the above exception, another exception occurred:

Traceback (most recent call last):
  File "D:\Projects\miniconda3\envs\ui_test\lib\site-packages\urllib3\connectionpool.py", line 534, in _make_request
    response = conn.getresponse()
  File "D:\Projects\miniconda3\envs\ui_test\lib\site-packages\urllib3\connection.py", line 571, in getresponse
    httplib_response = super().getresponse()
  File "D:\Projects\miniconda3\envs\ui_test\lib\http\client.py", line 1395, in getresponse
    response.begin()
  File "D:\Projects\miniconda3\envs\ui_test\lib\http\client.py", line 323, in begin
    version, status, reason = self._read_status()
  File "D:\Projects\miniconda3\envs\ui_test\lib\http\client.py", line 284, in _read_status
    line = str(self.fp.readline(_MAXLINE + 1), "iso-8859-1")
  File "D:\Projects\miniconda3\envs\ui_test\lib\socket.py", line 717, in readinto
    return self._sock.recv_into(b)
TimeoutError: timed out

The above exception was the direct cause of the following exception:

Traceback (most recent call last):
  File "D:\Projects\workspace\test-practice-collection\03_ui_automation\framework\selenium_login_163music\pages\login_page.py", line 54, in debug_page_state
    state = self.driver.execute_script(
  File "D:\Projects\miniconda3\envs\ui_test\lib\site-packages\selenium\webdriver\remote\webdriver.py", line 536, in execute_script
    return self.execute(command, {"script": script, "args": converted_args})["value"]
  File "D:\Projects\miniconda3\envs\ui_test\lib\site-packages\selenium\webdriver\remote\webdriver.py", line 447, in execute
    response = cast(RemoteConnection, self.command_executor).execute(driver_command, params)
  File "D:\Projects\miniconda3\envs\ui_test\lib\site-packages\selenium\webdriver\remote\remote_connection.py", line 407, in execute
    return self._request(command_info[0], url, body=data)
  File "D:\Projects\miniconda3\envs\ui_test\lib\site-packages\selenium\webdriver\remote\remote_connection.py", line 431, in _request
    response = self._conn.request(method, url, body=body, headers=headers, timeout=self._client_config.timeout)
  File "D:\Projects\miniconda3\envs\ui_test\lib\site-packages\urllib3\_request_methods.py", line 143, in request
    return self.request_encode_body(
  File "D:\Projects\miniconda3\envs\ui_test\lib\site-packages\urllib3\_request_methods.py", line 278, in request_encode_body
    return self.urlopen(method, url, **extra_kw)
  File "D:\Projects\miniconda3\envs\ui_test\lib\site-packages\urllib3\poolmanager.py", line 457, in urlopen
    response = conn.urlopen(method, u.request_uri, **kw)
  File "D:\Projects\miniconda3\envs\ui_test\lib\site-packages\urllib3\connectionpool.py", line 841, in urlopen
    retries = retries.increment(
  File "D:\Projects\miniconda3\envs\ui_test\lib\site-packages\urllib3\util\retry.py", line 490, in increment
    raise reraise(type(error), error, _stacktrace)
  File "D:\Projects\miniconda3\envs\ui_test\lib\site-packages\urllib3\util\util.py", line 39, in reraise
    raise value
  File "D:\Projects\miniconda3\envs\ui_test\lib\site-packages\urllib3\connectionpool.py", line 787, in urlopen
    response = self._make_request(
  File "D:\Projects\miniconda3\envs\ui_test\lib\site-packages\urllib3\connectionpool.py", line 536, in _make_request
    self._raise_timeout(err=e, url=url, timeout_value=read_timeout)
  File "D:\Projects\miniconda3\envs\ui_test\lib\site-packages\urllib3\connectionpool.py", line 367, in _raise_timeout
    raise ReadTimeoutError(
urllib3.exceptions.ReadTimeoutError: HTTPConnectionPool(host='localhost', port=59461): Read timed out. (read timeout=30)
2026-05-23 16:21:32 | ERROR | ui_test.pages.login_page | 保存调试截图失败: login_exception_click_other_link
Traceback (most recent call last):
  File "D:\Projects\miniconda3\envs\ui_test\lib\site-packages\urllib3\connectionpool.py", line 534, in _make_request
    response = conn.getresponse()
  File "D:\Projects\miniconda3\envs\ui_test\lib\site-packages\urllib3\connection.py", line 571, in getresponse
    httplib_response = super().getresponse()
  File "D:\Projects\miniconda3\envs\ui_test\lib\http\client.py", line 1395, in getresponse
    response.begin()
  File "D:\Projects\miniconda3\envs\ui_test\lib\http\client.py", line 323, in begin
    version, status, reason = self._read_status()
  File "D:\Projects\miniconda3\envs\ui_test\lib\http\client.py", line 284, in _read_status
    line = str(self.fp.readline(_MAXLINE + 1), "iso-8859-1")
  File "D:\Projects\miniconda3\envs\ui_test\lib\socket.py", line 717, in readinto
    return self._sock.recv_into(b)
TimeoutError: timed out

The above exception was the direct cause of the following exception:

Traceback (most recent call last):
  File "D:\Projects\workspace\test-practice-collection\03_ui_automation\framework\selenium_login_163music\pages\login_page.py", line 239, in login
    self.click_other_link()
  File "D:\Projects\workspace\test-practice-collection\03_ui_automation\framework\selenium_login_163music\pages\login_page.py", line 193, in click_other_link
    self.safe_click_raw(self.OTHER_LINK, step_name="click_other_link")
  File "D:\Projects\workspace\test-practice-collection\03_ui_automation\framework\selenium_login_163music\pages\login_page.py", line 154, in safe_click_raw
    element = self.find_element(locator, timeout=timeout)
  File "D:\Projects\workspace\test-practice-collection\03_ui_automation\framework\selenium_login_163music\pages\base_page.py", line 26, in find_element
    return self._build_wait(timeout).until(EC.visibility_of_element_located(locator))
  File "D:\Projects\miniconda3\envs\ui_test\lib\site-packages\selenium\webdriver\support\wait.py", line 112, in until
    value = method(self._driver)
  File "D:\Projects\miniconda3\envs\ui_test\lib\site-packages\selenium\webdriver\support\expected_conditions.py", line 184, in _predicate
    return _element_if_visible(driver.find_element(*locator))
  File "D:\Projects\miniconda3\envs\ui_test\lib\site-packages\selenium\webdriver\remote\webdriver.py", line 823, in find_element
    return self.execute(Command.FIND_ELEMENT, {"using": by, "value": value})["value"]
  File "D:\Projects\miniconda3\envs\ui_test\lib\site-packages\selenium\webdriver\remote\webdriver.py", line 447, in execute
    response = cast(RemoteConnection, self.command_executor).execute(driver_command, params)
  File "D:\Projects\miniconda3\envs\ui_test\lib\site-packages\selenium\webdriver\remote\remote_connection.py", line 407, in execute
    return self._request(command_info[0], url, body=data)
  File "D:\Projects\miniconda3\envs\ui_test\lib\site-packages\selenium\webdriver\remote\remote_connection.py", line 431, in _request
    response = self._conn.request(method, url, body=body, headers=headers, timeout=self._client_config.timeout)
  File "D:\Projects\miniconda3\envs\ui_test\lib\site-packages\urllib3\_request_methods.py", line 143, in request
    return self.request_encode_body(
  File "D:\Projects\miniconda3\envs\ui_test\lib\site-packages\urllib3\_request_methods.py", line 278, in request_encode_body
    return self.urlopen(method, url, **extra_kw)
  File "D:\Projects\miniconda3\envs\ui_test\lib\site-packages\urllib3\poolmanager.py", line 457, in urlopen
    response = conn.urlopen(method, u.request_uri, **kw)
  File "D:\Projects\miniconda3\envs\ui_test\lib\site-packages\urllib3\connectionpool.py", line 841, in urlopen
    retries = retries.increment(
  File "D:\Projects\miniconda3\envs\ui_test\lib\site-packages\urllib3\util\retry.py", line 490, in increment
    raise reraise(type(error), error, _stacktrace)
  File "D:\Projects\miniconda3\envs\ui_test\lib\site-packages\urllib3\util\util.py", line 39, in reraise
    raise value
  File "D:\Projects\miniconda3\envs\ui_test\lib\site-packages\urllib3\connectionpool.py", line 787, in urlopen
    response = self._make_request(
  File "D:\Projects\miniconda3\envs\ui_test\lib\site-packages\urllib3\connectionpool.py", line 536, in _make_request
    self._raise_timeout(err=e, url=url, timeout_value=read_timeout)
  File "D:\Projects\miniconda3\envs\ui_test\lib\site-packages\urllib3\connectionpool.py", line 367, in _raise_timeout
    raise ReadTimeoutError(
urllib3.exceptions.ReadTimeoutError: HTTPConnectionPool(host='localhost', port=59461): Read timed out. (read timeout=30)

During handling of the above exception, another exception occurred:

Traceback (most recent call last):
  File "D:\Projects\miniconda3\envs\ui_test\lib\site-packages\urllib3\connectionpool.py", line 534, in _make_request
    response = conn.getresponse()
  File "D:\Projects\miniconda3\envs\ui_test\lib\site-packages\urllib3\connection.py", line 571, in getresponse
    httplib_response = super().getresponse()
  File "D:\Projects\miniconda3\envs\ui_test\lib\http\client.py", line 1395, in getresponse
    response.begin()
  File "D:\Projects\miniconda3\envs\ui_test\lib\http\client.py", line 323, in begin
    version, status, reason = self._read_status()
  File "D:\Projects\miniconda3\envs\ui_test\lib\http\client.py", line 284, in _read_status
    line = str(self.fp.readline(_MAXLINE + 1), "iso-8859-1")
  File "D:\Projects\miniconda3\envs\ui_test\lib\socket.py", line 717, in readinto
    return self._sock.recv_into(b)
TimeoutError: timed out

The above exception was the direct cause of the following exception:

Traceback (most recent call last):
  File "D:\Projects\miniconda3\envs\ui_test\lib\site-packages\urllib3\connectionpool.py", line 787, in urlopen
    response = self._make_request(
  File "D:\Projects\miniconda3\envs\ui_test\lib\site-packages\urllib3\connectionpool.py", line 536, in _make_request
    self._raise_timeout(err=e, url=url, timeout_value=read_timeout)
  File "D:\Projects\miniconda3\envs\ui_test\lib\site-packages\urllib3\connectionpool.py", line 367, in _raise_timeout
    raise ReadTimeoutError(
urllib3.exceptions.ReadTimeoutError: HTTPConnectionPool(host='localhost', port=59461): Read timed out. (read timeout=30)

The above exception was the direct cause of the following exception:

Traceback (most recent call last):
  File "D:\Projects\workspace\test-practice-collection\03_ui_automation\framework\selenium_login_163music\pages\login_page.py", line 134, in debug_page_state
    screenshot_path = self.take_screenshot(f"debug_{tag}")
  File "D:\Projects\workspace\test-practice-collection\03_ui_automation\framework\selenium_login_163music\pages\base_page.py", line 66, in take_screenshot
    screenshot_path = save_driver_screenshot(self.driver, name)
  File "D:\Projects\workspace\test-practice-collection\03_ui_automation\framework\selenium_login_163music\utils\log_helper.py", line 68, in save_driver_screenshot
    if driver.save_screenshot(str(screenshot_path)):
  File "D:\Projects\miniconda3\envs\ui_test\lib\site-packages\selenium\webdriver\remote\webdriver.py", line 903, in save_screenshot
    return self.get_screenshot_as_file(filename)
  File "D:\Projects\miniconda3\envs\ui_test\lib\site-packages\selenium\webdriver\remote\webdriver.py", line 880, in get_screenshot_as_file
    png = self.get_screenshot_as_png()
  File "D:\Projects\miniconda3\envs\ui_test\lib\site-packages\selenium\webdriver\remote\webdriver.py", line 911, in get_screenshot_as_png
    return b64decode(self.get_screenshot_as_base64().encode("ascii"))
  File "D:\Projects\miniconda3\envs\ui_test\lib\site-packages\selenium\webdriver\remote\webdriver.py", line 921, in get_screenshot_as_base64
    return self.execute(Command.SCREENSHOT)["value"]
  File "D:\Projects\miniconda3\envs\ui_test\lib\site-packages\selenium\webdriver\remote\webdriver.py", line 447, in execute
    response = cast(RemoteConnection, self.command_executor).execute(driver_command, params)
  File "D:\Projects\miniconda3\envs\ui_test\lib\site-packages\selenium\webdriver\remote\remote_connection.py", line 407, in execute
    return self._request(command_info[0], url, body=data)
  File "D:\Projects\miniconda3\envs\ui_test\lib\site-packages\selenium\webdriver\remote\remote_connection.py", line 431, in _request
    response = self._conn.request(method, url, body=body, headers=headers, timeout=self._client_config.timeout)
  File "D:\Projects\miniconda3\envs\ui_test\lib\site-packages\urllib3\_request_methods.py", line 135, in request
    return self.request_encode_url(
  File "D:\Projects\miniconda3\envs\ui_test\lib\site-packages\urllib3\_request_methods.py", line 182, in request_encode_url
    return self.urlopen(method, url, **extra_kw)
  File "D:\Projects\miniconda3\envs\ui_test\lib\site-packages\urllib3\poolmanager.py", line 457, in urlopen
    response = conn.urlopen(method, u.request_uri, **kw)
  File "D:\Projects\miniconda3\envs\ui_test\lib\site-packages\urllib3\connectionpool.py", line 871, in urlopen
    return self.urlopen(
  File "D:\Projects\miniconda3\envs\ui_test\lib\site-packages\urllib3\connectionpool.py", line 871, in urlopen
    return self.urlopen(
  File "D:\Projects\miniconda3\envs\ui_test\lib\site-packages\urllib3\connectionpool.py", line 871, in urlopen
    return self.urlopen(
  File "D:\Projects\miniconda3\envs\ui_test\lib\site-packages\urllib3\connectionpool.py", line 841, in urlopen
    retries = retries.increment(
  File "D:\Projects\miniconda3\envs\ui_test\lib\site-packages\urllib3\util\retry.py", line 535, in increment
    raise MaxRetryError(_pool, url, reason) from reason  # type: ignore[arg-type]
urllib3.exceptions.MaxRetryError: HTTPConnectionPool(host='localhost', port=59461): Max retries exceeded with url: /session/c6f77554ef8c7c973328c68375e54168/screenshot (Caused by ReadTimeoutError("HTTPConnectionPool(host='localhost', port=59461): Read timed out. (read timeout=30)"))
2026-05-23 16:21:32 | INFO | ui_test.pages.login_page | 【ERROR】卡在步骤 click_other_link，具体错误: HTTPConnectionPool(host='localhost', port=59461): Read timed out. (read timeout=30)
2026-05-23 16:21:32 | INFO | ui_test.framework.selenium_login_163music.conftest | 用例执行结果: tests/test_163.py::test_login_failure[case5] -> failed
2026-05-23 16:21:32 | ERROR | ui_test.framework.selenium_login_163music.conftest | 用例失败阶段: call -> tests/test_163.py::test_login_failure[case5]
2026-05-23 16:21:32 | ERROR | ui_test.framework.selenium_login_163music.conftest | 失败堆栈:
D:\Projects\miniconda3\envs\ui_test\lib\site-packages\urllib3\connectionpool.py:534: in _make_request
    response = conn.getresponse()
D:\Projects\miniconda3\envs\ui_test\lib\site-packages\urllib3\connection.py:571: in getresponse
    httplib_response = super().getresponse()
D:\Projects\miniconda3\envs\ui_test\lib\http\client.py:1395: in getresponse
    response.begin()
D:\Projects\miniconda3\envs\ui_test\lib\http\client.py:323: in begin
    version, status, reason = self._read_status()
D:\Projects\miniconda3\envs\ui_test\lib\http\client.py:284: in _read_status
    line = str(self.fp.readline(_MAXLINE + 1), "iso-8859-1")
D:\Projects\miniconda3\envs\ui_test\lib\socket.py:717: in readinto
    return self._sock.recv_into(b)
E   TimeoutError: timed out

The above exception was the direct cause of the following exception:
tests\test_163.py:14: in test_login_failure
    login_page.login(case["phone"], case["password"])
pages\login_page.py:239: in login
    self.click_other_link()
pages\login_page.py:193: in click_other_link
    self.safe_click_raw(self.OTHER_LINK, step_name="click_other_link")
pages\login_page.py:154: in safe_click_raw
    element = self.find_element(locator, timeout=timeout)
pages\base_page.py:26: in find_element
    return self._build_wait(timeout).until(EC.visibility_of_element_located(locator))
D:\Projects\miniconda3\envs\ui_test\lib\site-packages\selenium\webdriver\support\wait.py:112: in until
    value = method(self._driver)
D:\Projects\miniconda3\envs\ui_test\lib\site-packages\selenium\webdriver\support\expected_conditions.py:184: in _predicate
    return _element_if_visible(driver.find_element(*locator))
D:\Projects\miniconda3\envs\ui_test\lib\site-packages\selenium\webdriver\remote\webdriver.py:823: in find_element
    return self.execute(Command.FIND_ELEMENT, {"using": by, "value": value})["value"]
D:\Projects\miniconda3\envs\ui_test\lib\site-packages\selenium\webdriver\remote\webdriver.py:447: in execute
    response = cast(RemoteConnection, self.command_executor).execute(driver_command, params)
D:\Projects\miniconda3\envs\ui_test\lib\site-packages\selenium\webdriver\remote\remote_connection.py:407: in execute
    return self._request(command_info[0], url, body=data)
D:\Projects\miniconda3\envs\ui_test\lib\site-packages\selenium\webdriver\remote\remote_connection.py:431: in _request
    response = self._conn.request(method, url, body=body, headers=headers, timeout=self._client_config.timeout)
D:\Projects\miniconda3\envs\ui_test\lib\site-packages\urllib3\_request_methods.py:143: in request
    return self.request_encode_body(
D:\Projects\miniconda3\envs\ui_test\lib\site-packages\urllib3\_request_methods.py:278: in request_encode_body
    return self.urlopen(method, url, **extra_kw)
D:\Projects\miniconda3\envs\ui_test\lib\site-packages\urllib3\poolmanager.py:457: in urlopen
    response = conn.urlopen(method, u.request_uri, **kw)
D:\Projects\miniconda3\envs\ui_test\lib\site-packages\urllib3\connectionpool.py:841: in urlopen
    retries = retries.increment(
D:\Projects\miniconda3\envs\ui_test\lib\site-packages\urllib3\util\retry.py:490: in increment
    raise reraise(type(error), error, _stacktrace)
D:\Projects\miniconda3\envs\ui_test\lib\site-packages\urllib3\util\util.py:39: in reraise
    raise value
D:\Projects\miniconda3\envs\ui_test\lib\site-packages\urllib3\connectionpool.py:787: in urlopen
    response = self._make_request(
D:\Projects\miniconda3\envs\ui_test\lib\site-packages\urllib3\connectionpool.py:536: in _make_request
    self._raise_timeout(err=e, url=url, timeout_value=read_timeout)
D:\Projects\miniconda3\envs\ui_test\lib\site-packages\urllib3\connectionpool.py:367: in _raise_timeout
    raise ReadTimeoutError(
E   urllib3.exceptions.ReadTimeoutError: HTTPConnectionPool(host='localhost', port=59461): Read timed out. (read timeout=30)
2026-05-23 16:21:32 | WARNING | ui_test.framework.selenium_login_163music.conftest | 检测到 driver 已失联，本次失败跳过截图
2026-05-23 16:21:32 | WARNING | ui_test.framework.selenium_login_163music.conftest | 本次跳过 driver.quit()，直接清理 EdgeDriver 进程
2026-05-23 16:21:36 | INFO | ui_test.framework.selenium_login_163music.conftest | EdgeDriver 进程已结束: 24488
2026-05-23 16:21:36 | INFO | ui_test.framework.selenium_login_163music.conftest | 已清理独立浏览器环境: D:\Projects\workspace\test-practice-collection\03_ui_automation\framework\selenium_login_163music\.runtime_profiles\profile_1779524135009
2026-05-23 16:21:36 | INFO | ui_test.framework.selenium_login_163music.conftest | 冷却 5 秒后进入下一个 case
2026-05-23 16:21:41 | INFO | ui_test.framework.selenium_login_163music.conftest | pytest 结束，exitstatus=ExitCode.TESTS_FAILED
